{
"type": "FeatureCollection",
"name": "engwal2",
"crs": { "type": "name", "properties": { "name": "urn:ogc:def:crs:EPSG::27700" } },
"features": [
{ "type": "Feature", "properties": { "fid": 1, "country": "E", "shapeName": "England", "id": null, "shapeISO": "GB-ENG", "shapeID": "14339913B95766344400054", "shapeGroup": "GBR", "shapeType": "ADM1", "layer": "geoBoundaries-GBR-ADM1 copy -- WALES", "path": "/Users/joharameyer/Downloads/geoBoundaries-GBR-ADM1-all (1)/geoBoundaries-GBR-ADM1.shp" }, "geometry": { "type": "MultiPolygon", "coordinates": [ [ [ [ 88894.222400000318885, 8795.511900000274181 ], [ 89287.043300000019372, 8328.567999999970198 ], [ 89158.592199999839067, 7715.835500000044703 ], [ 88822.596499999985099, 8292.195699999108911 ], [ 88539.403400000184774, 8272.401300000026822 ], [ 88676.099000000394881, 7508.799799999222159 ], [ 88258.099299999885261, 7054.099799999967217 ], [ 87959.600899999961257, 7931.999099999666214 ], [ 87447.250900000333786, 7770.948499999940395 ], [ 87740.799999999813735, 8447.50029999949038 ], [ 87267.558000000193715, 8806.543999999761581 ], [ 87693.100300000049174, 8554.499900000169873 ], [ 87803.696600000374019, 8870.300200000405312 ], [ 88640.89989999961108, 8346.0 ], [ 88629.657100000418723, 8391.957100000232458 ], [ 88655.230000000447035, 8374.669999999925494 ], [ 88604.095700000412762, 8496.444700000807643 ], [ 88554.609299999661744, 8698.730599999427795 ], [ 88734.892099999822676, 8796.494100000709295 ], [ 88842.599000000394881, 8851.2956000007689 ], [ 88894.222400000318885, 8795.511900000274181 ] ] ], [ [ [ 85701.061200000345707, 8715.578600000590086 ], [ 85777.565399999730289, 8901.389299999922514 ], [ 85927.903900000266731, 9147.300899999216199 ], [ 86268.796099999919534, 8661.800599999725819 ], [ 86478.264200000092387, 8239.259700000286102 ], [ 86218.963299999944866, 8666.520999999716878 ], [ 85701.061200000345707, 8715.578600000590086 ] ] ], [ [ [ 91099.529600000008941, 9227.341000000014901 ], [ 90999.183600000105798, 9334.998099999502301 ], [ 90494.300200000405312, 10370.000199999660254 ], [ 90168.198699999600649, 10390.19510000012815 ], [ 90153.756599999964237, 10292.191999999806285 ], [ 90148.959999999962747, 10291.050000000745058 ], [ 90154.786500000394881, 10255.509899999946356 ], [ 90117.104000000283122, 9877.101999999955297 ], [ 89898.70299999974668, 9829.423200000077486 ], [ 89687.209800000302494, 9930.20160000026226 ], [ 89430.397599999792874, 10357.404500000178814 ], [ 90260.296000000089407, 10971.398800000548363 ], [ 90232.999900000169873, 10609.800100000575185 ], [ 90787.500099999830127, 10729.900299999862909 ], [ 90858.200000000186265, 11111.000099999830127 ], [ 90549.299800000153482, 11221.599999999627471 ], [ 90667.488699999637902, 11287.470300000160933 ], [ 90815.049999999813735, 11312.050000000745058 ], [ 90762.230499999597669, 11340.27280000038445 ], [ 90874.600200000219047, 11402.899800000712276 ], [ 90540.873100000433624, 11924.04619999974966 ], [ 90559.46239999961108, 12032.971999999135733 ], [ 90940.732400000095367, 12642.23619999922812 ], [ 91008.006400000303984, 12692.12639999948442 ], [ 91728.699900000356138, 12925.300000000745058 ], [ 92256.0, 12833.699999999254942 ], [ 92377.602800000458956, 12229.098400000482798 ], [ 93206.65500000026077, 11936.549100000411272 ], [ 93184.413200000301003, 11926.157999999821186 ], [ 92847.802299999631941, 11854.79590000025928 ], [ 92881.948900000192225, 11784.850600000470877 ], [ 92878.480000000447035, 11783.230000000447035 ], [ 92883.583300000056624, 11781.613399999216199 ], [ 93177.518799999728799, 11218.217100000008941 ], [ 93193.380900000222027, 11061.383199999108911 ], [ 92924.599999999627471, 10435.100199999287724 ], [ 92413.000099999830127, 10651.800100000575185 ], [ 92549.769999999552965, 10257.823300000280142 ], [ 92320.495900000445545, 9933.382400000467896 ], [ 92271.400200000032783, 9909.100199999287724 ], [ 91191.999900000169873, 10139.600099999457598 ], [ 91334.455900000408292, 9619.694099999964237 ], [ 91219.592100000008941, 9360.615100000053644 ], [ 91099.529600000008941, 9227.341000000014901 ] ] ], [ [ [ 87391.699099999852479, 12455.403999999165535 ], [ 87448.196899999864399, 12558.10869999974966 ], [ 87642.099999999627471, 12748.330000000074506 ], [ 87604.750500000081956, 12842.700400000438094 ], [ 87825.99959999974817, 13244.899100000038743 ], [ 87882.700000000186265, 12182.100999999791384 ], [ 87391.699099999852479, 12455.403999999165535 ] ] ], [ [ [ 90204.199699999764562, 13897.199699999764562 ], [ 89585.503700000233948, 13797.799699999392033 ], [ 89267.998999999836087, 13332.800000000745058 ], [ 89081.753299999982119, 13709.175799999386072 ], [ 89113.099999999627471, 13790.96000000089407 ], [ 89004.720399999991059, 13864.848300000652671 ], [ 88822.000099999830127, 14234.099700000137091 ], [ 88887.800099999643862, 15214.900100000202656 ], [ 88152.409500000067055, 16127.012499999254942 ], [ 88194.579300000332296, 16486.546000000089407 ], [ 88295.300099999643862, 16593.899900000542402 ], [ 88711.099299999885261, 16563.99890000000596 ], [ 88893.099799999967217, 15975.400299999862909 ], [ 89252.200199999846518, 16104.499800000339746 ], [ 89386.100300000049174, 15526.799799999222159 ], [ 89649.926699999719858, 15533.932700000703335 ], [ 89819.059899999760091, 15465.800100000575185 ], [ 90132.279299999587238, 15065.133400000631809 ], [ 90175.806800000369549, 14559.716499999165535 ], [ 90001.400200000032783, 14149.199999999254942 ], [ 90204.199699999764562, 13897.199699999764562 ] ] ], [ [ [ 86999.800099999643862, 14851.199999999254942 ], [ 87070.099999999627471, 15139.699699999764562 ], [ 87487.800300000235438, 15051.0 ], [ 87245.899799999780953, 15558.799900000914931 ], [ 87675.197300000116229, 15899.198200000450015 ], [ 87262.142199999652803, 16348.783700000494719 ], [ 87419.253299999982119, 16470.062100000679493 ], [ 87534.873200000263751, 16527.925200000405312 ], [ 87522.117899999953806, 16392.845300000160933 ], [ 87482.199799999594688, 16206.49970000050962 ], [ 88242.80379999987781, 15229.799799999222159 ], [ 87867.900399999693036, 14013.298900000751019 ], [ 87421.864500000141561, 14113.24269999936223 ], [ 87433.669999999925494, 14136.970000000670552 ], [ 87195.686700000427663, 14247.73960000090301 ], [ 87608.700299999676645, 14533.999900000169873 ], [ 87538.109699999913573, 14576.888900000602007 ], [ 87544.049999999813735, 14579.910000000149012 ], [ 87491.175300000235438, 14595.223300000652671 ], [ 86999.800099999643862, 14851.199999999254942 ] ] ], [ [ [ 94120.552500000223517, 16114.896999999880791 ], [ 94206.690100000239909, 16210.643699999898672 ], [ 94490.201999999582767, 15671.60329999960959 ], [ 93459.421900000423193, 15266.190199999138713 ], [ 93356.940000000409782, 15309.140000000596046 ], [ 93353.504099999554455, 15306.340600000694394 ], [ 93349.540000000037253, 15307.939999999478459 ], [ 93153.783200000412762, 15145.980399999767542 ], [ 92844.264899999834597, 15024.244699999690056 ], [ 92804.720599999651313, 15035.00730000063777 ], [ 92434.499900000169873, 15670.099799999967217 ], [ 91542.179399999789894, 15934.105000000447035 ], [ 91456.069500000216067, 16098.064300000667572 ], [ 91506.363499999977648, 16394.539000000804663 ], [ 91719.838100000284612, 16588.976299999281764 ], [ 91875.099899999797344, 16554.500199999660254 ], [ 91947.400600000284612, 17004.600400000810623 ], [ 92362.652700000442564, 17078.572200000286102 ], [ 92370.912700000219047, 17080.27170000039041 ], [ 92402.436099999584258, 17087.232599999755621 ], [ 92423.903699999675155, 17118.673000000417233 ], [ 92328.11809999961406, 17295.309399999678135 ], [ 92250.605499999597669, 17684.046399999409914 ], [ 92398.818799999542534, 17702.626599999144673 ], [ 92600.041799999773502, 17563.629100000485778 ], [ 92506.899699999950826, 17207.762099999934435 ], [ 92437.500099999830127, 17093.600099999457598 ], [ 92314.400299999862909, 16958.300000000745058 ], [ 92383.30460000038147, 16735.543500000610948 ], [ 92375.46999999973923, 16705.609999999403954 ], [ 92413.699300000444055, 16637.282299999147654 ], [ 92563.500199999660254, 16152.999900000169873 ], [ 93307.101700000464916, 15851.501800000667572 ], [ 93600.59389999974519, 16068.512000000104308 ], [ 93655.226300000213087, 16101.423000000417233 ], [ 93846.400000000372529, 15837.000099999830127 ], [ 93886.550999999977648, 15880.060900000855327 ], [ 93902.021999999880791, 15860.138000000268221 ], [ 94120.552500000223517, 16114.896999999880791 ] ] ], [ [ [ 90737.157999999821186, 16288.303600000217557 ], [ 90482.600200000219047, 16452.300000000745058 ], [ 90763.700199999846518, 16674.899800000712276 ], [ 91123.400000000372529, 16617.300000000745058 ], [ 91077.707600000314415, 16112.069900000467896 ], [ 90742.5, 16291.380000000819564 ], [ 90737.157999999821186, 16288.303600000217557 ] ] ], [ [ [ 90345.191899999976158, 17070.463899999856949 ], [ 89839.299899999983609, 16749.299799999222159 ], [ 89902.60010000038892, 17266.500199999660254 ], [ 90345.191899999976158, 17070.463899999856949 ] ] ], [ [ [ 173895.635700000450015, 26554.162699999287724 ], [ 173857.186300000175834, 26550.57740000076592 ], [ 173852.345800000242889, 26599.265599999576807 ], [ 173895.635700000450015, 26554.162699999287724 ] ] ], [ [ [ 151457.604100000113249, 30055.439899999648333 ], [ 151602.917700000107288, 29949.195699999108911 ], [ 151554.881799999624491, 29846.657199999317527 ], [ 151433.70409999974072, 29755.146800000220537 ], [ 151399.373200000263751, 29748.859200000762939 ], [ 151432.684899999760091, 29986.87360000051558 ], [ 151457.604100000113249, 30055.439899999648333 ] ] ], [ [ [ 264643.303999999538064, 43743.002699999138713 ], [ 264759.500099999830127, 44064.899900000542402 ], [ 264941.001600000075996, 43816.396999999880791 ], [ 264838.576799999922514, 43779.215399999171495 ], [ 264643.303999999538064, 43743.002699999138713 ] ] ], [ [ [ 225798.875300000421703, 51311.995400000363588 ], [ 225626.354600000195205, 51343.730399999767542 ], [ 225737.106800000183284, 51578.868300000205636 ], [ 226036.301500000059605, 51334.095100000500679 ], [ 225798.875300000421703, 51311.995400000363588 ] ] ], [ [ [ 246858.426400000229478, 63721.149299999698997 ], [ 246863.4068, 63727.138900000602007 ], [ 246964.439899999648333, 63848.645700000226498 ], [ 247154.39989999961108, 64077.099999999627471 ], [ 247005.500099999830127, 64675.300300000235438 ], [ 246971.192900000140071, 64498.594399999827147 ], [ 246967.876500000245869, 64481.512700000777841 ], [ 246892.699799999594688, 64094.300100000575185 ], [ 246478.503700000233948, 64087.101600000634789 ], [ 246074.799999999813735, 63597.399800000712276 ], [ 244916.304100000299513, 61663.398299999535084 ], [ 244517.89989999961108, 61792.399800000712276 ], [ 244496.000300000421703, 62407.199899999424815 ], [ 243968.600300000049174, 62951.300200000405312 ], [ 243888.89989999961108, 63837.099899999797344 ], [ 244216.000900000333786, 63852.500900000333786 ], [ 244270.800099999643862, 63454.799799999222159 ], [ 244371.00040000025183, 63988.201500000432134 ], [ 243820.60120000038296, 63938.399000000208616 ], [ 242855.896300000138581, 65508.397700000554323 ], [ 242219.900000000372529, 65395.600199999287724 ], [ 241839.099700000137091, 64297.799000000581145 ], [ 241356.799800000153482, 64566.399800000712276 ], [ 241261.413200000301003, 64898.089400000870228 ], [ 241248.133799999952316, 64944.266200000420213 ], [ 241175.920800000429153, 65195.373999999836087 ], [ 241170.384700000286102, 65214.624800000339746 ], [ 241073.854600000195205, 65253.235300000756979 ], [ 240914.103099999949336, 65312.587999999523163 ], [ 240936.617200000211596, 65251.678400000557303 ], [ 241197.41330000013113, 64546.122999999672174 ], [ 241269.500099999830127, 64351.099799999967217 ], [ 241817.39879999961704, 64065.60050000064075 ], [ 242705.003499999642372, 65086.998299999162555 ], [ 243107.198900000192225, 64157.200999999418855 ], [ 243092.199799999594688, 62984.800100000575185 ], [ 243668.199699999764562, 62620.304400000721216 ], [ 243463.499699999578297, 62418.301000000908971 ], [ 243909.300800000317395, 61931.800799999386072 ], [ 243577.799999999813735, 61226.099799999967217 ], [ 242624.39989999961108, 61224.900100000202656 ], [ 242324.494900000281632, 60823.496200000867248 ], [ 241991.198800000362098, 61897.49970000050962 ], [ 241262.703200000338256, 62267.595399999991059 ], [ 241950.703999999910593, 61846.595899999141693 ], [ 241839.216900000348687, 61252.149900000542402 ], [ 241836.600599999539554, 61238.199999999254942 ], [ 242135.500599999912083, 60760.096899999305606 ], [ 241724.900100000202656, 60752.499800000339746 ], [ 242186.605899999849498, 60634.433700000867248 ], [ 242189.360299999825656, 60633.729299999773502 ], [ 242209.401100000366569, 60628.604499999433756 ], [ 242231.003100000321865, 60747.900399999693036 ], [ 243133.000199999660254, 60724.000199999660254 ], [ 243021.973799999803305, 60000.023299999535084 ], [ 242986.4989, 59768.700300000607967 ], [ 242973.538499999791384, 59758.006300000473857 ], [ 243280.863599999807775, 58998.51799999922514 ], [ 243256.446899999864399, 58871.826500000432134 ], [ 243253.791899999603629, 58858.050599999725819 ], [ 243218.703700000420213, 58675.987600000575185 ], [ 242866.965099999681115, 58479.823300000280142 ], [ 242804.7027000002563, 58445.099600000306964 ], [ 243041.400999999605119, 58340.899599999189377 ], [ 242891.689100000075996, 57833.926300000399351 ], [ 242069.361800000071526, 57569.279600000008941 ], [ 241995.697300000116229, 57545.996899999678135 ], [ 241656.270700000226498, 57286.162000000476837 ], [ 241607.072499999776483, 57265.02419999986887 ], [ 241691.800699999555945, 57636.099799999967217 ], [ 241452.894500000402331, 57885.720899999141693 ], [ 241450.493800000287592, 57888.229299999773502 ], [ 241219.101599999703467, 58129.999500000849366 ], [ 241392.599899999797344, 57246.799900000914931 ], [ 240600.699400000274181, 56775.198799999430776 ], [ 240212.000099999830127, 57064.400200000032783 ], [ 240371.2966, 57305.195900000631809 ], [ 239999.969899999909103, 57270.770300000905991 ], [ 239997.052699999883771, 57270.499800000339746 ], [ 239999.969899999909103, 57267.510700000450015 ], [ 240319.700299999676645, 56939.899900000542402 ], [ 239999.978900000452995, 56723.383099999278784 ], [ 239959.100200000219047, 56695.699799999594688 ], [ 239999.979899999685585, 56683.822499999776483 ], [ 240488.799700000323355, 56541.799699999392033 ], [ 239999.990799999795854, 56244.060200000181794 ], [ 239851.800099999643862, 56153.795399999246001 ], [ 238650.800300000235438, 56611.301100000739098 ], [ 238656.599700000137091, 55757.799699999392033 ], [ 238243.501899999566376, 55491.19510000012815 ], [ 237710.200000000186265, 56293.099700000137091 ], [ 238015.799899999983609, 56719.799900000914931 ], [ 237667.199900000356138, 56338.499800000339746 ], [ 237396.700100000016391, 56695.500199999660254 ], [ 237893.998300000093877, 57090.69620000012219 ], [ 237512.000300000421703, 56837.400200000032783 ], [ 237470.999900000169873, 57156.191700000315905 ], [ 237371.299100000411272, 56739.398900000378489 ], [ 237294.599700000137091, 57020.700200000777841 ], [ 237757.995900000445545, 57591.083300000056624 ], [ 237773.910099999979138, 57610.671599999070168 ], [ 238009.700000000186265, 57900.899599999189377 ], [ 237890.860999999567866, 57829.833100000396371 ], [ 237216.399000000208616, 57426.500600000843406 ], [ 237062.299300000071526, 56865.401100000366569 ], [ 236525.636800000444055, 57265.968800000846386 ], [ 236523.101800000295043, 57267.860999999567866 ], [ 236491.699500000104308, 57291.299799999222159 ], [ 236405.53139999974519, 56945.318600000813603 ], [ 236366.499900000169873, 56788.599999999627471 ], [ 236108.717699999921024, 56971.158700000494719 ], [ 235991.60010000038892, 57054.100199999287724 ], [ 235988.111200000159442, 56981.658500000834465 ], [ 235977.402300000190735, 56759.302200000733137 ], [ 236909.401600000448525, 56685.203299999237061 ], [ 236868.868700000457466, 56525.04590000025928 ], [ 236934.2027000002563, 56622.00139999948442 ], [ 238167.699900000356138, 55208.500099999830127 ], [ 238818.200299999676645, 55278.400200000032783 ], [ 237836.400999999605119, 54909.600700000301003 ], [ 237954.700100000016391, 54686.099799999967217 ], [ 238665.600300000049174, 55019.400100000202656 ], [ 238905.700299999676645, 54637.901000000536442 ], [ 238954.099899999797344, 55215.800000000745058 ], [ 239364.099799999967217, 55415.500199999660254 ], [ 239999.970499999821186, 55204.55210000090301 ], [ 240163.199699999764562, 55150.401300000026822 ], [ 240163.900200000032783, 55464.701500000432134 ], [ 241317.785000000149012, 56188.799399999901652 ], [ 241185.199300000444055, 56561.099700000137091 ], [ 241526.000300000421703, 56885.600299999117851 ], [ 241724.583700000308454, 56915.582599999383092 ], [ 241802.669999999925494, 56856.240000000223517 ], [ 241811.337700000032783, 56860.88370000012219 ], [ 241814.0, 56858.970000000670552 ], [ 241996.850599999539554, 56956.689699999988079 ], [ 242885.100200000219047, 57090.798499999567866 ], [ 243481.110500000417233, 56603.340099999681115 ], [ 243585.453700000420213, 56510.793299999088049 ], [ 243381.22690000012517, 56421.651000000536442 ], [ 243087.400899999774992, 56293.399800000712276 ], [ 243162.214999999850988, 56262.314999999478459 ], [ 243776.699699999764562, 56007.000099999830127 ], [ 243494.599700000137091, 55566.499900000169873 ], [ 244144.032300000078976, 55194.925100000575185 ], [ 244157.55559999961406, 55160.762000000104308 ], [ 244024.897599999792874, 54745.998400000855327 ], [ 243631.25650000013411, 54605.539100000634789 ], [ 243552.398699999786913, 54577.401000000536442 ], [ 242869.841799999587238, 54953.097500000149012 ], [ 242864.193699999712408, 54956.206399999558926 ], [ 242866.047500000335276, 54952.68610000051558 ], [ 242875.175400000065565, 54935.369000000879169 ], [ 243099.099799999967217, 54529.300000000745058 ], [ 242261.699500000104308, 54236.204299999400973 ], [ 242073.721300000324845, 54461.517799999564886 ], [ 241833.699300000444055, 54255.400200000032783 ], [ 241132.737700000405312, 54181.519600000232458 ], [ 241017.703099999576807, 54169.395099999383092 ], [ 240824.000300000421703, 53707.000099999830127 ], [ 241124.500099999830127, 53936.199200000613928 ], [ 242383.400299999862909, 53718.300200000405312 ], [ 241909.99930000025779, 53340.600600000470877 ], [ 242946.600300000049174, 53384.399800000712276 ], [ 243196.699000000022352, 53658.799900000914931 ], [ 243839.903099999763072, 53369.302500000223517 ], [ 243861.60010000038892, 52766.699899999424815 ], [ 243296.900100000202656, 52199.098699999973178 ], [ 242906.10120000038296, 52437.799799999222159 ], [ 242964.400399999693036, 52013.400299999862909 ], [ 244124.300200000405312, 52373.098699999973178 ], [ 244057.200600000098348, 52714.400299999862909 ], [ 244579.643899999558926, 53068.045299999415874 ], [ 244816.875199999660254, 53183.6081000007689 ], [ 245307.565499999560416, 53403.08420000039041 ], [ 245716.918200000189245, 52780.673599999397993 ], [ 245922.928999999538064, 52292.04079999960959 ], [ 245693.985100000165403, 51520.720499999821186 ], [ 245667.850399999879301, 51483.675899999216199 ], [ 245580.529099999926984, 51465.567900000140071 ], [ 244397.099100000225008, 51285.899800000712276 ], [ 243437.502600000239909, 50430.403899999335408 ], [ 243451.404099999926984, 50053.101700000464916 ], [ 243571.198400000110269, 49950.128900000825524 ], [ 243577.939000000245869, 49914.963999999687076 ], [ 244090.550300000235438, 49503.70380000025034 ], [ 244231.89809999987483, 49382.20380000025034 ], [ 244302.500099999830127, 48706.898399999365211 ], [ 242722.700299999676645, 48826.399900000542402 ], [ 241947.499900000169873, 48438.5 ], [ 241835.199500000104308, 48076.498700000345707 ], [ 241682.410099999979138, 48519.719900000840425 ], [ 241778.860000000335276, 48673.839999999850988 ], [ 241566.492499999701977, 48855.980799999088049 ], [ 241536.701700000092387, 48942.399900000542402 ], [ 242087.200199999846518, 49304.000199999660254 ], [ 242053.999400000087917, 49705.900699999183416 ], [ 241492.319799999706447, 50317.10219999961555 ], [ 241271.900000000372529, 50605.5 ], [ 241150.076000000350177, 50689.520800000056624 ], [ 240362.900000000372529, 51546.100199999287724 ], [ 239999.977500000037253, 51781.917400000616908 ], [ 237720.900000000372529, 53262.799799999222159 ], [ 236833.99129999987781, 53456.723799999803305 ], [ 236808.779000000096858, 53471.5 ], [ 236383.776300000026822, 53555.164000000804663 ], [ 234772.539099999703467, 53907.462099999189377 ], [ 232934.748800000175834, 53840.598400000482798 ], [ 232565.106999999843538, 53923.740000000223517 ], [ 232493.888600000180304, 53901.35329999960959 ], [ 232447.379999999888241, 53910.449999999254942 ], [ 232168.223299999721348, 53812.697599999606609 ], [ 231885.298299999907613, 53802.398499999195337 ], [ 230336.599999999627471, 54480.499800000339746 ], [ 229322.112999999895692, 54287.762199999764562 ], [ 229319.151399999856949, 54287.199500000104308 ], [ 228651.018000000156462, 54289.860999999567866 ], [ 228606.825299999676645, 54280.993599999696016 ], [ 228598.099999999627471, 54281.099999999627471 ], [ 228140.149799999780953, 54187.665100000798702 ], [ 226797.304100000299513, 54078.39949999935925 ], [ 226600.479000000283122, 53878.414100000634789 ], [ 226597.229000000283122, 53877.762000000104308 ], [ 226087.240699999965727, 53356.935100000351667 ], [ 225753.545199999585748, 53017.881599999964237 ], [ 225720.056800000369549, 52984.091000000014901 ], [ 225199.897699999623001, 55085.701199999079108 ], [ 225206.373999999836087, 54851.062100000679493 ], [ 225210.20409999974072, 54712.298100000247359 ], [ 225207.111700000241399, 54660.389299999922514 ], [ 225162.902099999599159, 53918.295299999415874 ], [ 224814.902300000190735, 53909.399299999698997 ], [ 224522.940899999812245, 54386.039499999955297 ], [ 224515.0296, 54400.12360000051558 ], [ 224493.197100000455976, 54434.597599999979138 ], [ 224167.093500000424683, 54465.640900000929832 ], [ 223901.343299999833107, 54490.938999999314547 ], [ 223820.341699999757111, 54498.649900000542402 ], [ 223455.807599999941885, 54531.288399999961257 ], [ 224463.200000000186265, 54332.900100000202656 ], [ 224834.402400000020862, 53780.404799999669194 ], [ 225312.401600000448525, 53819.403699999675155 ], [ 225706.231300000101328, 52929.529699999839067 ], [ 225704.434600000269711, 52659.475700000301003 ], [ 225604.900299999862909, 52320.299900000914931 ], [ 224113.999800000339746, 51664.000099999830127 ], [ 224101.233900000341237, 51245.312300000339746 ], [ 224062.489400000311434, 51064.060499999672174 ], [ 222362.100999999791384, 51589.301200000569224 ], [ 222044.199900000356138, 50854.401399999856949 ], [ 220868.0, 50970.300000000745058 ], [ 220993.919700000435114, 50877.027899999171495 ], [ 220854.442300000227988, 50701.818199999630451 ], [ 220000.013100000098348, 50395.784499999135733 ], [ 219372.700799999758601, 50171.097999999299645 ], [ 218478.697100000455976, 50269.799699999392033 ], [ 216592.201200000010431, 51249.999600000679493 ], [ 215949.903800000436604, 51220.497600000351667 ], [ 215814.810499999672174, 51073.510199999436736 ], [ 215787.110000000335276, 51068.560000000521541 ], [ 215597.113699999637902, 50836.646900000050664 ], [ 215137.898000000044703, 50337.000600000843406 ], [ 214572.399699999950826, 50920.099799999967217 ], [ 213734.720800000242889, 50397.171599999070168 ], [ 213713.841099999845028, 50385.54079999960959 ], [ 212575.737499999813735, 50535.119699999690056 ], [ 212419.311999999918044, 50637.765599999576807 ], [ 212346.541899999603629, 50940.306800000369549 ], [ 212840.669999999925494, 51271.300000000745058 ], [ 212841.226099999621511, 51285.517100000753999 ], [ 213783.901600000448525, 51606.596999999135733 ], [ 213657.81900000013411, 51603.942600000649691 ], [ 213793.144399999640882, 51653.952500000596046 ], [ 213657.361100000329316, 51643.778799999505281 ], [ 214453.300800000317395, 51963.400000000372529 ], [ 212953.302299999631941, 51596.899800000712276 ], [ 212881.635900000110269, 52162.6097999997437 ], [ 212880.625, 52170.589400000870228 ], [ 212856.300300000235438, 52362.599999999627471 ], [ 212915.943799999542534, 52499.691500000655651 ], [ 212918.980100000277162, 52506.670499999076128 ], [ 213168.499800000339746, 53080.19510000012815 ], [ 212549.699099999852479, 53038.598500000312924 ], [ 212601.798899999819696, 54236.204299999400973 ], [ 214326.00800000037998, 54297.153999999165535 ], [ 214618.796400000341237, 54307.503900000825524 ], [ 212609.10010000038892, 54453.299699999392033 ], [ 212849.497000000439584, 56579.303600000217557 ], [ 213841.099700000137091, 56853.900299999862909 ], [ 214138.899600000120699, 57233.396600000560284 ], [ 212692.297899999655783, 56656.900800000876188 ], [ 212517.699300000444055, 55907.695900000631809 ], [ 212226.144199999980628, 56243.864000000059605 ], [ 212153.778400000184774, 56327.302999999374151 ], [ 210955.099899999797344, 57709.400000000372529 ], [ 210921.894100000150502, 57745.366699999198318 ], [ 210846.566700000315905, 57822.894999999552965 ], [ 211021.149299999698997, 57522.619100000709295 ], [ 211570.024400000460446, 56595.112299999222159 ], [ 211700.296500000171363, 56375.951899999752641 ], [ 212452.099999999627471, 55607.899800000712276 ], [ 212378.600200000219047, 53804.599899999797344 ], [ 212174.499900000169873, 53858.699799999594688 ], [ 212478.900100000202656, 53574.79869999922812 ], [ 212437.49959999974817, 52965.699300000444055 ], [ 212884.200899999588728, 52727.79619999974966 ], [ 212676.319199999794364, 51848.494100000709295 ], [ 212317.186300000175834, 51388.587300000712276 ], [ 211656.82010000012815, 50833.446000000461936 ], [ 211349.799999999813735, 50757.5 ], [ 211353.156600000336766, 50578.169199999421835 ], [ 211144.894899999722838, 50403.092599999159575 ], [ 211093.182099999859929, 50386.886299999430776 ], [ 210211.600200000219047, 50420.700300000607967 ], [ 209855.451899999752641, 49546.583599999547005 ], [ 209793.460799999535084, 49429.43889999948442 ], [ 208979.999499999918044, 50134.89919999986887 ], [ 209285.100200000219047, 52094.098999999463558 ], [ 208785.597099999897182, 52472.39919999986887 ], [ 208683.278800000436604, 52833.510099999606609 ], [ 208601.196299999952316, 53123.202899999916553 ], [ 207845.009800000116229, 53164.547800000756979 ], [ 207975.099999999627471, 52887.599899999797344 ], [ 207866.595300000160933, 52921.645099999383092 ], [ 207591.704599999822676, 53007.896900000050664 ], [ 207665.7034, 52652.197799999266863 ], [ 207869.768799999728799, 52739.091099999845028 ], [ 207826.283300000242889, 52672.574999999254942 ], [ 207550.39989999961108, 52427.300100000575185 ], [ 206210.655399999581277, 52174.137900000438094 ], [ 206203.927899999544024, 52172.866599999368191 ], [ 203948.122499999590218, 51552.372700000181794 ], [ 203919.5, 51553.25 ], [ 203909.916400000452995, 51541.853700000792742 ], [ 203893.002600000239909, 51537.196900000795722 ], [ 203430.001199999824166, 51053.795299999415874 ], [ 203144.39989999961108, 50566.800200000405312 ], [ 203230.199799999594688, 49554.199999999254942 ], [ 203968.340499999932945, 48764.682600000873208 ], [ 204062.577200000174344, 47947.784600000828505 ], [ 203350.997000000439584, 48183.29700000025332 ], [ 203243.005900000222027, 48065.984400000423193 ], [ 202535.59360000025481, 47477.985300000756979 ], [ 202518.950899999588728, 47452.435499999672174 ], [ 201990.099899999797344, 47057.299799999222159 ], [ 201740.399799999780953, 46447.203500000759959 ], [ 201886.0636, 46239.606300000101328 ], [ 201859.799999999813735, 46130.0 ], [ 202162.036000000312924, 45846.295700000599027 ], [ 202184.700100000016391, 45813.995200000703335 ], [ 201728.60010000038892, 45386.698499999940395 ], [ 201804.701799999922514, 44766.705000000074506 ], [ 201721.664099999703467, 44768.390799999237061 ], [ 201684.159199999645352, 44770.48589999973774 ], [ 201532.879999999888241, 44788.550000000745058 ], [ 201602.464499999769032, 44774.930500000715256 ], [ 201489.700299999676645, 44773.099899999797344 ], [ 201832.926500000059605, 44729.454299999400973 ], [ 201854.985399999655783, 44725.49269999936223 ], [ 201551.201200000010431, 43917.901000000536442 ], [ 202858.502999999560416, 43304.403500000014901 ], [ 202583.100200000219047, 43218.39919999986887 ], [ 202636.646599999628961, 43156.273399999365211 ], [ 202646.521599999628961, 43144.816199999302626 ], [ 202729.471499999985099, 43048.575899999588728 ], [ 202730.423999999649823, 43042.91330000013113 ], [ 202144.003200000151992, 42565.923100000247359 ], [ 201863.299999999813735, 42429.0 ], [ 201768.995099999941885, 42301.600299999117851 ], [ 201502.399799999780953, 42117.500099999830127 ], [ 201284.100200000219047, 41639.499900000169873 ], [ 201787.361200000159442, 41201.902899999171495 ], [ 201666.482200000435114, 41123.492900000885129 ], [ 200525.703099999576807, 40433.695299999788404 ], [ 200511.838499999605119, 40182.528000000864267 ], [ 200433.632799999788404, 39242.691199999302626 ], [ 200000.024500000290573, 39201.660099999979138 ], [ 199971.898900000378489, 39198.998700000345707 ], [ 199639.004800000227988, 39999.942999999970198 ], [ 199458.100200000219047, 40435.199999999254942 ], [ 199243.512099999934435, 40451.902599999681115 ], [ 199078.429999999701977, 40542.869999999180436 ], [ 198973.561300000175834, 40540.769799999892712 ], [ 198243.764000000432134, 40529.718299999833107 ], [ 198213.202600000426173, 40532.097100000828505 ], [ 198122.102900000289083, 40880.497400000691414 ], [ 197666.901300000026822, 40747.495400000363588 ], [ 197470.503999999724329, 41296.798200000077486 ], [ 197402.309799999929965, 41267.017599999904633 ], [ 197085.521200000308454, 41128.675200000405312 ], [ 196558.286700000055134, 41121.524100000038743 ], [ 195936.600300000049174, 41253.900200000032783 ], [ 195149.301300000399351, 40753.299699999392033 ], [ 194957.096099999733269, 40052.004499999806285 ], [ 194557.275999999605119, 39999.981499999761581 ], [ 194455.201299999840558, 39986.699999999254942 ], [ 193488.817800000309944, 38799.750600000843406 ], [ 193455.428600000217557, 38794.792799999937415 ], [ 193136.200199999846518, 38899.299900000914931 ], [ 193097.08530000038445, 38741.641400000080466 ], [ 192986.870000000111759, 38725.26549999974668 ], [ 192957.187599999830127, 38511.709300000220537 ], [ 192894.823499999940395, 38064.885600000619888 ], [ 192397.400000000372529, 37974.799799999222159 ], [ 192359.101999999955297, 37416.598899999633431 ], [ 191781.998700000345707, 36990.500399999320507 ], [ 191563.799899999983609, 36935.096699999645352 ], [ 191512.10010000038892, 37631.399800000712276 ], [ 190769.799999999813735, 38239.999900000169873 ], [ 190184.40639999974519, 38080.076099999248981 ], [ 189767.899000000208616, 38079.197000000625849 ], [ 189350.60840000025928, 37852.29079999960959 ], [ 189038.403500000014901, 37766.999500000849366 ], [ 188204.699799999594688, 36674.699999999254942 ], [ 188254.100200000219047, 35977.199899999424815 ], [ 187821.103099999949336, 35969.802500000223517 ], [ 187807.499900000169873, 33633.398800000548363 ], [ 186966.600399999879301, 32904.000399999320507 ], [ 187077.300200000405312, 32232.001499999314547 ], [ 186059.200100000016391, 31911.300300000235438 ], [ 185839.579300000332296, 31686.48589999973774 ], [ 185063.479299999773502, 30945.475400000810623 ], [ 184666.600200000219047, 31069.195800000801682 ], [ 184529.676099999807775, 32056.798100000247359 ], [ 184743.25829999987036, 32249.255599999800324 ], [ 185123.300999999977648, 32560.598999999463558 ], [ 185466.198900000192225, 32140.299499999731779 ], [ 185484.089800000190735, 32189.572399999946356 ], [ 185501.839999999850988, 32171.0 ], [ 185666.198699999600649, 32691.113900000229478 ], [ 185915.495500000193715, 33377.695599999278784 ], [ 186210.360399999655783, 33414.513199999928474 ], [ 186041.497100000269711, 33525.402699999511242 ], [ 186299.097599999979138, 34069.596999999135733 ], [ 185747.400299999862909, 34039.500099999830127 ], [ 186721.797100000083447, 35217.398399999365211 ], [ 186143.199900000356138, 34878.895300000905991 ], [ 186124.401200000196695, 34698.796900000423193 ], [ 185448.00040000025183, 34412.299900000914931 ], [ 185803.39989999961108, 33781.299799999222159 ], [ 185400.699900000356138, 33377.100700000301003 ], [ 185466.780199999921024, 32923.539799999445677 ], [ 185457.254399999976158, 32893.469000000506639 ], [ 184835.700100000016391, 33136.799900000914931 ], [ 184100.500300000421703, 32679.599999999627471 ], [ 183851.982699999585748, 33038.774000000208616 ], [ 184614.199400000274181, 35703.467199999839067 ], [ 184932.198300000280142, 35861.803999999538064 ], [ 184933.599000000394881, 36620.19679999910295 ], [ 184750.715900000184774, 36088.392599999904633 ], [ 184145.630300000309944, 35755.323200000450015 ], [ 184089.099700000137091, 35735.200300000607967 ], [ 183527.298999999649823, 38114.999399999156594 ], [ 183757.200100000016391, 38338.300300000235438 ], [ 184112.795300000347197, 38162.296000000089407 ], [ 183922.203099999576807, 38397.498099999502301 ], [ 184149.460500000044703, 38676.73589999973774 ], [ 184255.809999999590218, 38760.439999999478459 ], [ 184260.481200000271201, 38813.150399999693036 ], [ 184409.699900000356138, 38996.499800000339746 ], [ 184351.546699999831617, 39840.740599999204278 ], [ 184365.658999999985099, 39999.984999999403954 ], [ 184367.451000000350177, 40020.206199999898672 ], [ 185267.261500000022352, 40557.346999999135733 ], [ 185479.675800000317395, 40640.566600000485778 ], [ 185660.000099999830127, 40118.300000000745058 ], [ 186506.196999999694526, 40375.201999999582767 ], [ 186656.400299999862909, 40012.999800000339746 ], [ 186627.399799999780953, 40358.000099999830127 ], [ 187399.903900000266731, 40555.900299999862909 ], [ 187529.737499999813735, 40000.001700000837445 ], [ 187540.597599999979138, 39953.502699999138713 ], [ 187545.623700000345707, 40000.003000000491738 ], [ 187609.600200000219047, 40591.900100000202656 ], [ 188121.800200000405312, 40433.99970000050962 ], [ 188206.196700000204146, 40694.900499999523163 ], [ 187433.39989999961108, 40868.100199999287724 ], [ 187380.199199999682605, 41184.500199999660254 ], [ 188593.500199999660254, 41133.80489999987185 ], [ 188504.500199999660254, 41408.300000000745058 ], [ 188678.800200000405312, 41765.100199999287724 ], [ 188513.200899999588728, 42025.500099999830127 ], [ 188138.800800000317395, 41543.398800000548363 ], [ 187691.099200000055134, 41800.799100000411272 ], [ 187945.89919999986887, 41391.800699999555945 ], [ 187278.60010000038892, 41248.800100000575185 ], [ 187213.800200000405312, 40785.199999999254942 ], [ 186704.099999999627471, 40547.700300000607967 ], [ 186004.599799999967217, 40414.500099999830127 ], [ 185613.999800000339746, 40836.5 ], [ 185079.837600000202656, 40781.093000000342727 ], [ 185048.127399999648333, 40973.322300000116229 ], [ 184992.700199999846518, 41504.800000000745058 ], [ 185322.197999999858439, 42213.895700000226498 ], [ 185248.669800000265241, 42269.807099999859929 ], [ 185255.28000000026077, 42285.599999999627471 ], [ 185181.818400000222027, 42320.641400000080466 ], [ 184658.032200000248849, 42723.513100000098348 ], [ 185491.200100000016391, 43118.999900000169873 ], [ 185535.206500000320375, 43332.544800000265241 ], [ 185535.870600000023842, 43335.767300000414252 ], [ 185541.735000000335276, 43364.224799999967217 ], [ 185545.378100000321865, 43381.903100000694394 ], [ 185881.820199999958277, 45014.517400000244379 ], [ 185886.0, 45034.800100000575185 ], [ 185932.036100000143051, 45097.339500000700355 ], [ 186962.198400000110269, 46496.799699999392033 ], [ 186605.848500000312924, 46208.671299999579787 ], [ 186500.385499999858439, 46123.398700000718236 ], [ 186122.799800000153482, 45818.100099999457598 ], [ 185751.490000000223517, 45121.97690000012517 ], [ 185619.700100000016391, 44874.900200000032783 ], [ 185152.102400000207126, 43876.299799999222159 ], [ 185412.400000000372529, 43386.399700000882149 ], [ 184724.101300000213087, 43191.595799999311566 ], [ 184198.00040000025183, 42495.695000000298023 ], [ 183791.604199999943376, 43219.22749999910593 ], [ 183769.603500000201166, 43258.39670000039041 ], [ 183315.097599999979138, 43560.558100000023842 ], [ 183302.663499999791384, 43586.217700000852346 ], [ 182999.231900000013411, 44576.843699999153614 ], [ 182936.143600000068545, 44782.392000000923872 ], [ 182715.703900000080466, 44911.403100000694394 ], [ 182917.063699999824166, 44305.920700000599027 ], [ 183426.699699999764562, 43217.798299999907613 ], [ 182707.395299999974668, 43157.669900000095367 ], [ 182620.398599999956787, 43150.397600000724196 ], [ 182873.732200000435114, 43081.905899999663234 ], [ 182892.035799999721348, 43076.957299999892712 ], [ 183682.299700000323355, 42863.300100000575185 ], [ 184057.999900000169873, 42361.800000000745058 ], [ 183941.801599999889731, 41975.104000000283122 ], [ 184584.60010000038892, 42486.601099999621511 ], [ 185043.300300000235438, 42203.300100000575185 ], [ 184433.603000000119209, 41608.698899999260902 ], [ 184805.219700000248849, 40570.77449999935925 ], [ 184568.703900000080466, 40478.19789999909699 ], [ 184014.400299999862909, 40332.699799999594688 ], [ 183787.199400000274181, 40838.399900000542402 ], [ 183351.100999999791384, 41037.101199999451637 ], [ 182964.802899999544024, 40829.302200000733137 ], [ 183308.700100000016391, 40908.899900000542402 ], [ 183890.500099999830127, 40431.700099999085069 ], [ 183126.200100000016391, 40096.000900000333786 ], [ 184029.554999999701977, 40069.35050000064075 ], [ 184032.902499999850988, 39999.96169999986887 ], [ 184056.439899999648333, 39512.057700000703335 ], [ 184020.700100000016391, 38828.699899999424815 ], [ 183284.099700000137091, 39159.399900000542402 ], [ 183475.300300000235438, 38816.200099999085069 ], [ 183009.685300000011921, 38302.157500000670552 ], [ 182897.632699999958277, 38341.621999999508262 ], [ 182614.099100000225008, 38782.499500000849366 ], [ 182887.599100000225008, 38137.900200000032783 ], [ 182428.800300000235438, 38043.299900000914931 ], [ 181833.153900000266731, 37168.36849999986589 ], [ 181762.910600000061095, 37074.605799999088049 ], [ 181867.401100000366569, 37619.800499999895692 ], [ 181381.700199999846518, 38125.999900000169873 ], [ 181297.49959999974817, 38996.898600000888109 ], [ 181024.5011, 38473.39640000090003 ], [ 180127.603400000371039, 38967.095100000500679 ], [ 180000.027499999850988, 38992.97749999910593 ], [ 179154.714800000190735, 39164.473099999129772 ], [ 179675.766099999658763, 38803.432299999520183 ], [ 179726.963499999605119, 38767.957200000062585 ], [ 179766.110399999655783, 38740.831900000572205 ], [ 179796.902200000360608, 38719.495999999344349 ], [ 180000.021999999880791, 38658.53070000000298 ], [ 180490.236200000159442, 38511.395400000736117 ], [ 180583.497499999590218, 38483.403500000014901 ], [ 180596.93059999961406, 38426.691600000485778 ], [ 180736.299999999813735, 37838.300000000745058 ], [ 181724.805800000205636, 36903.543099999427795 ], [ 181942.653800000436604, 36607.326199999079108 ], [ 182012.45160000026226, 36108.607999999076128 ], [ 181881.39780000038445, 35645.172800000756979 ], [ 181566.000199999660254, 35422.599999999627471 ], [ 180412.199000000022352, 36114.100999999791384 ], [ 181258.89989999961108, 35354.099899999797344 ], [ 181821.816200000233948, 35385.115900000557303 ], [ 182688.481700000353158, 34989.567800000309944 ], [ 182550.200100000016391, 34302.099899999797344 ], [ 181816.5, 33501.299799999222159 ], [ 180882.298499999567866, 33588.004799999296665 ], [ 180520.497000000439584, 34241.697699999436736 ], [ 180000.019299999810755, 34220.798900000751019 ], [ 179803.201399999670684, 34212.895999999716878 ], [ 179339.599799999967217, 34636.800100000575185 ], [ 179160.300099999643862, 34306.599899999797344 ], [ 178936.269600000232458, 34410.663399999961257 ], [ 178569.998800000175834, 34580.798499999567866 ], [ 178913.799200000241399, 34306.699699999764562 ], [ 178649.000099999830127, 34194.801100000739098 ], [ 179641.49930000025779, 33910.002699999138713 ], [ 179669.482699999585748, 33853.722699999809265 ], [ 179695.397300000302494, 33801.603700000792742 ], [ 179851.268500000238419, 33773.558100000023842 ], [ 179887.696800000034273, 33767.003599999472499 ], [ 180000.020899999886751, 33902.7668999992311 ], [ 180031.884200000204146, 33941.27930000051856 ], [ 180073.599899999797344, 33991.699999999254942 ], [ 180099.934899999760091, 33957.720399999991059 ], [ 180756.092600000090897, 33111.089900000020862 ], [ 180801.810700000263751, 33018.61009999923408 ], [ 180848.235399999655783, 32955.025699999183416 ], [ 180890.802000000141561, 32896.725600000470877 ], [ 181005.900200000032783, 32682.20409999974072 ], [ 181019.491200000047684, 32675.853800000622869 ], [ 181168.512000000104308, 32606.224799999967217 ], [ 181460.700000000186265, 32404.5 ], [ 181508.402700000442564, 32447.41300000064075 ], [ 181567.5, 32419.800200000405312 ], [ 181572.512299999594688, 32505.085500000044703 ], [ 181754.948499999940395, 32670.604199999943376 ], [ 181601.180399999953806, 32992.870500000193715 ], [ 181919.435499999672174, 33010.465800000354648 ], [ 181800.950000000186265, 32648.800000000745058 ], [ 182061.051300000399351, 32584.48960000090301 ], [ 182106.082399999722838, 32640.571900000795722 ], [ 182287.938400000333786, 32863.394600000232458 ], [ 182506.713899999856949, 32255.7043999992311 ], [ 182749.669400000013411, 31569.6402000002563 ], [ 182521.310800000093877, 31670.693199999630451 ], [ 181838.699799999594688, 32055.400100000202656 ], [ 180270.964700000360608, 31130.101999999955297 ], [ 180246.398199999704957, 31115.60249999910593 ], [ 180488.541199999861419, 30573.355499999597669 ], [ 180496.827100000344217, 30551.799599999561906 ], [ 179999.998300000093877, 30271.283700000494719 ], [ 178998.607099999673665, 29705.88539999909699 ], [ 179136.13260000012815, 29521.512099999934435 ], [ 179094.901200000196695, 28389.003000000491738 ], [ 179773.502700000070035, 27860.604299999773502 ], [ 178582.237800000235438, 26891.440600000321865 ], [ 178385.932199999690056, 26813.537699999287724 ], [ 177615.498100000433624, 27294.996200000867248 ], [ 177424.780899999663234, 27192.25650000013411 ], [ 177314.481999999843538, 27246.296000000089407 ], [ 176893.716500000096858, 26906.171000000089407 ], [ 176678.76410000026226, 26790.375700000673532 ], [ 176637.25870000012219, 26791.187100000679493 ], [ 175536.621600000187755, 26949.639599999412894 ], [ 175519.234400000423193, 26955.151100000366569 ], [ 175613.799899999983609, 27595.200899999588728 ], [ 176293.700100000016391, 28046.100299999117851 ], [ 175755.503100000321865, 28231.698100000619888 ], [ 175502.11710000038147, 27634.517100000753999 ], [ 175253.122700000181794, 27742.145099999383092 ], [ 175223.412700000219047, 27753.396999999880791 ], [ 175418.940499999560416, 27379.567800000309944 ], [ 175160.093500000424683, 26806.431800000369549 ], [ 173874.800200000405312, 26644.800899999216199 ], [ 174205.299300000071526, 27894.200200000777841 ], [ 173914.500099999830127, 28426.500099999830127 ], [ 173928.200400000438094, 27449.200999999418855 ], [ 173708.599899999797344, 27284.099700000137091 ], [ 173416.099499999545515, 27669.999500000849366 ], [ 173764.300099999643862, 27174.099899999797344 ], [ 173450.801199999637902, 26999.60050000064075 ], [ 173723.468500000424683, 26727.754599999636412 ], [ 173703.247999999672174, 26600.343000000342727 ], [ 173976.996100000105798, 26474.990800000727177 ], [ 174127.898900000378489, 26324.542700000107288 ], [ 173986.188400000333786, 26273.347799999639392 ], [ 172133.900200000032783, 25909.900000000372529 ], [ 171848.998999999836087, 25943.137700000777841 ], [ 172201.398299999535084, 25758.893500000238419 ], [ 172126.978000000119209, 25691.476600000634789 ], [ 171565.900100000202656, 25183.199699999764562 ], [ 171723.601300000213087, 24875.299599999561906 ], [ 171682.799899999983609, 25227.700300000607967 ], [ 172284.398299999535084, 25730.104100000113249 ], [ 172329.609899999573827, 25748.02280000038445 ], [ 172726.20160000026226, 25905.203999999910593 ], [ 172723.129099999554455, 25857.837799999862909 ], [ 172699.10010000038892, 25487.403599999845028 ], [ 172821.400299999862909, 25864.700099999085069 ], [ 174461.597400000318885, 26223.802799999713898 ], [ 174938.900100000202656, 25328.899800000712276 ], [ 174735.900299999862909, 26313.200099999085069 ], [ 175433.599700000137091, 26541.801100000739098 ], [ 175641.082100000232458, 26489.201400000602007 ], [ 175935.1091, 26304.078299999237061 ], [ 175866.941999999806285, 26087.197200000286102 ], [ 175816.360000000335276, 25965.53999999910593 ], [ 175832.392199999652803, 25977.273399999365211 ], [ 175818.099899999797344, 25931.800799999386072 ], [ 176248.5159, 26232.236300000920892 ], [ 176979.392199999652803, 26408.36769999936223 ], [ 177635.224999999627471, 26290.851999999955297 ], [ 178336.807500000111759, 25942.675599999725819 ], [ 178725.562400000169873, 25591.593599999323487 ], [ 178577.503800000064075, 25538.450699999928474 ], [ 178227.500099999830127, 25616.199699999764562 ], [ 177044.099399999715388, 24903.100400000810623 ], [ 178123.849999999627471, 25343.57799999974668 ], [ 178380.977099999785423, 25325.64949999935925 ], [ 178434.553999999538064, 25211.185000000521541 ], [ 178751.658599999733269, 25224.211300000548363 ], [ 179195.010099999606609, 25059.459100000560284 ], [ 179684.399100000038743, 24877.599099999293685 ], [ 179770.74930000025779, 24939.062000000849366 ], [ 180048.610000000335276, 25125.556199999526143 ], [ 180000.001600000075996, 24849.618000000715256 ], [ 179724.100899999961257, 23283.399900000542402 ], [ 180000.007299999706447, 23230.798100000247359 ], [ 180566.999200000427663, 23122.700500000268221 ], [ 180624.017199999652803, 23025.966000000014901 ], [ 180973.039499999955297, 22394.020700000226498 ], [ 180762.599799999967217, 21772.700300000607967 ], [ 181206.000199999660254, 21444.200099999085069 ], [ 180583.10080000013113, 20961.799399999901652 ], [ 180415.917899999767542, 20000.010999999940395 ], [ 180329.698099999688566, 19503.996300000697374 ], [ 179999.999099999666214, 19423.769799999892712 ], [ 178859.702600000426173, 19146.29869999922812 ], [ 178280.399699999950826, 18588.099700000137091 ], [ 178499.895700000226498, 17895.817399999126792 ], [ 178424.96999999973923, 17693.160000000149012 ], [ 178636.100700000301003, 17466.231699999421835 ], [ 178650.599999999627471, 17420.50139999948442 ], [ 178319.89919999986887, 17424.500700000673532 ], [ 178239.924399999901652, 17218.074500000104308 ], [ 178234.929999999701977, 17216.429999999701977 ], [ 178163.752299999818206, 16996.417300000786781 ], [ 178155.175699999555945, 16971.42960000038147 ], [ 177864.598899999633431, 16172.199899999424815 ], [ 177707.483599999919534, 16149.849500000476837 ], [ 177523.786999999545515, 16254.856599999591708 ], [ 177520.320000000298023, 16256.310000000521541 ], [ 177387.913900000043213, 16190.38539999909699 ], [ 177129.077200000174344, 16067.568600000813603 ], [ 177053.399299999698997, 16056.803099999204278 ], [ 176382.499400000087917, 16795.600299999117851 ], [ 175724.417000000365078, 16702.831900000572205 ], [ 175720.231100000441074, 16702.411699999123812 ], [ 175603.300200000405312, 16685.599799999967217 ], [ 175637.999800000339746, 16378.999800000339746 ], [ 175265.700299999676645, 16725.099999999627471 ], [ 173930.331799999810755, 16719.462999999523163 ], [ 173915.298700000159442, 16719.39949999935925 ], [ 173187.499800000339746, 16315.800100000575185 ], [ 172787.300300000235438, 15656.200099999085069 ], [ 172860.002500000409782, 14910.101299999281764 ], [ 172159.798899999819696, 14477.095300000160933 ], [ 172138.067699999548495, 14320.670099999755621 ], [ 171960.488699999637902, 13963.97690000012517 ], [ 171762.599999999627471, 13757.0 ], [ 171742.792500000447035, 13702.172800000756979 ], [ 171673.10120000038296, 13664.997700000181794 ], [ 171455.400000000372529, 13038.900200000032783 ], [ 171821.800900000147521, 12295.799599999561906 ], [ 171634.901800000108778, 11857.395099999383092 ], [ 170825.301699999719858, 11985.199799999594688 ], [ 170671.43030000012368, 11437.087999999523163 ], [ 170584.002899999730289, 11443.563500000163913 ], [ 170017.652599999681115, 11504.091700000688434 ], [ 170015.730000000447035, 11513.369999999180436 ], [ 169875.828900000080466, 11511.722100000828505 ], [ 169459.400500000454485, 11551.801500000059605 ], [ 169287.5, 12834.795399999246001 ], [ 168008.798999999649823, 13517.100099999457598 ], [ 167445.504200000315905, 13430.338500000536442 ], [ 167368.170199999585748, 13475.902100000530481 ], [ 167286.254700000397861, 13650.66499999910593 ], [ 167396.907599999569356, 14156.390399999916553 ], [ 167558.899100000038743, 14354.500199999660254 ], [ 167455.098600000143051, 14422.345200000330806 ], [ 167462.410699999891222, 14455.764399999752641 ], [ 167476.933699999935925, 14519.276000000536442 ], [ 167477.099999999627471, 14522.900000000372529 ], [ 166932.125500000081956, 14784.749399999156594 ], [ 166808.373700000345707, 14845.051000000908971 ], [ 166777.699799999594688, 14865.099799999967217 ], [ 167058.299800000153482, 15204.297100000083447 ], [ 166854.799899999983609, 15790.400299999862909 ], [ 166832.670300000347197, 15802.481399999931455 ], [ 166803.035500000230968, 15888.248999999836087 ], [ 166800.450000000186265, 15895.099999999627471 ], [ 166708.635200000368059, 15870.194900000467896 ], [ 165991.301400000229478, 16261.80350000038743 ], [ 165988.051099999807775, 16281.49890000000596 ], [ 165921.800300000235438, 16869.89919999986887 ], [ 166652.700299999676645, 17630.601199999451637 ], [ 166611.864500000141561, 17715.912299999967217 ], [ 166624.45299999974668, 17736.230100000277162 ], [ 166641.770299999974668, 17761.404899999499321 ], [ 166644.961799999698997, 17765.729399999603629 ], [ 166616.302099999971688, 17810.001700000837445 ], [ 166476.514399999752641, 18026.987800000235438 ], [ 166465.572599999606609, 18048.49269999936223 ], [ 166877.098899999633431, 18579.800400000065565 ], [ 166802.232200000435114, 18674.760800000280142 ], [ 166845.754200000315905, 18754.450799999758601 ], [ 166257.582299999892712, 19365.591199999675155 ], [ 166176.062599999830127, 19468.990199999883771 ], [ 166206.182699999772012, 19521.737800000235438 ], [ 166534.696700000204146, 19928.604800000786781 ], [ 166507.28899999987334, 19935.94649999961257 ], [ 166389.828999999910593, 19967.410299999639392 ], [ 166131.627999999560416, 20417.05599999986589 ], [ 166020.53940000012517, 20466.976500000804663 ], [ 165959.830299999564886, 20549.768899999558926 ], [ 165849.999699999578297, 20792.299200000241399 ], [ 165244.263399999588728, 21037.468900000676513 ], [ 165537.070000000298023, 21698.599999999627471 ], [ 165535.016900000162423, 21706.559900000691414 ], [ 165604.900700000114739, 21825.300899999216199 ], [ 165433.128700000233948, 22101.579600000753999 ], [ 165384.070000000298023, 22291.779999999329448 ], [ 164433.332399999722838, 23708.682399999350309 ], [ 164178.319899999536574, 24118.015000000596046 ], [ 164175.223100000061095, 24122.98589999973774 ], [ 162706.399400000460446, 25442.557000000029802 ], [ 162858.435899999924004, 25716.789599999785423 ], [ 162805.074000000022352, 25693.928999999538064 ], [ 162868.100300000049174, 25835.599799999967217 ], [ 162540.947599999606609, 25569.040400000289083 ], [ 162468.189100000075996, 25534.637499999254942 ], [ 162002.595200000330806, 26144.401399999856949 ], [ 161567.999900000169873, 26585.399900000542402 ], [ 160760.800099999643862, 26747.100299999117851 ], [ 159999.985999999567866, 26540.149800000712276 ], [ 159530.446800000034273, 26416.723799999803305 ], [ 159335.900399999693036, 26937.59940000064671 ], [ 159041.650200000032783, 26926.075099999085069 ], [ 158812.872600000351667, 27183.463400000706315 ], [ 158734.799800000153482, 27407.599999999627471 ], [ 157565.900399999693036, 28111.901300000026822 ], [ 157397.976700000464916, 28000.9527000002563 ], [ 157358.0, 28011.0 ], [ 157302.452200000174344, 27937.838899999856949 ], [ 157135.300099999643862, 27827.400200000032783 ], [ 156340.200299999676645, 28282.400299999862909 ], [ 155907.356999999843538, 28056.252800000831485 ], [ 155852.700600000098348, 28027.696399999782443 ], [ 155866.700000000186265, 27789.299900000914931 ], [ 155623.000900000333786, 27939.900699999183416 ], [ 154849.5, 27511.600099999457598 ], [ 154902.696399999782443, 28446.596499999985099 ], [ 154018.800800000317395, 29242.000600000843406 ], [ 153832.283200000412762, 29178.543899999931455 ], [ 153410.57050000037998, 29287.500399999320507 ], [ 153132.490600000135601, 29699.61460000090301 ], [ 153124.911999999545515, 29910.998999999836087 ], [ 152728.444299999624491, 30298.411000000312924 ], [ 152576.899699999950826, 30522.999900000169873 ], [ 151977.100700000301003, 30418.801100000739098 ], [ 151383.695600000210106, 30907.798000000417233 ], [ 151251.623300000093877, 30947.804500000551343 ], [ 151116.157200000248849, 30988.838999999687076 ], [ 151105.213299999944866, 31004.897700000554323 ], [ 150957.482900000177324, 31036.903599999845028 ], [ 150228.900600000284612, 31257.600999999791384 ], [ 148681.121600000187755, 31094.972300000488758 ], [ 147938.299399999901652, 30963.696000000461936 ], [ 147899.398900000378489, 30920.736300000920892 ], [ 147689.200799999758601, 30688.604399999603629 ], [ 147695.304700000211596, 30658.589999999850988 ], [ 147720.332799999974668, 30535.520300000905991 ], [ 147649.538900000043213, 30370.414300000295043 ], [ 147626.947900000028312, 30317.727399999275804 ], [ 147495.299499999731779, 30139.501000000163913 ], [ 147741.424800000153482, 30140.838500000536442 ], [ 147759.861100000329316, 29923.09320000000298 ], [ 147654.199300000444055, 29758.501000000163913 ], [ 147204.344399999827147, 29754.14159999974072 ], [ 147136.474100000225008, 29695.657899999991059 ], [ 147133.5, 29695.550000000745058 ], [ 147095.568099999800324, 29655.738800000399351 ], [ 147063.635900000110269, 29624.333100000396371 ], [ 146470.555499999783933, 29077.195800000801682 ], [ 146387.399100000038743, 29000.481200000271201 ], [ 146367.802500000223517, 28982.402699999511242 ], [ 146648.935399999842048, 28643.173299999907613 ], [ 146698.689199999906123, 28574.484400000423193 ], [ 146340.382500000298023, 28896.881699999794364 ], [ 146327.784400000236928, 28629.302300000563264 ], [ 146329.430399999953806, 28626.108599999919534 ], [ 146546.950000000186265, 28384.150000000372529 ], [ 146766.400000000372529, 28561.849999999627471 ], [ 146906.909500000067055, 28196.811699999496341 ], [ 147370.60219999961555, 26916.704500000923872 ], [ 146916.002100000157952, 26332.301999999210238 ], [ 146836.259999999776483, 25707.850099999457598 ], [ 146321.171699999831617, 24662.098899999633431 ], [ 146155.640700000338256, 24327.251800000667572 ], [ 145996.101099999621511, 24048.495500000193715 ], [ 145677.94550000037998, 23804.964999999850988 ], [ 145082.699799999594688, 24126.299900000914931 ], [ 145076.399699999950826, 24071.671099999919534 ], [ 145030.650999999605119, 24090.605200000107288 ], [ 145031.816499999724329, 23685.084400000050664 ], [ 145028.196899999864399, 23653.698499999940395 ], [ 144044.649500000290573, 22988.342700000852346 ], [ 143824.678000000305474, 23057.458000000566244 ], [ 143520.799999999813735, 23179.200200000777841 ], [ 143108.796099999919534, 22856.796599999070168 ], [ 142703.141499999910593, 23126.269400000572205 ], [ 142685.392099999822676, 23138.190999999642372 ], [ 142676.299800000153482, 23144.100099999457598 ], [ 141829.73450000025332, 22698.254100000485778 ], [ 141818.258799999952316, 22703.20380000025034 ], [ 141711.258399999700487, 22749.776799999177456 ], [ 141023.397499999962747, 23066.896500000730157 ], [ 140299.035000000149012, 22695.779699999839067 ], [ 140277.799800000153482, 22684.900200000032783 ], [ 140308.031600000336766, 22558.770600000396371 ], [ 140351.075299999676645, 22356.980900000780821 ], [ 139999.970999999903142, 22328.83699999935925 ], [ 139899.701200000010431, 22320.799599999561906 ], [ 139728.771099999547005, 21883.959799999371171 ], [ 139395.652200000360608, 22324.676000000908971 ], [ 139393.299999999813735, 22326.800000000745058 ], [ 139370.659599999897182, 22325.972599999979138 ], [ 139302.599799999967217, 22412.500099999830127 ], [ 138954.038800000213087, 22310.747600000351667 ], [ 138948.601099999621511, 22309.776799999177456 ], [ 138745.098799999803305, 22248.500399999320507 ], [ 138533.262099999934435, 21742.099600000306964 ], [ 138503.235799999907613, 21700.863700000569224 ], [ 138160.100300000049174, 21891.699999999254942 ], [ 136850.026800000108778, 21526.925799999386072 ], [ 136632.917500000447035, 21472.585799999535084 ], [ 135793.498800000175834, 22631.90059999935329 ], [ 135986.443599999882281, 22912.981399999931455 ], [ 136002.924499999731779, 22933.883899999782443 ], [ 136048.0, 22984.099999999627471 ], [ 136043.098399999551475, 22985.873400000855327 ], [ 136055.100200000219047, 23012.999900000169873 ], [ 135527.073800000362098, 23179.67200000025332 ], [ 135782.099999999627471, 23638.299699999392033 ], [ 134505.60120000038296, 24141.199200000613928 ], [ 134119.85259999986738, 25349.70160000026226 ], [ 134603.109600000083447, 25563.960699999704957 ], [ 134609.210400000214577, 25583.665200000628829 ], [ 134670.800400000065565, 25611.598999999463558 ], [ 134717.775999999605119, 25977.637399999424815 ], [ 134819.699000000022352, 26344.245300000533462 ], [ 135770.600200000219047, 26583.099700000137091 ], [ 136228.218100000172853, 27455.975999999791384 ], [ 136161.833700000308454, 27599.277599999681115 ], [ 136180.076999999582767, 27638.106000000610948 ], [ 136106.966099999845028, 27768.037399999797344 ], [ 136116.0, 27978.900000000372529 ], [ 135757.387600000016391, 28472.34180000051856 ], [ 135678.700899999588728, 28642.200200000777841 ], [ 135579.999800000339746, 30933.699699999764562 ], [ 135220.281899999827147, 31434.599999999627471 ], [ 134956.549100000411272, 31858.993300000205636 ], [ 135240.542899999767542, 31998.318900000303984 ], [ 135299.299999999813735, 31981.5 ], [ 135353.719399999827147, 32053.842499999329448 ], [ 135510.997000000439584, 32131.001900000497699 ], [ 135483.27379999961704, 32226.065999999642372 ], [ 135539.955900000408292, 32303.073699999600649 ], [ 135540.96999999973923, 32306.099999999627471 ], [ 135361.459400000050664, 32643.772700000554323 ], [ 135355.412299999967217, 32664.508400000631809 ], [ 135610.850899999961257, 32774.852600000798702 ], [ 136176.497100000269711, 32965.70299999974668 ], [ 136267.398900000378489, 34186.403500000014901 ], [ 136770.941700000315905, 34631.916899999603629 ], [ 136886.242600000463426, 34721.868000000715256 ], [ 137164.900000000372529, 34938.300000000745058 ], [ 137172.231900000013411, 34986.961300000548363 ], [ 137792.277300000190735, 35535.551100000739098 ], [ 137868.900000000372529, 35561.599999999627471 ], [ 137862.790599999949336, 35597.938300000503659 ], [ 137906.60010000038892, 35636.699100000783801 ], [ 137796.503200000151992, 36045.901300000026822 ], [ 138939.903599999845028, 35764.601800000295043 ], [ 138972.939000000245869, 35784.321599999442697 ], [ 139682.405500000342727, 36207.823799999430776 ], [ 139952.409799999557436, 36205.081900000572205 ], [ 139999.979399999603629, 36197.645600000396371 ], [ 140941.899799999780953, 36050.400299999862909 ], [ 141045.085799999535084, 36193.98589999973774 ], [ 141169.75, 36192.720000000670552 ], [ 141173.427099999971688, 36202.261900000274181 ], [ 141178.120000000111759, 36202.240000000223517 ], [ 141321.523000000044703, 36578.654600000008941 ], [ 142032.0, 37567.299799999222159 ], [ 142589.596400000154972, 37447.699999999254942 ], [ 142476.900299999862909, 37907.299799999222159 ], [ 142628.736700000241399, 38018.561899999156594 ], [ 142882.599999999627471, 38085.900000000372529 ], [ 142888.067499999888241, 38103.562599999830127 ], [ 142906.5, 38109.099999999627471 ], [ 142947.345300000160933, 38252.03070000000298 ], [ 143243.297799999825656, 38468.897700000554323 ], [ 143109.496899999678135, 38788.596200000494719 ], [ 143448.000199999660254, 38261.099799999967217 ], [ 143785.5, 38251.500600000843406 ], [ 143913.299800000153482, 38606.899299999698997 ], [ 144239.300099999643862, 38528.100299999117851 ], [ 144242.777800000272691, 38987.256699999794364 ], [ 144268.721900000236928, 38985.654200000688434 ], [ 144777.596499999985099, 38904.303099999204278 ], [ 144933.300200000405312, 39560.999900000169873 ], [ 145206.603500000201166, 39250.203999999910593 ], [ 145346.55559999961406, 39286.250900000333786 ], [ 145361.227400000207126, 39293.235999999567866 ], [ 145656.099799999967217, 39375.299100000411272 ], [ 145801.532800000160933, 39544.373500000685453 ], [ 146355.830599999986589, 39860.494999999180436 ], [ 146414.001000000163913, 39852.500700000673532 ], [ 146424.920199999585748, 40000.003399999812245 ], [ 146455.900100000202656, 40418.49970000050962 ], [ 147302.102300000376999, 40633.298100000247359 ], [ 147319.544999999925494, 40657.890000000596046 ], [ 147653.200199999846518, 41128.300000000745058 ], [ 148480.099399999715388, 40806.499399999156594 ], [ 149342.889700000174344, 41055.35700000077486 ], [ 149532.873700000345707, 40983.844699999317527 ], [ 150560.216500000096858, 41385.15819999948144 ], [ 151075.869099999777973, 41003.284199999645352 ], [ 151088.39919999986887, 40994.004899999126792 ], [ 151513.400000000372529, 40804.299699999392033 ], [ 152161.296000000089407, 41213.402100000530481 ], [ 151845.000199999660254, 40570.999900000169873 ], [ 151895.993200000375509, 40515.555400000885129 ], [ 151987.409199999645352, 40411.625800000503659 ], [ 152147.933600000105798, 40241.621300000697374 ], [ 152191.099600000306964, 40194.687000000849366 ], [ 152270.649699999950826, 40000.021299999207258 ], [ 152533.540699999779463, 39356.705399999395013 ], [ 152528.102300000376999, 39113.403200000524521 ], [ 152610.627600000239909, 39082.193399999290705 ], [ 154806.098699999973178, 38251.900000000372529 ], [ 155200.202899999916553, 37494.496600000187755 ], [ 154840.099799999967217, 37348.899900000542402 ], [ 154410.53000000026077, 36406.632799999788404 ], [ 154389.499099999666214, 36360.501199999824166 ], [ 154425.989099999889731, 36346.498800000175834 ], [ 154646.901600000448525, 36313.104800000786781 ], [ 154681.850700000301003, 36313.894700000062585 ], [ 154717.598199999891222, 36314.7027000002563 ], [ 155133.203599999658763, 36610.89949999935925 ], [ 155137.10010000038892, 36642.0 ], [ 155005.500099999830127, 37135.599999999627471 ], [ 155329.300099999643862, 37453.299799999222159 ], [ 155022.361600000411272, 37904.129499999806285 ], [ 155005.956899999640882, 37929.777300000190735 ], [ 155011.225499999709427, 37925.306399999186397 ], [ 155837.298600000329316, 37224.30379999987781 ], [ 155808.804299999959767, 37640.68610000051558 ], [ 156052.832799999974668, 37738.567399999126792 ], [ 156925.999900000169873, 38088.799900000914931 ], [ 156448.001299999654293, 38150.699500000104308 ], [ 155797.199900000356138, 37656.199799999594688 ], [ 155030.598899999633431, 38272.699999999254942 ], [ 156860.962600000202656, 40000.00109999999404 ], [ 156865.349100000225008, 40004.140599999576807 ], [ 156914.903599999845028, 40050.904799999669194 ], [ 158203.499699999578297, 42030.299200000241399 ], [ 157974.300300000235438, 43343.199999999254942 ], [ 158754.20380000025034, 43235.902000000700355 ], [ 159090.886900000274181, 43550.82880000025034 ], [ 159253.084400000050664, 43689.682600000873208 ], [ 159557.365199999883771, 42911.479699999094009 ], [ 159559.433699999935925, 42906.189400000497699 ], [ 160000.017400000244379, 42883.562899999320507 ], [ 160360.800200000405312, 42869.299799999222159 ], [ 160808.715499999932945, 43220.256100000813603 ], [ 161787.888000000268221, 42946.537000000476837 ], [ 161791.290300000458956, 42948.376499999314547 ], [ 161875.899600000120699, 42926.900299999862909 ], [ 162620.129399999976158, 43326.142599999904633 ], [ 163249.635700000450015, 43818.308599999174476 ], [ 164172.540199999697506, 44771.401200000196695 ], [ 164188.902599999681115, 44788.298800000920892 ], [ 164157.901200000196695, 44787.698899999260902 ], [ 164129.496899999678135, 44787.099099999293685 ], [ 164759.338200000114739, 45450.710100000724196 ], [ 164918.219200000166893, 45489.986700000241399 ], [ 165244.199699999764562, 45311.499900000169873 ], [ 165429.500799999572337, 45602.400900000706315 ], [ 165656.300099999643862, 45306.900100000202656 ], [ 165490.119300000369549, 45631.364800000563264 ], [ 165715.181099999696016, 45687.001800000667572 ], [ 165968.199799999594688, 45724.700200000777841 ], [ 165793.037399999797344, 46024.374299999326468 ], [ 165988.044099999591708, 46213.278300000354648 ], [ 166456.299100000411272, 46637.754000000655651 ], [ 166998.575600000098348, 46722.493000000715256 ], [ 167566.099899999797344, 46754.499800000339746 ], [ 167700.422199999913573, 47252.260900000110269 ], [ 167716.458100000396371, 47288.882999999448657 ], [ 167765.732699999585748, 47308.715800000354648 ], [ 168480.98340000025928, 47479.930400000885129 ], [ 168510.100300000049174, 47486.900299999862909 ], [ 169112.799800000153482, 48054.199699999764562 ], [ 169421.61809999961406, 48966.95240000076592 ], [ 169443.999499999918044, 49033.103700000792742 ], [ 169565.562800000421703, 49346.338600000366569 ], [ 169688.650000000372529, 49535.46000000089407 ], [ 169693.501299999654293, 49676.000700000673532 ], [ 169818.000300000421703, 49996.800100000575185 ], [ 169813.312199999578297, 50113.343399999663234 ], [ 169876.821700000204146, 51538.342299999669194 ], [ 170752.224299999885261, 51885.956299999728799 ], [ 170819.786999999545515, 51907.447699999436736 ], [ 171677.560999999754131, 51755.113700000569224 ], [ 172262.499699999578297, 51639.798900000751019 ], [ 172384.651600000448525, 51836.108799999579787 ], [ 172501.376699999906123, 51949.466000000014901 ], [ 172766.237499999813735, 52206.684399999678135 ], [ 172943.299700000323355, 52212.299000000581145 ], [ 172989.697300000116229, 52423.69649999961257 ], [ 173044.428000000305474, 52476.847999999299645 ], [ 173080.0466, 52835.347500000149012 ], [ 173088.596800000406802, 52874.304199999198318 ], [ 173297.224899999797344, 52971.003000000491738 ], [ 173725.298000000417233, 53115.558000000193715 ], [ 173724.753600000403821, 53169.162000000476837 ], [ 173749.344499999657273, 53180.559900000691414 ], [ 173731.502700000070035, 53788.206000000238419 ], [ 174550.602800000458956, 53853.603900000452995 ], [ 174623.390100000426173, 54070.592000000178814 ], [ 175082.217000000178814, 54215.864000000059605 ], [ 175156.803999999538064, 54396.464099999517202 ], [ 175467.700000000186265, 54529.699899999424815 ], [ 175712.496799999848008, 54339.204900000244379 ], [ 175931.271200000308454, 55419.220100000500679 ], [ 176364.900299999862909, 57559.900000000372529 ], [ 176106.459300000220537, 57751.163699999451637 ], [ 176112.485000000335276, 57777.690999999642372 ], [ 175726.934000000357628, 58040.541200000792742 ], [ 176186.200299999676645, 58271.999099999666214 ], [ 175650.898000000044703, 59165.903200000524521 ], [ 176401.67339999973774, 59087.896900000050664 ], [ 176643.199300000444055, 59062.80210000090301 ], [ 176413.500199999660254, 59220.598500000312924 ], [ 176731.099700000137091, 59796.401300000026822 ], [ 176600.634999999776483, 60000.026399999856949 ], [ 176497.39670000039041, 60161.157299999147654 ], [ 176443.838700000196695, 60660.027899999171495 ], [ 176611.294599999673665, 60821.566500000655651 ], [ 176773.592400000430644, 60757.976099999621511 ], [ 176919.762400000356138, 60697.900800000876188 ], [ 177264.799999999813735, 60406.599899999797344 ], [ 177083.196999999694526, 60715.599600000306964 ], [ 177327.604899999685585, 61247.739000000059605 ], [ 177364.956199999898672, 61220.393400000408292 ], [ 177962.200199999846518, 60679.900800000876188 ], [ 179173.03969999961555, 61166.710100000724196 ], [ 179195.89989999961108, 61175.900900000706315 ], [ 179331.247899999842048, 61139.502699999138713 ], [ 179731.000300000421703, 61032.000099999830127 ], [ 179848.300900000147521, 60681.400299999862909 ], [ 179952.9989, 60886.900200000032783 ], [ 180000.012600000016391, 60864.552300000563264 ], [ 180697.502000000327826, 60533.001900000497699 ], [ 181008.10080000013113, 60568.800799999386072 ], [ 180930.439100000075996, 60615.684499999508262 ], [ 180891.873800000175834, 60638.966000000014901 ], [ 180824.05420000012964, 60679.908099999651313 ], [ 180576.130599999800324, 60829.577299999073148 ], [ 180260.699799999594688, 61020.0 ], [ 180000.019299999810755, 61061.185200000181794 ], [ 178783.123999999836087, 61253.443600000813603 ], [ 178291.60010000038892, 61331.099899999797344 ], [ 178286.127100000157952, 61345.540400000289083 ], [ 178163.323200000450015, 61669.558399999514222 ], [ 179138.743999999947846, 61675.595300000160933 ], [ 179302.00069999974221, 61674.395199999213219 ], [ 179386.740699999965727, 61675.157199999317527 ], [ 179758.901800000108778, 61678.503499999642372 ], [ 180000.010499999858439, 62177.764599999412894 ], [ 180037.599799999967217, 62255.600299999117851 ], [ 179999.993200000375509, 62527.121600000187755 ], [ 179940.942599999718368, 62953.470200000330806 ], [ 180218.145299999974668, 62607.141100000590086 ], [ 180313.900500000454485, 62460.500199999660254 ], [ 180336.745199999772012, 62458.965700000524521 ], [ 180347.428000000305474, 62445.619000000879169 ], [ 180519.897199999541044, 62441.371500000357628 ], [ 180808.395800000056624, 62172.371799999848008 ], [ 180831.072999999858439, 62037.441999999806285 ], [ 180836.751899999566376, 62039.585400000214577 ], [ 180854.459400000050664, 62042.570299999788404 ], [ 180910.603199999779463, 61799.298200000077486 ], [ 181670.196600000374019, 61972.99970000050962 ], [ 181682.869199999608099, 61982.18859999999404 ], [ 182166.361600000411272, 62332.771199999377131 ], [ 182388.300099999643862, 62493.699899999424815 ], [ 182311.43709999974817, 62754.000499999150634 ], [ 182350.947999999858439, 62807.203400000929832 ], [ 182698.012299999594688, 62738.568900000303984 ], [ 182728.698699999600649, 62732.500399999320507 ], [ 183087.159300000406802, 62891.706900000572205 ], [ 183113.690200000070035, 62903.490299999713898 ], [ 183131.501699999906123, 62911.401100000366569 ], [ 182517.206799999810755, 63049.460100000724196 ], [ 182607.225899999961257, 63111.412200000137091 ], [ 183105.700299999676645, 63144.900200000032783 ], [ 184083.19620000012219, 64903.800799999386072 ], [ 184203.742499999701977, 65367.778100000694394 ], [ 184338.200299999676645, 65885.299799999222159 ], [ 184123.949599999934435, 66444.357400000095367 ], [ 184144.949900000356138, 66540.610200000926852 ], [ 184464.399699999950826, 66682.800400000065565 ], [ 184248.010200000368059, 67012.97719999961555 ], [ 184278.036299999803305, 67150.599099999293685 ], [ 184879.198900000192225, 67295.299599999561906 ], [ 184481.456000000238419, 68082.954600000753999 ], [ 184608.168999999761581, 68663.731799999251962 ], [ 184695.720800000242889, 68861.794600000604987 ], [ 184828.498800000175834, 70451.400000000372529 ], [ 184020.700100000016391, 70879.900100000202656 ], [ 184412.099899999797344, 70988.400100000202656 ], [ 184376.857300000265241, 71218.548000000417233 ], [ 184702.866499999538064, 71483.801000000908971 ], [ 184927.000099999830127, 71525.099999999627471 ], [ 185078.16579999960959, 72053.488399999216199 ], [ 185156.32909999974072, 72136.007099999114871 ], [ 185687.399100000038743, 72093.252499999478459 ], [ 185883.097099999897182, 72077.497600000351667 ], [ 185404.000199999660254, 72296.200300000607967 ], [ 185323.771999999880791, 72647.691500000655651 ], [ 185488.769999999552965, 73028.919999999925494 ], [ 185471.573200000450015, 73069.428999999538064 ], [ 185589.799999999813735, 73314.500199999660254 ], [ 185375.496199999935925, 73320.258099999278784 ], [ 185383.920199999585748, 73418.745500000193715 ], [ 185591.398900000378489, 73679.099899999797344 ], [ 185441.997200000099838, 73778.605299999937415 ], [ 185491.705400000326335, 73862.990900000557303 ], [ 185863.800300000235438, 74003.400200000032783 ], [ 185603.9057, 74340.107100000604987 ], [ 185888.799300000071526, 74684.700699999928474 ], [ 185806.199599999934435, 75358.099099999293685 ], [ 185059.699900000356138, 76152.600099999457598 ], [ 184739.296900000423193, 76115.001599999144673 ], [ 184842.034099999815226, 76321.16330000013113 ], [ 184978.868200000375509, 76591.188699999824166 ], [ 185857.797199999913573, 76794.297199999913573 ], [ 186073.813299999572337, 76325.693199999630451 ], [ 186067.900000000372529, 76312.400000000372529 ], [ 186087.526499999687076, 76295.944900000467896 ], [ 186189.099799999967217, 76075.601800000295043 ], [ 186335.387400000356138, 76088.136099999770522 ], [ 186351.269999999552965, 76074.820000000298023 ], [ 187059.30599999986589, 76150.163599999621511 ], [ 187303.601599999703467, 76171.095599999651313 ], [ 187205.701200000010431, 75799.598699999973178 ], [ 187650.600200000219047, 75460.599999999627471 ], [ 187991.574099999852479, 75731.853000000119209 ], [ 188319.818799999542534, 75730.092800000682473 ], [ 188685.598600000143051, 75637.399599999189377 ], [ 189136.198300000280142, 75968.503499999642372 ], [ 188922.991200000047684, 76236.222699999809265 ], [ 188979.462799999862909, 76334.692199999466538 ], [ 189232.400100000202656, 76416.5 ], [ 189581.398699999786913, 77331.403400000184774 ], [ 189640.777700000442564, 77356.084799999371171 ], [ 190286.980000000447035, 77481.869999999180436 ], [ 190419.612999999895692, 77679.814300000667572 ], [ 190848.300999999977648, 77858.002100000157952 ], [ 190752.076000000350177, 78175.989000000059605 ], [ 190924.453700000420213, 78433.248999999836087 ], [ 191044.798100000247359, 78543.396500000730157 ], [ 191531.308600000105798, 78463.765399999916553 ], [ 191417.581699999980628, 77947.29869999922812 ], [ 191151.900700000114739, 77095.100600000470877 ], [ 191851.799999999813735, 76819.800100000575185 ], [ 192158.076700000092387, 76177.224899999797344 ], [ 192207.735000000335276, 75957.990299999713898 ], [ 191919.002199999988079, 75404.902300000190735 ], [ 192356.082499999552965, 74200.89919999986887 ], [ 192383.599100000225008, 74125.100600000470877 ], [ 192362.211199999786913, 74115.000499999150634 ], [ 191816.299999999813735, 73857.201099999248981 ], [ 192025.700100000016391, 73822.900200000032783 ], [ 191952.170599999837577, 73711.276799999177456 ], [ 191686.550099999643862, 73308.044099999591708 ], [ 191544.102800000458956, 73091.797900000587106 ], [ 191552.833399999886751, 73068.595300000160933 ], [ 191918.798799999989569, 72096.000700000673532 ], [ 191870.400799999944866, 73554.904400000348687 ], [ 192486.800300000235438, 73510.100299999117851 ], [ 192477.60010000038892, 74084.602800000458956 ], [ 193177.003899999894202, 74260.70240000076592 ], [ 194568.696000000461936, 73626.80379999987781 ], [ 194591.009499999694526, 73615.555400000885129 ], [ 195612.900100000202656, 74021.800000000745058 ], [ 197734.999800000339746, 73793.199799999594688 ], [ 197743.075699999928474, 73845.028100000694394 ], [ 197754.308400000445545, 73917.116100000217557 ], [ 197757.500199999660254, 73937.600199999287724 ], [ 197923.701000000350177, 74093.599999999627471 ], [ 197421.000599999912083, 74731.89750000089407 ], [ 196954.396099999547005, 74374.199899999424815 ], [ 196893.4989, 74755.600299999117851 ], [ 196698.60080000013113, 74368.10080000013113 ], [ 195290.599899999797344, 74706.500099999830127 ], [ 195148.802000000141561, 74278.697200000286102 ], [ 194572.999900000169873, 74146.794999999925494 ], [ 194106.971099999733269, 74511.424200000241399 ], [ 193980.886900000274181, 74610.074699999764562 ], [ 193508.60010000038892, 74979.600299999117851 ], [ 193623.0, 75519.99970000050962 ], [ 192783.499800000339746, 75767.000199999660254 ], [ 192591.900399999693036, 76707.801100000739098 ], [ 192827.60010000038892, 77610.700099999085069 ], [ 192514.000199999660254, 77964.899800000712276 ], [ 192830.623700000345707, 78474.492000000551343 ], [ 192931.276999999769032, 78564.150000000372529 ], [ 192989.158999999985099, 78729.647900000214577 ], [ 193094.198699999600649, 78898.704800000414252 ], [ 193666.700100000016391, 79198.700099999085069 ], [ 193542.400000000372529, 79687.400200000032783 ], [ 192995.357200000435114, 79999.969699999317527 ], [ 192452.376899999566376, 80310.2179000005126 ], [ 192394.660299999639392, 80366.578999999910593 ], [ 192392.056300000287592, 80546.798599999397993 ], [ 193280.400000000372529, 80967.199899999424815 ], [ 193204.43030000012368, 81077.518300000578165 ], [ 193534.196399999782443, 81265.897199999541044 ], [ 193642.099700000137091, 80627.900000000372529 ], [ 193772.725899999961257, 80594.782800000160933 ], [ 194185.776200000196695, 80226.656400000676513 ], [ 194214.400100000202656, 80129.400100000202656 ], [ 195059.903500000014901, 80242.399399999529123 ], [ 195504.700600000098348, 80000.009400000795722 ], [ 195844.199300000444055, 79815.001299999654293 ], [ 196017.903800000436604, 79999.998400000855327 ], [ 196192.778300000354648, 80186.241699999198318 ], [ 196619.959999999962747, 80382.599999999627471 ], [ 196667.143299999646842, 80691.445599999278784 ], [ 196698.293899999931455, 80724.621300000697374 ], [ 196743.588999999687076, 80710.467700000852346 ], [ 197123.296299999579787, 80516.401900000870228 ], [ 196933.59499999973923, 80651.095599999651313 ], [ 196997.985500000417233, 80630.975199999287724 ], [ 196976.299999999813735, 81229.800000000745058 ], [ 197007.002700000070035, 81217.644799999892712 ], [ 197614.898900000378489, 80942.799900000914931 ], [ 197645.061300000175834, 80965.037499999627471 ], [ 197671.400000000372529, 80954.609999999403954 ], [ 198451.892599999904633, 81548.987400000914931 ], [ 198958.80350000038743, 80899.202099999412894 ], [ 199128.4534, 81061.354100000113249 ], [ 199425.84250000026077, 81030.130200000479817 ], [ 199620.501500000245869, 80767.100299999117851 ], [ 199642.38329999987036, 81007.394799999892712 ], [ 199950.957799999974668, 80974.996500000357628 ], [ 199999.981200000271201, 80952.554300000891089 ], [ 200250.000300000421703, 80838.099899999797344 ], [ 200205.47510000038892, 80964.916300000622869 ], [ 201454.584099999628961, 81210.332100000232458 ], [ 201935.100300000049174, 81237.500800000503659 ], [ 202562.528800000436604, 81778.481499999761581 ], [ 204134.299999999813735, 83962.200200000777841 ], [ 204003.604299999773502, 84509.181700000539422 ], [ 204136.765999999828637, 84996.612999999895692 ], [ 204274.862800000235438, 85304.502299999818206 ], [ 204309.657300000078976, 85528.113900000229478 ], [ 204607.955900000408292, 86272.709400000050664 ], [ 204869.998800000175834, 86410.199999999254942 ], [ 205088.899500000290573, 87317.099199999123812 ], [ 204534.196299999952316, 87562.404799999669194 ], [ 205133.900100000202656, 88931.699699999764562 ], [ 205014.230899999849498, 88929.035700000822544 ], [ 204795.759499999694526, 89168.128599999472499 ], [ 204802.602699999697506, 89198.506899999454618 ], [ 205112.900100000202656, 89009.099899999797344 ], [ 205154.477800000458956, 89098.339800000190735 ], [ 205159.900000000372529, 89096.699999999254942 ], [ 205168.867600000463426, 89149.778999999165535 ], [ 205285.999699999578297, 89444.201099999248981 ], [ 206029.199000000022352, 89312.203999999910593 ], [ 206236.099700000137091, 89546.396999999880791 ], [ 206029.199699999764562, 89752.198799999430776 ], [ 206356.799999999813735, 89929.49860000051558 ], [ 206606.599899999797344, 89325.399800000712276 ], [ 206934.317599999718368, 89446.852700000628829 ], [ 206948.799999999813735, 89434.300000000745058 ], [ 206960.223000000230968, 89456.452600000426173 ], [ 207216.007000000216067, 89550.518899999558926 ], [ 207370.120500000193715, 90120.616200000047684 ], [ 207424.760400000028312, 90326.507400000467896 ], [ 207663.861999999731779, 90717.772700000554323 ], [ 207973.29839999973774, 90746.414300000295043 ], [ 208241.919999999925494, 90651.470000000670552 ], [ 208885.800300000235438, 90830.875800000503659 ], [ 208988.700299999676645, 90840.400299999862909 ], [ 209203.799999999813735, 91038.300000000745058 ], [ 209019.619400000199676, 91374.119100000709295 ], [ 209726.651100000366569, 91333.55320000089705 ], [ 209605.9545, 91379.913499999791384 ], [ 209665.817999999970198, 91380.328999999910593 ], [ 209341.590599999763072, 91481.457200000062585 ], [ 209295.751400000415742, 91499.064300000667572 ], [ 209310.823099999688566, 91520.978499999269843 ], [ 209514.5, 91780.200099999085069 ], [ 210806.099600000306964, 91914.300100000575185 ], [ 210462.917999999597669, 92322.094900000840425 ], [ 210783.903099999763072, 92851.60080000013113 ], [ 211705.099399999715388, 93070.599700000137091 ], [ 211726.526200000196695, 93223.091299999505281 ], [ 212223.647099999710917, 93778.933199999853969 ], [ 212654.798200000077486, 94003.101199999451637 ], [ 212654.161299999803305, 94039.077199999243021 ], [ 212654.019000000320375, 94047.116699999198318 ], [ 212644.418200000189245, 94589.474799999967217 ], [ 212749.49199999962002, 95040.593599999323487 ], [ 213121.600200000219047, 95490.700200000777841 ], [ 212846.159400000236928, 96711.899900000542402 ], [ 212892.986700000241399, 96707.213600000366569 ], [ 213709.0, 96497.49970000050962 ], [ 214211.900100000202656, 96795.099700000137091 ], [ 213864.900299999862909, 97337.199899999424815 ], [ 214256.499800000339746, 97407.700099999085069 ], [ 214346.800099999643862, 97789.198599999770522 ], [ 215285.400999999605119, 97910.600899999961257 ], [ 215331.011900000274181, 98301.918500000610948 ], [ 215449.122100000269711, 98575.791999999433756 ], [ 215996.199900000356138, 99095.603499999269843 ], [ 217436.800900000147521, 99496.699300000444055 ], [ 217774.235700000077486, 99932.134800000116229 ], [ 217989.535199999809265, 100079.594900000840425 ], [ 218431.198800000362098, 100086.899700000882149 ], [ 219123.29590000025928, 100741.10249999910593 ], [ 219760.598899999633431, 101865.000499999150634 ], [ 219910.300200000405312, 103013.299799999222159 ], [ 219647.096400000154972, 103224.301699999719858 ], [ 219954.802099999971688, 104120.195199999958277 ], [ 219953.791799999773502, 104165.540100000798702 ], [ 219953.253899999894202, 104189.682800000533462 ], [ 219904.800200000405312, 106364.400200000032783 ], [ 220000.014299999922514, 106547.118899999186397 ], [ 220059.200600000098348, 106660.699100000783801 ], [ 220324.433400000445545, 106586.408099999651313 ], [ 220221.599700000137091, 106829.5 ], [ 220220.650799999944866, 107141.933499999344349 ], [ 220216.302500000223517, 108573.600400000810623 ], [ 220213.50870000012219, 108666.028300000354648 ], [ 220127.198099999688566, 111521.496600000187755 ], [ 219999.997399999760091, 111746.836300000548363 ], [ 219459.299200000241399, 112704.698999999091029 ], [ 219960.39989999961108, 113395.799799999222159 ], [ 219673.900399999693036, 113739.60080000013113 ], [ 219798.896300000138581, 114416.398000000044703 ], [ 219407.700799999758601, 114727.699999999254942 ], [ 219872.299800000153482, 115273.200300000607967 ], [ 219830.199900000356138, 115969.400200000032783 ], [ 219999.983199999667704, 116154.082599999383092 ], [ 220200.439000000245869, 116372.129200000315905 ], [ 220300.400000000372529, 116413.900000000372529 ], [ 220416.55420000012964, 116607.209400000050664 ], [ 220744.10080000013113, 116963.499600000679493 ], [ 220531.000099999830127, 117163.001000000163913 ], [ 221181.700199999846518, 117410.301000000908971 ], [ 221186.894899999722838, 117442.112900000065565 ], [ 221266.400299999862909, 117928.99970000050962 ], [ 220870.847799999639392, 118642.205099999904633 ], [ 221469.700199999846518, 119180.004399999976158 ], [ 221441.562699999660254, 119506.127399999648333 ], [ 221487.939000000245869, 119733.308100000023842 ], [ 221413.424999999813735, 119832.252000000327826 ], [ 221398.950000000186265, 120000.021600000560284 ], [ 221387.002199999988079, 120138.5 ], [ 222231.296500000171363, 121495.301599999889731 ], [ 222100.101099999621511, 123038.799799999222159 ], [ 222346.562699999660254, 123468.710100000724196 ], [ 222502.349999999627471, 123617.550000000745058 ], [ 222459.809500000439584, 123666.249900000169873 ], [ 222576.980100000277162, 123870.634099999442697 ], [ 222216.943300000391901, 124672.966199999675155 ], [ 222235.469499999657273, 124766.90059999935329 ], [ 222540.0011, 124944.903899999335408 ], [ 222363.706500000320375, 125417.108799999579787 ], [ 222374.466599999926984, 125471.666500000283122 ], [ 222590.797600000165403, 125913.29700000025332 ], [ 222268.249499999918044, 126297.803099999204278 ], [ 222327.074400000274181, 126352.809399999678135 ], [ 222332.530799999833107, 126357.859300000593066 ], [ 222841.398000000044703, 126654.204900000244379 ], [ 222937.997100000269711, 127794.998400000855327 ], [ 223822.799599999561906, 127795.799000000581145 ], [ 224680.500099999830127, 127334.099899999797344 ], [ 224890.897599999792874, 127642.002199999988079 ], [ 226898.400200000032783, 127592.700099999085069 ], [ 228337.700000000186265, 126741.500199999660254 ], [ 229800.798499999567866, 126578.596599999815226 ], [ 231450.699900000356138, 125521.599799999967217 ], [ 231754.975899999961257, 125136.757799999788404 ], [ 232026.5, 124694.900000000372529 ], [ 232157.851599999703467, 124627.208799999207258 ], [ 232330.300499999895692, 124409.098899999633431 ], [ 233418.400200000032783, 123875.200200000777841 ], [ 235496.799999999813735, 123670.598999999463558 ], [ 238097.678700000047684, 124419.554999999701977 ], [ 238451.700299999676645, 124521.5 ], [ 239417.564100000075996, 125778.553400000557303 ], [ 239557.650000000372529, 125921.349999999627471 ], [ 239570.392300000414252, 125977.456399999558926 ], [ 240000.009499999694526, 126536.594900000840425 ], [ 240153.468700000084937, 126736.319399999454618 ], [ 240172.900000000372529, 126744.400000000372529 ], [ 240202.320299999788404, 126799.898900000378489 ], [ 241881.099200000055134, 128984.797800000756979 ], [ 242055.764600000344217, 129021.858899999409914 ], [ 243143.699300000444055, 129252.700600000098348 ], [ 243393.100499999709427, 129615.50029999949038 ], [ 243724.839300000108778, 130572.866699999198318 ], [ 243733.096599999815226, 130596.696399999782443 ], [ 244171.502999999560416, 131656.203099999576807 ], [ 244758.402900000102818, 131863.503799999132752 ], [ 245311.509399999864399, 131490.475899999961257 ], [ 245334.088200000114739, 131458.172399999573827 ], [ 244903.903500000014901, 130992.103199999779463 ], [ 245175.0011, 130391.099600000306964 ], [ 246086.7977, 131031.901799999177456 ], [ 246572.900000000372529, 130670.500099999830127 ], [ 246222.158599999733269, 129121.394600000232458 ], [ 245869.592600000090897, 128555.528799999505281 ], [ 245825.037299999967217, 128484.323999999091029 ], [ 245593.999400000087917, 128115.096899999305606 ], [ 245602.400399999693036, 127739.004399999976158 ], [ 245624.907599999569356, 127738.036100000143051 ], [ 245601.218700000084937, 127580.533700000494719 ], [ 245387.510800000280142, 126159.637199999764562 ], [ 245386.472500000149012, 126152.733599999919534 ], [ 245384.302000000141561, 126138.302600000053644 ], [ 245330.000500000081956, 125802.798800000920892 ], [ 245423.449599999934435, 125521.988600000739098 ], [ 245519.699699999764562, 125234.299799999222159 ], [ 245920.653599999845028, 126909.575899999588728 ], [ 245930.496100000105798, 126950.700099999085069 ], [ 245957.0, 128260.900200000032783 ], [ 246738.49930000025779, 128889.698799999430776 ], [ 247312.599499999545515, 129949.000800000503659 ], [ 247287.0, 131927.299699999392033 ], [ 247951.255900000222027, 132283.580700000748038 ], [ 248451.802799999713898, 132810.7027000002563 ], [ 248877.300099999643862, 132665.399900000542402 ], [ 248703.400000000372529, 132439.699999999254942 ], [ 249361.999099999666214, 132670.202600000426173 ], [ 249104.000099999830127, 132983.200099999085069 ], [ 249280.002500000409782, 133413.0011 ], [ 250430.248999999836087, 133314.93019999936223 ], [ 250918.64989999961108, 133273.288799999281764 ], [ 251364.197499999776483, 133235.301100000739098 ], [ 251364.898299999535084, 133209.79839999973774 ], [ 251371.278699999675155, 133180.505000000819564 ], [ 251381.724600000306964, 133155.842399999499321 ], [ 251373.456000000238419, 133086.113299999386072 ], [ 251370.047199999913573, 133044.302500000223517 ], [ 251377.0943, 133023.670800000429153 ], [ 251387.605399999767542, 133008.581700000911951 ], [ 251394.765999999828637, 133003.456900000572205 ], [ 251402.387199999764562, 132997.884700000286102 ], [ 251425.903500000014901, 132976.595200000330806 ], [ 251444.299300000071526, 132947.401900000870228 ], [ 251472.4527000002563, 132922.05350000038743 ], [ 251496.450000000186265, 132891.899299999698997 ], [ 251539.858, 132862.101700000464916 ], [ 251548.964499999769032, 132851.126299999654293 ], [ 251588.942099999636412, 132811.121500000357628 ], [ 251601.89989999961108, 132797.299499999731779 ], [ 251630.3273, 132766.665999999269843 ], [ 251641.602099999785423, 132755.498999999836087 ], [ 251680.601700000464916, 132698.004899999126792 ], [ 251951.384800000116229, 132599.062999999150634 ], [ 251929.2955, 132624.987199999392033 ], [ 251432.100300000049174, 133208.500099999830127 ], [ 251736.799899999983609, 133495.700200000777841 ], [ 251771.297399999573827, 134412.70409999974072 ], [ 253982.600700000301003, 133185.999199999496341 ], [ 254089.980800000019372, 133139.326199999079108 ], [ 254127.079199999570847, 133123.20130000077188 ], [ 254138.423700000159442, 133118.270400000736117 ], [ 254221.596699999645352, 133082.119000000879169 ], [ 254691.203300000168383, 132878.003399999812245 ], [ 255157.896999999880791, 133014.56279999949038 ], [ 255445.299899999983609, 133099.099799999967217 ], [ 256090.200500000268221, 132411.896800000220537 ], [ 256095.564199999906123, 132458.000800000503659 ], [ 256096.904000000096858, 132469.5168999992311 ], [ 256114.725999999791384, 132622.705399999395013 ], [ 256117.598899999633431, 132647.399399999529123 ], [ 255346.184700000099838, 133330.068499999120831 ], [ 255344.036500000394881, 133331.9695999994874 ], [ 255326.600300000049174, 133347.399900000542402 ], [ 255653.300200000405312, 133530.400000000372529 ], [ 255672.901499999687076, 133506.10359999909997 ], [ 255703.190200000070035, 133624.502599999308586 ], [ 255745.400299999862909, 133789.502499999478459 ], [ 255684.061200000345707, 133616.939099999144673 ], [ 254692.800300000235438, 133225.000099999830127 ], [ 253757.498800000175834, 133926.300400000065565 ], [ 253542.756400000303984, 133997.116399999707937 ], [ 252476.703599999658763, 134826.495600000023842 ], [ 251735.600200000219047, 134939.100099999457598 ], [ 251023.800099999643862, 134825.795800000429153 ], [ 250637.500099999830127, 133997.099899999797344 ], [ 248545.202800000086427, 133848.695499999448657 ], [ 248198.597000000067055, 134259.398000000044703 ], [ 248306.436700000427663, 134906.378200000151992 ], [ 248277.486200000159442, 134829.464999999850988 ], [ 248276.24930000025779, 134824.242599999532104 ], [ 248080.279400000348687, 134288.05350000038743 ], [ 248074.786500000394881, 134273.024399999529123 ], [ 248059.901200000196695, 134232.29700000025332 ], [ 248310.803999999538064, 133485.39949999935925 ], [ 247395.207399999722838, 133188.956700000911951 ], [ 247345.272300000302494, 133172.789200000464916 ], [ 247254.801300000399351, 133143.497400000691414 ], [ 246519.900999999605119, 132294.500399999320507 ], [ 246606.203599999658763, 131788.295299999415874 ], [ 244870.599999999627471, 133047.399900000542402 ], [ 244424.89989999961108, 134595.501499999314547 ], [ 244541.096099999733269, 137739.701700000092387 ], [ 243689.09389999974519, 137952.962300000712276 ], [ 243337.237399999983609, 138127.796000000089407 ], [ 243160.996600000187755, 138426.495200000703335 ], [ 243426.701500000432134, 139502.996799999848008 ], [ 242730.876600000075996, 139999.977399999275804 ], [ 241883.979700000025332, 140604.85840000025928 ], [ 242199.815899999812245, 140927.040500000119209 ], [ 242321.689399999566376, 141048.919299999251962 ], [ 242393.652700000442564, 141040.899299999698997 ], [ 244470.099000000394881, 140682.300300000235438 ], [ 244819.800900000147521, 140947.800300000235438 ], [ 245008.404099999926984, 141618.418999999761581 ], [ 245621.495900000445545, 143798.39750000089407 ], [ 245297.695899999700487, 144243.200099999085069 ], [ 245517.89670000039041, 144429.196900000795722 ], [ 245335.900100000202656, 144903.799900000914931 ], [ 244219.596400000154972, 145549.196299999952316 ], [ 245552.993800000287592, 145761.703600000590086 ], [ 246284.298600000329316, 146874.296499999240041 ], [ 246486.980399999767542, 146840.101099999621511 ], [ 246845.587100000120699, 146701.245400000363588 ], [ 246852.740399999544024, 146698.475600000470877 ], [ 246870.498999999836087, 146691.599300000816584 ], [ 247512.417000000365078, 146782.209300000220537 ], [ 247535.038800000213087, 146782.471899999305606 ], [ 247949.497200000099838, 146498.004699999466538 ], [ 247974.579199999570847, 146516.556199999526143 ], [ 247976.78000000026077, 146501.640000000596046 ], [ 248073.877899999730289, 146590.001000000163913 ], [ 248719.60190000012517, 147067.600899999961257 ], [ 250172.200799999758601, 147172.301699999719858 ], [ 250196.069099999964237, 147217.249900000169873 ], [ 250203.012199999764562, 147230.324999999254942 ], [ 250255.00719999987632, 147328.240800000727177 ], [ 250639.845800000242889, 147569.229399999603629 ], [ 251896.597599999979138, 147830.503299999982119 ], [ 251902.836900000460446, 147995.401100000366569 ], [ 252448.21059999987483, 147964.740599999204278 ], [ 252605.400700000114739, 147932.404100000858307 ], [ 252314.201700000092387, 147759.003799999132752 ], [ 252602.901100000366569, 147705.300100000575185 ], [ 253201.700100000016391, 148125.299799999222159 ], [ 253437.68680000025779, 147961.959599999710917 ], [ 253547.099999999627471, 147834.5 ], [ 253572.455799999646842, 147868.678099999204278 ], [ 253622.701000000350177, 147833.900499999523163 ], [ 254264.299499999731779, 148545.199300000444055 ], [ 254589.20380000025034, 148360.20130000077188 ], [ 254712.636800000444055, 148484.059200000017881 ], [ 254963.638500000350177, 148379.747600000351667 ], [ 255001.918899999931455, 148320.518699999898672 ], [ 255024.097699999809265, 148286.202800000086427 ], [ 255506.796500000171363, 148144.203500000759959 ], [ 255479.129900000058115, 148214.113299999386072 ], [ 255571.309999999590218, 148186.300000000745058 ], [ 255467.980200000107288, 148242.287100000306964 ], [ 255363.299999999813735, 148506.800100000575185 ], [ 256839.200199999846518, 147360.00029999949038 ], [ 257452.979899999685585, 147281.461300000548363 ], [ 257482.977300000376999, 147277.622899999842048 ], [ 257683.999900000169873, 147251.900100000202656 ], [ 257562.495000000111759, 147502.867900000885129 ], [ 257714.349999999627471, 147639.341499999165535 ], [ 258169.497800000011921, 147665.400499999523163 ], [ 258411.423200000077486, 148265.807700000703335 ], [ 258437.597900000400841, 148289.331199999898672 ], [ 258462.196100000292063, 148310.247300000861287 ], [ 259481.735700000077486, 148415.699699999764562 ], [ 260000.002000000327826, 148442.797100000083447 ], [ 262722.464700000360608, 148585.160900000482798 ], [ 262742.053600000217557, 148588.321399999782443 ], [ 263339.702499999664724, 148491.205000000074506 ], [ 263740.20160000026226, 148726.431399999186397 ], [ 264046.973000000230968, 148768.707000000402331 ], [ 264263.111499999649823, 149033.553600000217557 ], [ 265651.499800000339746, 149848.999800000339746 ], [ 267180.899799999780953, 149555.499800000339746 ], [ 267979.397300000302494, 148880.902599999681115 ], [ 268332.565799999982119, 149148.64750000089407 ], [ 269000.921900000423193, 149393.038399999961257 ], [ 269380.999900000169873, 149248.897299999371171 ], [ 269404.891800000332296, 149540.753900000825524 ], [ 269700.454300000332296, 149648.829199999570847 ], [ 270126.799200000241399, 149596.299000000581145 ], [ 271156.446700000204146, 150036.565799999982119 ], [ 271378.831699999980628, 150004.780600000172853 ], [ 272320.001400000415742, 149502.80460000038147 ], [ 272500.799499999731779, 149756.101199999451637 ], [ 273826.400200000032783, 149624.099700000137091 ], [ 275480.60010000038892, 151206.000099999830127 ], [ 276550.900000000372529, 150209.100199999287724 ], [ 279957.500500000081956, 149619.20130000077188 ], [ 279972.342299999669194, 149616.359899999573827 ], [ 280000.028500000014901, 149611.059399999678135 ], [ 281882.926300000399351, 149250.582599999383092 ], [ 285584.21999999973923, 148408.830000000074506 ], [ 285728.186900000087917, 148514.415599999949336 ], [ 286040.933000000193715, 148454.540999999269843 ], [ 286708.774699999950826, 147788.074599999934435 ], [ 286833.499900000169873, 147647.400000000372529 ], [ 288910.698599999770522, 148261.299399999901652 ], [ 289048.93059999961406, 148406.193900000303984 ], [ 289165.249800000339746, 148535.10700000077486 ], [ 289174.583399999886751, 148545.3445999994874 ], [ 289867.501199999824166, 149291.199999999254942 ], [ 291504.198599999770522, 149380.499600000679493 ], [ 295139.999699999578297, 148164.300300000235438 ], [ 295566.799700000323355, 148264.399900000542402 ], [ 296284.86600000038743, 147801.914599999785423 ], [ 296297.685899999924004, 147793.657700000330806 ], [ 297253.199900000356138, 147080.099999999627471 ], [ 297476.796000000089407, 146436.902200000360608 ], [ 297519.886800000444055, 146444.206199999898672 ], [ 298444.29619999974966, 146600.895300000905991 ], [ 299361.063000000081956, 146243.918299999088049 ], [ 299999.991399999707937, 145306.561000000685453 ], [ 300566.203900000080466, 144474.603900000452995 ], [ 301434.201200000010431, 143684.799399999901652 ], [ 302725.898699999786913, 143508.900299999862909 ], [ 304093.004099999554455, 143723.499900000169873 ], [ 305720.801099999807775, 143343.199599999934435 ], [ 305770.578599999658763, 143351.644300000742078 ], [ 307220.396900000050664, 143597.604900000616908 ], [ 307266.000300000421703, 143353.404799999669194 ], [ 308304.597699999809265, 143078.803400000557303 ], [ 309657.001000000163913, 143402.200099999085069 ], [ 310255.334599999710917, 143191.08530000038445 ], [ 310338.901600000448525, 143161.599700000137091 ], [ 310916.900100000202656, 143056.799900000914931 ], [ 312256.100999999791384, 143917.703299999237061 ], [ 314215.498499999754131, 144339.702500000596046 ], [ 315107.799899999983609, 144602.499800000339746 ], [ 316105.200600000098348, 145381.504300000146031 ], [ 316949.900000000372529, 145501.799900000914931 ], [ 317621.900100000202656, 145167.900100000202656 ], [ 318754.800300000235438, 145470.599600000306964 ], [ 319426.500500000081956, 146122.5011 ], [ 320000.020600000396371, 146200.768300000578165 ], [ 321063.5, 146345.89919999986887 ], [ 322243.999900000169873, 145898.100199999287724 ], [ 323203.500300000421703, 146042.500099999830127 ], [ 324894.200100000016391, 145235.800100000575185 ], [ 326425.699300000444055, 145691.298900000751019 ], [ 326474.00040000025183, 145730.383400000631809 ], [ 328102.699199999682605, 147048.300200000405312 ], [ 328918.399799999780953, 147056.399900000542402 ], [ 328554.200000000186265, 146465.800200000405312 ], [ 328409.099999999627471, 146694.89919999986887 ], [ 328124.500300000421703, 145949.699699999764562 ], [ 328537.0, 146387.199699999764562 ], [ 327934.299800000153482, 144419.300300000235438 ], [ 327062.599499999545515, 144456.799100000411272 ], [ 326264.900000000372529, 143565.400200000032783 ], [ 325897.300099999643862, 142129.300300000235438 ], [ 326186.712000000290573, 142105.557399999350309 ], [ 326260.502100000157952, 142099.503799999132752 ], [ 326262.81319999974221, 142136.601999999955297 ], [ 326281.514000000432134, 142436.786299999803305 ], [ 326283.343100000172853, 142466.146500000730157 ], [ 326317.797100000083447, 143019.200500000268221 ], [ 326641.799899999983609, 143624.499900000169873 ], [ 327791.502799999900162, 143809.004399999976158 ], [ 328324.700199999846518, 144221.199699999764562 ], [ 328464.90610000025481, 144564.139200000092387 ], [ 328674.85259999986738, 145077.662200000137091 ], [ 328980.799700000323355, 145825.999800000339746 ], [ 329100.300300000235438, 145348.303600000217557 ], [ 329147.29590000025928, 146139.797199999913573 ], [ 330095.477699999697506, 147885.055900000035763 ], [ 330104.902099999599159, 147902.402699999511242 ], [ 330051.875099999830127, 147881.305299999192357 ], [ 329974.201899999752641, 147850.402100000530481 ], [ 329982.650899999774992, 147875.350999999791384 ], [ 330143.901200000196695, 148351.504100000485778 ], [ 330151.074199999682605, 148380.781400000676513 ], [ 330260.911500000394881, 148833.40430000051856 ], [ 330329.370799999684095, 149115.515100000426173 ], [ 330168.999499999918044, 150000.0011 ], [ 329226.10219999961555, 151431.402499999850988 ], [ 328805.200199999846518, 152704.899000000208616 ], [ 329627.397599999792874, 158395.698999999091029 ], [ 329453.917299999855459, 158758.970599999651313 ], [ 328455.501199999824166, 158844.099999999627471 ], [ 327919.599200000055134, 159337.49970000050962 ], [ 330210.698800000362098, 158928.301200000569224 ], [ 330818.621600000187755, 158451.357899999246001 ], [ 330578.699799999594688, 158254.299699999392033 ], [ 331330.661899999715388, 157533.5320999994874 ], [ 331348.021099999547005, 157508.517200000584126 ], [ 331345.730399999767542, 157506.524900000542402 ], [ 330724.599899999797344, 156966.299200000241399 ], [ 330757.60149999987334, 156783.635800000280142 ], [ 330764.831799999810755, 156743.61600000038743 ], [ 330771.935899999924004, 156705.523900000378489 ], [ 330842.944600000046194, 156324.77419999986887 ], [ 330803.740199999883771, 156650.715099999681115 ], [ 330785.589100000448525, 156813.014799999073148 ], [ 331371.599899999797344, 156969.200200000777841 ], [ 331151.497100000269711, 157045.2956000007689 ], [ 331487.400899999774992, 157433.804400000721216 ], [ 331485.671000000089407, 157476.917799999937415 ], [ 331444.799999999813735, 158495.500700000673532 ], [ 331342.200199999846518, 157799.700200000777841 ], [ 330937.699699999764562, 158400.900000000372529 ], [ 331404.101099999621511, 159955.60249999910593 ], [ 331409.250199999660254, 159999.984300000593066 ], [ 331419.670599999837577, 160089.801100000739098 ], [ 331607.425099999643862, 161708.112099999561906 ], [ 331612.099200000055134, 161748.399299999698997 ], [ 331152.10010000038892, 161796.399800000712276 ], [ 330874.800099999643862, 162478.699899999424815 ], [ 332680.700400000438094, 163139.801000000908971 ], [ 332721.498399999924004, 163221.624099999666214 ], [ 333040.201500000432134, 163860.804700000211596 ], [ 333113.999800000339746, 165251.100199999287724 ], [ 332400.698099999688566, 165907.998700000345707 ], [ 331849.697100000455976, 165942.898700000718236 ], [ 333522.900399999693036, 166329.597999999299645 ], [ 334416.621500000357628, 166837.422800000756979 ], [ 334746.283699999563396, 166942.868699999526143 ], [ 334927.900000000372529, 166798.603700000792742 ], [ 334734.599899999797344, 166203.500900000333786 ], [ 334921.014000000432134, 166397.253799999132752 ], [ 334970.800099999643862, 166448.999900000169873 ], [ 335335.197800000198185, 166046.9989 ], [ 334991.100200000219047, 166631.100099999457598 ], [ 336275.499699999578297, 166716.599999999627471 ], [ 337615.456699999980628, 166082.440500000491738 ], [ 337586.940600000321865, 166151.542899999767542 ], [ 337525.099899999797344, 166301.400200000032783 ], [ 337767.696899999864399, 166339.69510000012815 ], [ 337261.384999999776483, 166304.171599999070168 ], [ 337214.700699999928474, 166300.896199999377131 ], [ 337084.498200000263751, 166387.100600000470877 ], [ 336576.099899999797344, 166723.700799999758601 ], [ 338275.699900000356138, 168625.900699999183416 ], [ 338338.062599999830127, 168820.904200000688434 ], [ 338339.343299999833107, 168824.908800000324845 ], [ 338710.600200000219047, 169985.800100000575185 ], [ 339306.068300000391901, 170329.090099999681115 ], [ 339209.296400000341237, 170527.896199999377131 ], [ 339196.158900000154972, 170537.213600000366569 ], [ 338987.764600000344217, 170685.011499999091029 ], [ 338982.000300000421703, 170689.099700000137091 ], [ 339022.639200000092387, 170721.940500000491738 ], [ 340000.002399999648333, 171511.759400000795722 ], [ 340071.582000000402331, 171569.603800000622869 ], [ 340092.373200000263751, 171600.52280000038445 ], [ 341324.115199999883771, 173432.272399999201298 ], [ 341327.375799999572337, 173437.121300000697374 ], [ 343297.650399999693036, 175209.597699999809265 ], [ 343335.891900000162423, 175243.996300000697374 ], [ 344587.699799999594688, 176573.799900000914931 ], [ 345672.413499999791384, 176807.028300000354648 ], [ 345719.963700000196695, 176817.252299999818206 ], [ 346353.500300000421703, 177231.300000000745058 ], [ 346394.400600000284612, 177575.238099999725819 ], [ 346395.099700000137091, 177581.116900000721216 ], [ 346414.229899999685585, 177587.75899999961257 ], [ 347231.626400000415742, 177621.616100000217557 ], [ 347425.16440000012517, 177627.244899999350309 ], [ 347548.14919999986887, 177345.185300000011921 ], [ 347831.897099999710917, 177370.126800000667572 ], [ 347942.156299999915063, 177379.820499999448657 ], [ 349195.214100000448525, 177359.892200000584126 ], [ 349331.700199999846518, 177357.701199999079108 ], [ 349054.088100000284612, 177506.709300000220537 ], [ 349041.919900000095367, 177518.462600000202656 ], [ 349595.698800000362098, 177941.304199999198318 ], [ 349582.624200000427663, 178015.449100000783801 ], [ 349555.004399999976158, 178172.926599999889731 ], [ 349506.70160000026226, 178445.99970000050962 ], [ 349600.799899999983609, 178113.5932 ], [ 349602.330400000326335, 178110.975700000301003 ], [ 350342.326700000092387, 178204.488199999555945 ], [ 350363.396499999798834, 178207.198100000619888 ], [ 352190.89780000038445, 176511.403500000014901 ], [ 352498.267500000074506, 176023.403899999335408 ], [ 352541.098500000312924, 175955.402599999681115 ], [ 353134.800599999725819, 175852.701999999582767 ], [ 353700.502500000409782, 176043.397399999201298 ], [ 354018.300099999643862, 176615.60359999909997 ], [ 354345.802199999801815, 176330.0954 ], [ 354872.702800000086427, 175167.498199999332428 ], [ 354457.848799999803305, 176442.172199999913573 ], [ 354453.434600000269711, 176445.271800000220537 ], [ 354012.199900000356138, 176755.099700000137091 ], [ 352953.838200000114739, 175999.518799999728799 ], [ 350898.699799999594688, 177882.000700000673532 ], [ 350242.10219999961555, 178825.800599999725819 ], [ 350562.299999999813735, 178796.900000000372529 ], [ 350251.2966, 179057.104800000786781 ], [ 350503.298700000159442, 179017.096200000494719 ], [ 351335.484400000423193, 179999.988199999555945 ], [ 351862.802000000141561, 180622.796599999070168 ], [ 351877.213999999687076, 180646.398600000888109 ], [ 351904.387799999676645, 180701.995100000873208 ], [ 351920.448499999940395, 180716.11629999987781 ], [ 351940.029699999839067, 180747.300200000405312 ], [ 351949.4704, 180761.973899999633431 ], [ 352025.60080000013113, 180855.200099999085069 ], [ 352036.797600000165403, 180867.996400000527501 ], [ 352158.601700000464916, 181062.10050000064075 ], [ 352399.299899999983609, 181385.898199999704957 ], [ 352436.198499999940395, 181389.698499999940395 ], [ 352434.221400000154972, 181407.361500000581145 ], [ 352437.301400000229478, 181424.597100000828505 ], [ 352438.848899999633431, 181459.247800000011921 ], [ 352448.749900000169873, 181488.149299999698997 ], [ 352466.754900000058115, 181529.753599999472499 ], [ 352494.852400000207126, 181607.901799999177456 ], [ 352503.49959999974817, 181623.224799999967217 ], [ 352524.995900000445545, 181672.696100000292063 ], [ 352539.0318, 181687.599500000476837 ], [ 352559.544400000013411, 181706.237199999392033 ], [ 352588.552699999883771, 181754.552400000393391 ], [ 352602.076100000180304, 181780.471300000324845 ], [ 352617.326799999922514, 181802.424599999561906 ], [ 352641.30530000012368, 181847.727900000289083 ], [ 352653.350899999961257, 181859.652599999681115 ], [ 352679.302199999801815, 181900.60080000013113 ], [ 352692.331899999640882, 181920.251000000163913 ], [ 352701.299999999813735, 181939.799599999561906 ], [ 352718.301300000399351, 181971.300599999725819 ], [ 352723.8761, 181987.219200000166893 ], [ 352740.292600000277162, 182001.506599999964237 ], [ 352748.700899999588728, 182013.298599999397993 ], [ 352751.302199999801815, 182029.354000000283122 ], [ 352782.551099999807775, 182063.251499999314547 ], [ 352797.644299999810755, 182079.478800000622869 ], [ 352857.941100000403821, 182062.661399999633431 ], [ 352870.527400000020862, 182043.627199999988079 ], [ 352893.934200000017881, 182016.658600000664592 ], [ 352890.57050000037998, 182035.566500000655651 ], [ 352869.049899999983609, 182071.901799999177456 ], [ 352840.434999999590218, 182126.972999999299645 ], [ 352858.2489, 182182.5 ], [ 352861.170300000347197, 182202.544099999591708 ], [ 352892.793399999849498, 182251.885199999436736 ], [ 352899.699300000444055, 182267.255899999290705 ], [ 352916.001400000415742, 182291.998800000175834 ], [ 352924.26410000026226, 182311.583200000226498 ], [ 352938.905399999581277, 182340.627599999308586 ], [ 352949.701700000092387, 182360.332599999383092 ], [ 352966.349899999797344, 182385.601399999111891 ], [ 352989.703999999910593, 182421.901599999517202 ], [ 352997.998499999754131, 182434.497999999672174 ], [ 353008.197700000368059, 182444.894999999552965 ], [ 353025.100399999879301, 182472.097599999979138 ], [ 353033.802799999713898, 182489.152400000020862 ], [ 353051.943099999800324, 182510.7043999992311 ], [ 353061.798799999989569, 182536.198899999260902 ], [ 353071.665199999697506, 182549.370200000703335 ], [ 353087.309600000269711, 182584.826799999922514 ], [ 353106.701500000432134, 182605.848999999463558 ], [ 353112.628800000064075, 182625.502299999818206 ], [ 353125.799700000323355, 182644.500399999320507 ], [ 353137.658200000412762, 182658.015300000086427 ], [ 353160.85869999974966, 182703.598899999633431 ], [ 353176.173200000077486, 182726.476299999281764 ], [ 353189.473299999721348, 182753.224799999967217 ], [ 353266.132000000216067, 182885.190700000151992 ], [ 353276.668600000441074, 182902.549200000241399 ], [ 353304.192499999888241, 182947.162599999457598 ], [ 353314.388299999758601, 182963.766000000759959 ], [ 353322.431800000369549, 182975.953700000420213 ], [ 353326.982499999925494, 182983.291600000113249 ], [ 353332.55489999987185, 182992.276900000870228 ], [ 353347.445199999958277, 183016.387700000777841 ], [ 353367.881000000052154, 183049.233799999579787 ], [ 353369.64740000013262, 183052.902599999681115 ], [ 354086.899500000290573, 186240.699300000444055 ], [ 354548.910000000149012, 186397.963700000196695 ], [ 355899.739299999549985, 188303.564899999648333 ], [ 355934.501799999736249, 188352.604000000283122 ], [ 356619.098699999973178, 189831.000499999150634 ], [ 358623.299399999901652, 191165.099700000137091 ], [ 358816.595900000073016, 191024.099300000816584 ], [ 358709.797600000165403, 191255.403000000864267 ], [ 359587.097500000149012, 192072.700300000607967 ], [ 359901.802600000053644, 192858.304199999198318 ], [ 360000.014600000344217, 192812.022299999371171 ], [ 360870.300400000065565, 192401.904899999499321 ], [ 360000.016800000332296, 192945.38230000063777 ], [ 359941.700000000186265, 192981.800200000405312 ], [ 360000.00800000037998, 193195.498999999836087 ], [ 360380.799800000153482, 194591.099300000816584 ], [ 361485.999900000169873, 196552.099700000137091 ], [ 363121.999400000087917, 197743.899000000208616 ], [ 363285.397900000214577, 197833.230499999597669 ], [ 364933.200199999846518, 198734.099999999627471 ], [ 366001.93030000012368, 200000.039599999785423 ], [ 366229.499800000339746, 200269.60190000012517 ], [ 366301.298299999907613, 200215.071299999952316 ], [ 366814.400100000202656, 203101.900000000372529 ], [ 367474.499900000169873, 203135.099799999967217 ], [ 369061.999499999918044, 204663.605000000447035 ], [ 370221.899699999950826, 204256.600899999961257 ], [ 373646.674999999813735, 206730.268400000408292 ], [ 373728.399000000208616, 206789.296499999240041 ], [ 373919.499699999578297, 207578.599899999797344 ], [ 373621.996500000357628, 208634.29839999973774 ], [ 371605.600899999961257, 209791.198799999430776 ], [ 369694.10010000038892, 210051.899800000712276 ], [ 369265.900000000372529, 210542.001199999824166 ], [ 369471.099700000137091, 211327.799799999222159 ], [ 370115.998599999584258, 212457.604000000283122 ], [ 370827.10219999961555, 213020.103000000119209 ], [ 371647.403300000354648, 211933.004200000315905 ], [ 374241.400100000202656, 210526.899900000542402 ], [ 375665.033400000073016, 210657.124399999156594 ], [ 375668.220999999903142, 210657.415999999269843 ], [ 376156.899299999698997, 211061.103700000792742 ], [ 376252.698699999600649, 211753.195599999278784 ], [ 375322.900299999862909, 212565.200300000607967 ], [ 375168.4989, 213793.700799999758601 ], [ 375302.700000000186265, 214281.400100000202656 ], [ 375752.786399999633431, 214522.942900000140071 ], [ 375950.599999999627471, 214629.101199999451637 ], [ 375231.499200000427663, 214349.601299999281764 ], [ 375060.999800000339746, 213723.400900000706315 ], [ 375249.39989999961108, 212086.100199999287724 ], [ 376100.10010000038892, 211633.500199999660254 ], [ 375957.980800000019372, 211221.523900000378489 ], [ 375910.503899999894202, 211083.897199999541044 ], [ 375857.525500000454485, 211068.318399999290705 ], [ 374630.500300000421703, 210707.50029999949038 ], [ 373232.197100000455976, 211399.362900000065565 ], [ 373211.377199999988079, 211413.638399999588728 ], [ 373175.353799999691546, 211427.488299999386072 ], [ 372395.198599999770522, 211813.499099999666214 ], [ 371520.800699999555945, 213245.899599999189377 ], [ 370875.500500000081956, 213493.198999999091029 ], [ 369722.490000000223517, 212754.522099999710917 ], [ 369721.033900000154972, 212751.685300000011921 ], [ 368941.201200000010431, 211232.399800000712276 ], [ 368971.255900000222027, 211022.380799999460578 ], [ 369045.980200000107288, 210500.216099999845028 ], [ 369163.500099999830127, 209679.0011 ], [ 369646.400100000202656, 209290.700400000438094 ], [ 371718.299899999983609, 209093.100099999457598 ], [ 372107.403500000014901, 208877.698699999600649 ], [ 372176.800999999977648, 208314.699999999254942 ], [ 370126.799899999983609, 206908.101399999111891 ], [ 369878.32660000026226, 206828.8761 ], [ 369892.599999999627471, 206796.500199999660254 ], [ 367120.5307, 204700.850600000470877 ], [ 367136.097799999639392, 204664.702600000426173 ], [ 367137.507000000216067, 204661.430400000885129 ], [ 367029.801099999807775, 204139.099999999627471 ], [ 365993.740500000305474, 203364.589099999517202 ], [ 365821.29079999960959, 203170.254100000485778 ], [ 365181.0, 201414.899700000882149 ], [ 364539.46129999961704, 201074.013900000602007 ], [ 362518.193799999542534, 200000.00029999949038 ], [ 360638.10010000038892, 199001.0 ], [ 360602.043499999679625, 199051.715399999171495 ], [ 360358.399100000038743, 198676.399000000208616 ], [ 360000.022699999623001, 198466.743200000375509 ], [ 357914.70160000026226, 197246.798000000417233 ], [ 356799.903400000184774, 195944.500800000503659 ], [ 356953.800099999643862, 195205.499900000169873 ], [ 355193.501699999906123, 192707.297399999573827 ], [ 355249.099999999627471, 190694.300100000575185 ], [ 354999.998300000093877, 190303.2956000007689 ], [ 354661.801199999637902, 190357.099500000476837 ], [ 354446.10010000038892, 191066.099799999967217 ], [ 354739.999800000339746, 191750.800699999555945 ], [ 353907.899699999950826, 192970.5011 ], [ 353902.700899999588728, 193041.624800000339746 ], [ 353981.296299999579787, 194045.90430000051856 ], [ 353693.197399999946356, 194391.695299999788404 ], [ 353225.702399999834597, 194190.003000000491738 ], [ 353044.797500000335276, 194639.704299999400973 ], [ 354035.202499999664724, 196397.401200000196695 ], [ 353192.499499999918044, 195883.498299999162555 ], [ 352718.176599999889731, 196050.494100000709295 ], [ 352804.839999999850988, 196866.099999999627471 ], [ 353871.21999999973923, 196935.609999999403954 ], [ 354666.098100000061095, 197405.902499999850988 ], [ 353578.401399999856949, 198314.302500000223517 ], [ 353860.596800000406802, 199387.295299999415874 ], [ 353509.39850000012666, 200082.896199999377131 ], [ 352884.802099999971688, 200366.494999999180436 ], [ 352854.097500000149012, 200667.298900000751019 ], [ 353689.503600000403821, 200421.499299999326468 ], [ 353903.10010000038892, 201019.598099999129772 ], [ 353163.501699999906123, 201922.699599999934435 ], [ 353094.103000000119209, 203099.502699999138713 ], [ 352612.797600000165403, 203746.997400000691414 ], [ 353651.700000000186265, 204362.101299999281764 ], [ 353870.761099999770522, 205106.998500000685453 ], [ 354336.897499999962747, 206434.797900000587106 ], [ 353628.902400000020862, 207013.10249999910593 ], [ 353142.303600000217557, 208024.602900000289083 ], [ 353522.903900000266731, 208893.904100000858307 ], [ 353479.996600000187755, 210150.304400000721216 ], [ 353902.498200000263751, 210836.497999999672174 ], [ 353326.201399999670684, 211847.898499999195337 ], [ 353724.39670000039041, 212465.701700000092387 ], [ 354627.404000000096858, 212654.997500000521541 ], [ 354547.699000000022352, 213998.402899999171495 ], [ 355287.00069999974221, 214143.101500000804663 ], [ 355272.703700000420213, 214366.797499999403954 ], [ 354828.5011, 214454.902300000190735 ], [ 354742.200000000186265, 215104.096400000154972 ], [ 354193.697300000116229, 215433.102299999445677 ], [ 353048.400600000284612, 215758.799000000581145 ], [ 352757.498399999924004, 215160.900200000032783 ], [ 352319.900000000372529, 215255.903000000864267 ], [ 352057.89670000039041, 216473.604399999603629 ], [ 351523.19620000012219, 216578.604399999603629 ], [ 351164.000099999830127, 215845.004399999976158 ], [ 350760.800200000405312, 216034.300200000405312 ], [ 350524.198400000110269, 216941.425000000745058 ], [ 349969.298999999649823, 215976.19679999910295 ], [ 349697.698499999940395, 216117.896199999377131 ], [ 349189.002899999730289, 215591.896800000220537 ], [ 349037.400999999605119, 216244.799900000914931 ], [ 347957.396900000050664, 216637.797399999573827 ], [ 347106.803399999625981, 218476.801000000908971 ], [ 346471.199900000356138, 218872.897600000724196 ], [ 346902.529500000178814, 220084.67879999987781 ], [ 347200.519999999552965, 220497.919999999925494 ], [ 345245.790000000037253, 221394.900000000372529 ], [ 344451.901999999769032, 222272.904400000348687 ], [ 343424.990000000223517, 223293.429999999701977 ], [ 342574.009999999776483, 223389.449999999254942 ], [ 342185.259999999776483, 224692.619999999180436 ], [ 341965.339999999850988, 224411.900000000372529 ], [ 341378.209999999962747, 224477.919999999925494 ], [ 341346.990000000223517, 224207.330000000074506 ], [ 340814.570000000298023, 224289.21000000089407 ], [ 340718.25, 224645.990000000223517 ], [ 341883.179999999701977, 224935.119999999180436 ], [ 341974.950000000186265, 225197.359999999403954 ], [ 341000.0, 225818.699999999254942 ], [ 340279.379999999888241, 225720.322000000625849 ], [ 339908.098299999721348, 226425.695699999108911 ], [ 339409.506000000052154, 226571.151000000536442 ], [ 338998.701100000180304, 226478.300599999725819 ], [ 339102.102400000207126, 225887.599700000137091 ], [ 338727.801300000399351, 225581.597300000488758 ], [ 337923.099899999797344, 225570.500499999150634 ], [ 337080.0011, 224747.895899999886751 ], [ 336262.701200000010431, 224335.504000000655651 ], [ 335860.202100000344217, 224469.595599999651313 ], [ 334570.501400000415742, 223504.801799999549985 ], [ 333240.300900000147521, 223381.996899999678135 ], [ 332939.100599999539554, 225891.698499999940395 ], [ 331380.503700000233948, 225464.300899999216199 ], [ 330775.497600000351667, 225881.201500000432134 ], [ 330764.902700000442564, 227099.502800000831485 ], [ 329598.5, 229250.5 ], [ 328952.5, 229538.5 ], [ 328677.0, 230281.5 ], [ 326792.583999999798834, 232168.288699999451637 ], [ 325679.703599999658763, 234517.799300000071526 ], [ 325503.201500000432134, 235610.996400000527501 ], [ 324673.698900000192225, 236599.603399999439716 ], [ 325576.302199999801815, 238639.299599999561906 ], [ 325153.396599999628961, 239350.495999999344349 ], [ 325298.30350000038743, 239720.599999999627471 ], [ 323566.296500000171363, 241416.504599999636412 ], [ 323442.10120000038296, 241900.196100000292063 ], [ 322937.871399999596179, 242814.276300000026822 ], [ 323442.230000000447035, 243975.160000000149012 ], [ 323200.900000000372529, 245573.349999999627471 ], [ 324391.730000000447035, 245807.490000000223517 ], [ 324440.129999999888241, 247066.519999999552965 ], [ 322869.300300000235438, 247961.601099999621511 ], [ 322267.897300000302494, 247831.898199999704957 ], [ 321977.201100000180304, 248570.89670000039041 ], [ 322469.002600000239909, 248969.902499999850988 ], [ 322357.702499999664724, 249453.404100000858307 ], [ 325255.2972999997437, 250120.603099999949336 ], [ 326721.5, 251374.404200000688434 ], [ 326598.500199999660254, 251852.897199999541044 ], [ 325947.29700000025332, 252208.495400000363588 ], [ 324916.598399999551475, 251285.799499999731779 ], [ 323692.60259999986738, 251940.102299999445677 ], [ 323357.300699999555945, 252665.004799999296665 ], [ 324015.099899999797344, 253023.602099999785423 ], [ 324018.802000000141561, 253400.904100000858307 ], [ 324782.599700000137091, 253794.50139999948442 ], [ 325255.602300000376999, 254507.7972999997437 ], [ 324779.598500000312924, 256626.300799999386072 ], [ 326846.099399999715388, 257748.599600000306964 ], [ 326446.502500000409782, 258083.903599999845028 ], [ 326990.000500000081956, 259543.195800000801682 ], [ 326813.102699999697506, 260274.996300000697374 ], [ 328036.702800000086427, 260460.703099999576807 ], [ 328790.499200000427663, 260483.596699999645352 ], [ 328839.301699999719858, 261330.004399999976158 ], [ 328411.300599999725819, 261279.898800000548363 ], [ 328731.703599999658763, 261474.003200000151992 ], [ 328720.300699999555945, 262169.404100000858307 ], [ 330011.304100000299513, 262705.300799999386072 ], [ 331474.703499999828637, 263376.29869999922812 ], [ 332535.900600000284612, 262942.902699999511242 ], [ 333309.501699999906123, 263138.696699999272823 ], [ 333378.801400000229478, 262849.799399999901652 ], [ 334243.098199999891222, 263130.299100000411272 ], [ 334241.902700000442564, 263767.296800000593066 ], [ 334868.997299999929965, 264069.000399999320507 ], [ 335296.000799999572337, 263909.196100000292063 ], [ 334247.252999999560416, 264457.394999999552965 ], [ 332361.019999999552965, 264314.279999999329448 ], [ 331013.059999999590218, 265067.230000000447035 ], [ 331239.603900000452995, 265446.496099999174476 ], [ 331070.802699999883771, 266031.49860000051558 ], [ 331508.5, 266310.098899999633431 ], [ 331814.902999999932945, 267340.004100000485778 ], [ 331830.098600000143051, 269609.104599999263883 ], [ 332137.103500000201166, 270070.402499999850988 ], [ 332893.398199999704957, 269942.199200000613928 ], [ 334212.599700000137091, 270589.703900000080466 ], [ 335069.50069999974221, 272770.499600000679493 ], [ 333991.2034, 273029.795399999246001 ], [ 333725.597000000067055, 273405.397900000214577 ], [ 332941.903900000266731, 272990.796599999070168 ], [ 331984.198800000362098, 273097.596000000834465 ], [ 329236.400299999862909, 272313.800300000235438 ], [ 327669.302799999713898, 272879.998299999162555 ], [ 327186.801799999549985, 273639.800799999386072 ], [ 325149.100899999961257, 274985.695499999448657 ], [ 324494.698599999770522, 276040.703500000759959 ], [ 323841.302299999631941, 276082.801500000059605 ], [ 323218.503299999982119, 276873.69510000012815 ], [ 321529.197499999776483, 277257.795099999755621 ], [ 321055.098199999891222, 277759.401599999517202 ], [ 321133.500500000081956, 278623.004399999976158 ], [ 319907.740000000223517, 279701.550000000745058 ], [ 317162.139999999664724, 281060.080000000074506 ], [ 316986.410000000149012, 281678.089999999850988 ], [ 316423.139999999664724, 282102.939999999478459 ], [ 316598.03000000026077, 283102.919999999925494 ], [ 316113.799999999813735, 283443.759999999776483 ], [ 316452.159300000406802, 284630.352099999785423 ], [ 318779.601599999703467, 287123.601099999621511 ], [ 319906.396300000138581, 286865.505000000819564 ], [ 322355.25, 288490.169999999925494 ], [ 324871.901899999938905, 289619.896500000730157 ], [ 328987.10259999986738, 289549.696599999442697 ], [ 330232.403699999675155, 289759.396600000560284 ], [ 329741.89670000039041, 291102.502100000157952 ], [ 330153.20160000026226, 291791.304999999701977 ], [ 330052.496399999596179, 292261.10050000064075 ], [ 331980.397900000214577, 291800.20240000076592 ], [ 332188.395999999716878, 292273.197000000625849 ], [ 331913.802500000223517, 292872.295499999076128 ], [ 332680.403500000014901, 295485.797399999573827 ], [ 332315.897599999792874, 295671.2043999992311 ], [ 332473.502000000327826, 296689.702800000086427 ], [ 331887.070000000298023, 297810.029999999329448 ], [ 331350.499900000169873, 298001.897199999541044 ], [ 329967.201299999840558, 297650.797700000926852 ], [ 328243.002399999648333, 295828.499299999326468 ], [ 327893.403500000014901, 295974.797499999403954 ], [ 326027.002000000327826, 295001.496099999174476 ], [ 325911.398000000044703, 294677.498800000175834 ], [ 326796.39809999987483, 294023.495999999344349 ], [ 326472.499200000427663, 293512.002399999648333 ], [ 324885.003299999982119, 292942.495500000193715 ], [ 323226.950000000186265, 292779.910000000149012 ], [ 322960.597799999639392, 293442.702299999073148 ], [ 324715.097400000318885, 294302.096300000324845 ], [ 323682.098399999551475, 297064.695499999448657 ], [ 322994.402599999681115, 297941.504499999806285 ], [ 322950.901600000448525, 298954.4046 ], [ 323196.596199999563396, 299033.201999999582767 ], [ 322893.796299999579787, 299265.495500000193715 ], [ 324073.103900000452995, 299460.199799999594688 ], [ 324390.200699999928474, 299246.900800000876188 ], [ 325561.601300000213087, 300549.597899999469519 ], [ 326300.4989, 300746.701500000432134 ], [ 326041.801900000311434, 301844.597300000488758 ], [ 326798.599600000306964, 302533.400100000202656 ], [ 326809.203599999658763, 302972.574500000104308 ], [ 327529.697399999946356, 303686.5 ], [ 327457.998300000093877, 304006.598400000482798 ], [ 328366.379999999888241, 304192.529999999329448 ], [ 327716.497499999590218, 304952.197699999436736 ], [ 326776.098799999803305, 305388.602800000458956 ], [ 327729.21999999973923, 305880.769999999552965 ], [ 328981.110000000335276, 306032.140000000596046 ], [ 329008.190000000409782, 306703.980000000447035 ], [ 329413.919999999925494, 306982.550000000745058 ], [ 329141.679999999701977, 307695.720000000670552 ], [ 329874.699900000356138, 309134.700500000268221 ], [ 329396.404000000096858, 309151.695599999278784 ], [ 329647.804100000299513, 309819.304500000551343 ], [ 329327.904000000096858, 310910.80210000090301 ], [ 330198.095999999903142, 311140.196399999782443 ], [ 330751.940000000409782, 312235.230000000447035 ], [ 331012.303999999538064, 312600.198499999940395 ], [ 330835.200100000016391, 313697.90430000051856 ], [ 331108.2023, 314554.399100000038743 ], [ 331274.497000000439584, 314673.19510000012815 ], [ 331312.696299999952316, 314220.104800000786781 ], [ 332515.098299999721348, 314093.001199999824166 ], [ 334075.599799999967217, 314774.29619999974966 ], [ 334024.10120000038296, 313525.103700000792742 ], [ 334867.298799999989569, 313408.097200000658631 ], [ 335174.19649999961257, 313624.19539999961853 ], [ 335145.800499999895692, 314645.603000000119209 ], [ 334809.89670000039041, 314659.199100000783801 ], [ 334930.002500000409782, 315394.29869999922812 ], [ 334355.395999999716878, 315787.796099999919534 ], [ 333178.9989, 315579.395700000226498 ], [ 332757.197999999858439, 316101.096400000154972 ], [ 333084.700100000016391, 316121.60050000064075 ], [ 333129.396599999628961, 316696.895800000056624 ], [ 331939.700199999846518, 317446.701199999079108 ], [ 331472.897900000214577, 317251.297100000083447 ], [ 331124.700699999928474, 317684.30320000089705 ], [ 331633.998100000433624, 317745.495699999853969 ], [ 331899.900000000372529, 318704.25 ], [ 331465.900000000372529, 319377.480000000447035 ], [ 331082.839999999850988, 318990.890000000596046 ], [ 330817.650000000372529, 319320.5 ], [ 330222.709999999962747, 318995.619999999180436 ], [ 330423.389999999664724, 319348.869999999180436 ], [ 329999.910000000149012, 319704.839999999850988 ], [ 329478.910000000149012, 319338.320000000298023 ], [ 329082.490000000223517, 319517.199999999254942 ], [ 329409.450000000186265, 319962.720000000670552 ], [ 328727.498599999584258, 320089.504699999466538 ], [ 328403.896499999798834, 319581.300200000405312 ], [ 327943.7972999997437, 320160.804300000891089 ], [ 327619.799399999901652, 319653.299599999561906 ], [ 327267.397300000302494, 319869.597699999809265 ], [ 327200.900799999944866, 320529.99860000051558 ], [ 326649.89989999961108, 320549.303099999204278 ], [ 326471.600399999879301, 321576.9989 ], [ 326879.203300000168383, 321965.997600000351667 ], [ 326827.803600000217557, 322555.298900000751019 ], [ 326072.300400000065565, 322097.300000000745058 ], [ 325510.597299999557436, 322281.897099999710917 ], [ 325253.903900000266731, 321588.395700000226498 ], [ 324622.200299999676645, 321385.803600000217557 ], [ 324637.000099999830127, 321657.695800000801682 ], [ 323054.698699999600649, 322027.799900000914931 ], [ 322909.997899999842048, 321827.897099999710917 ], [ 322684.000799999572337, 322230.002000000327826 ], [ 321983.401399999856949, 322396.704299999400973 ], [ 321758.500900000333786, 323041.799599999561906 ], [ 322289.79619999974966, 323396.798000000417233 ], [ 322286.498100000433624, 323949.499800000339746 ], [ 321800.139999999664724, 323522.119999999180436 ], [ 321349.001699999906123, 323946.900499999523163 ], [ 321391.999699999578297, 325274.500499999150634 ], [ 322273.39670000039041, 326534.99970000050962 ], [ 322192.603400000371039, 327236.198999999091029 ], [ 322554.000900000333786, 327848.003900000825524 ], [ 321771.198300000280142, 328408.703400000929832 ], [ 324182.79619999974966, 330552.399700000882149 ], [ 322590.402800000272691, 331794.70409999974072 ], [ 322817.43790000025183, 332145.515100000426173 ], [ 322912.999099999666214, 332530.10359999909997 ], [ 323690.796900000423193, 332570.30210000090301 ], [ 322891.603199999779463, 333139.299200000241399 ], [ 323571.796000000089407, 333656.701099999248981 ], [ 325141.301099999807775, 333527.698100000619888 ], [ 324967.396200000308454, 334166.295299999415874 ], [ 325254.560300000011921, 334961.278599999845028 ], [ 325550.998100000433624, 336393.297800000756979 ], [ 326421.704599999822676, 337551.030799999833107 ], [ 327726.597699999809265, 336993.196100000292063 ], [ 328577.702399999834597, 337077.301999999210238 ], [ 328784.39780000038445, 337407.797399999573827 ], [ 330139.78000000026077, 337234.089999999850988 ], [ 330746.429999999701977, 337579.660000000149012 ], [ 330986.169999999925494, 338204.929999999701977 ], [ 331283.059999999590218, 338160.800000000745058 ], [ 331553.940000000409782, 339217.220000000670552 ], [ 331761.370000000111759, 339518.769999999552965 ], [ 332016.0, 339517.203600000590086 ], [ 332339.800099999643862, 340387.7043999992311 ], [ 334130.099700000137091, 340652.898499999195337 ], [ 334452.597000000067055, 341546.002900000661612 ], [ 334632.001299999654293, 341731.199799999594688 ], [ 335046.802000000141561, 341194.203600000590086 ], [ 334749.600599999539554, 340785.100700000301003 ], [ 335481.597099999897182, 340240.796499999240041 ], [ 335609.997399999760091, 339739.599899999797344 ], [ 337669.696100000292063, 338322.795499999076128 ], [ 338255.103699999861419, 338839.997400000691414 ], [ 339065.700400000438094, 338683.902100000530481 ], [ 339742.100499999709427, 339586.603700000792742 ], [ 340474.896800000220537, 339828.304500000551343 ], [ 340720.096699999645352, 339173.202099999412894 ], [ 341531.097400000318885, 339006.299799999222159 ], [ 343580.399100000038743, 338688.800699999555945 ], [ 343736.098799999803305, 337525.503699999302626 ], [ 345426.303299999795854, 335587.698400000110269 ], [ 345422.89809999987483, 334989.399700000882149 ], [ 346246.009999999776483, 333417.320000000298023 ], [ 348176.798000000417233, 335482.298599999397993 ], [ 349317.502199999988079, 336623.002100000157952 ], [ 351118.800699999555945, 336665.599899999797344 ], [ 351168.897699999623001, 339091.995300000533462 ], [ 351448.100200000219047, 340216.103499999269843 ], [ 351236.597900000400841, 341245.4989 ], [ 350715.996500000357628, 341650.302999999374151 ], [ 351298.699699999764562, 343127.00029999949038 ], [ 350168.499699999578297, 343569.60359999909997 ], [ 349080.201100000180304, 343500.003499999642372 ], [ 348708.299399999901652, 344362.39670000039041 ], [ 347759.696899999864399, 344288.697799999266863 ], [ 347614.897099999710917, 344613.005000000819564 ], [ 347413.60219999961555, 344350.500199999660254 ], [ 347008.200799999758601, 344510.604399999603629 ], [ 346908.996199999935925, 344023.503799999132752 ], [ 346172.596900000236928, 343884.803300000727177 ], [ 343988.397699999623001, 344750.395600000396371 ], [ 343676.899299999698997, 346010.304999999701977 ], [ 343886.900999999605119, 346255.104900000616908 ], [ 343473.897599999792874, 347039.200400000438094 ], [ 342494.7966, 347299.096100000664592 ], [ 342386.002999999560416, 348263.200099999085069 ], [ 342718.19649999961257, 349227.404100000858307 ], [ 342307.097799999639392, 349382.299699999392033 ], [ 341985.796000000089407, 349604.096300000324845 ], [ 342332.302899999544024, 349962.903500000014901 ], [ 341763.401999999769032, 350140.602700000628829 ], [ 342236.998300000093877, 350497.800400000065565 ], [ 342221.497600000351667, 350887.598899999633431 ], [ 341888.900000000372529, 350662.203400000929832 ], [ 342043.297100000083447, 350957.798800000920892 ], [ 342504.698900000192225, 351111.204900000244379 ], [ 341981.500300000421703, 351404.100999999791384 ], [ 342393.802799999713898, 351499.803600000217557 ], [ 341617.596300000324845, 351627.397099999710917 ], [ 342360.896800000220537, 351848.303899999707937 ], [ 341767.697599999606609, 352235.70299999974668 ], [ 342100.19620000012219, 352435.195900000631809 ], [ 341847.303700000047684, 352852.496400000527501 ], [ 341290.399299999698997, 352767.600700000301003 ], [ 341449.801099999807775, 353253.101700000464916 ], [ 341023.597400000318885, 353402.199100000783801 ], [ 341436.897499999962747, 354167.899900000542402 ], [ 340418.401600000448525, 354846.795499999076128 ], [ 340254.902099999599159, 355298.496300000697374 ], [ 339760.503499999642372, 355224.697399999946356 ], [ 339873.798899999819696, 356012.301899999380112 ], [ 340180.498599999584258, 356107.404699999839067 ], [ 339977.497000000439584, 355843.000399999320507 ], [ 340267.401600000448525, 355820.096899999305606 ], [ 340692.698300000280142, 356724.997899999842048 ], [ 340285.598399999551475, 356702.704299999400973 ], [ 340404.203599999658763, 357281.798499999567866 ], [ 340931.5, 357492.098300000652671 ], [ 341141.798600000329316, 358605.599600000306964 ], [ 340769.896800000220537, 358611.198000000789762 ], [ 340056.798000000417233, 357797.900800000876188 ], [ 339169.299599999561906, 357658.300799999386072 ], [ 338467.801599999889731, 358310.903999999165535 ], [ 336944.303899999707937, 358686.996300000697374 ], [ 336736.099600000306964, 359317.795700000599027 ], [ 335612.998599999584258, 359943.296700000762939 ], [ 334590.800699999555945, 361944.80379999987781 ], [ 334247.599999999627471, 361633.302899999544024 ], [ 333696.697999999858439, 362253.795299999415874 ], [ 333902.0, 362724.300599999725819 ], [ 334466.102400000207126, 362577.402699999511242 ], [ 335179.399100000038743, 363067.302500000223517 ], [ 335721.780299999751151, 363194.805800000205636 ], [ 337235.502999999560416, 363702.900499999523163 ], [ 338075.402599999681115, 364211.404899999499321 ], [ 338589.696600000374019, 365097.00139999948442 ], [ 338589.103000000119209, 365446.801300000399351 ], [ 338471.503600000403821, 366195.896900000050664 ], [ 337064.797199999913573, 367853.502399999648333 ], [ 336685.796500000171363, 368665.599999999627471 ], [ 332269.098699999973178, 372380.496500000357628 ], [ 331643.271900000050664, 372871.728099999949336 ], [ 330970.897300000302494, 373254.19649999961257 ], [ 330130.404000000096858, 373311.300100000575185 ], [ 329300.901399999856949, 373380.300400000065565 ], [ 328414.673700000159442, 373503.465199999511242 ], [ 326901.70409999974072, 374624.404200000688434 ], [ 326895.927600000053644, 374632.078700000420213 ], [ 326642.450199999846518, 375003.618899999186397 ], [ 326961.700100000016391, 375596.700300000607967 ], [ 327236.000099999830127, 375307.698699999600649 ], [ 327260.359199999831617, 374969.976299999281764 ], [ 327277.999900000169873, 374725.399900000542402 ], [ 327781.185800000093877, 374473.410000000149012 ], [ 327288.000799999572337, 374741.100600000470877 ], [ 327426.300200000405312, 375036.300200000405312 ], [ 327981.89780000038445, 374561.20240000076592 ], [ 327417.323099999688566, 375115.511700000613928 ], [ 327343.899699999950826, 375187.600099999457598 ], [ 327474.60010000038892, 375479.499800000339746 ], [ 327598.916100000031292, 375283.882999999448657 ], [ 327778.499900000169873, 375001.300000000745058 ], [ 327745.681699999608099, 375419.962700000032783 ], [ 327743.099799999967217, 375452.899900000542402 ], [ 327767.653300000354648, 375440.334599999710917 ], [ 328198.000500000081956, 375220.102800000458956 ], [ 327795.957999999634922, 375466.578400000929832 ], [ 327544.398299999535084, 375620.799100000411272 ], [ 327255.999800000339746, 376017.400100000202656 ], [ 327749.502500000409782, 375829.09940000064671 ], [ 327767.097400000318885, 375847.004300000146031 ], [ 327296.200000000186265, 376260.900100000202656 ], [ 328149.998100000433624, 376235.802999999374151 ], [ 328242.404500000178814, 375880.519300000742078 ], [ 328271.799899999983609, 375767.49970000050962 ], [ 328253.512500000186265, 375890.818600000813603 ], [ 328195.502600000239909, 376281.999800000339746 ], [ 328250.802199999801815, 376338.203700000420213 ], [ 328517.006599999964237, 376135.127800000831485 ], [ 329130.792200000025332, 375666.897099999710917 ], [ 328547.299499999731779, 376163.214999999850988 ], [ 328292.200600000098348, 376380.201700000092387 ], [ 327982.700100000016391, 376583.099300000816584 ], [ 327827.300099999643862, 376376.799799999222159 ], [ 327385.300699999555945, 376949.09940000064671 ], [ 327854.500199999660254, 377556.5 ], [ 327006.599899999797344, 376932.49970000050962 ], [ 327210.400100000202656, 377347.400000000372529 ], [ 326838.400000000372529, 377208.699799999594688 ], [ 326923.503800000064075, 377583.996700000017881 ], [ 326685.599799999967217, 377223.400000000372529 ], [ 326465.79590000025928, 377428.001800000667572 ], [ 326684.496199999935925, 377649.398399999365211 ], [ 326207.899000000208616, 377611.300000000745058 ], [ 326548.996799999848008, 377731.205000000074506 ], [ 326137.099200000055134, 377926.299699999392033 ], [ 327018.000199999660254, 378032.899299999698997 ], [ 326528.899699999950826, 378158.599999999627471 ], [ 327005.700199999846518, 378360.800000000745058 ], [ 326380.699900000356138, 378152.499900000169873 ], [ 326550.497399999760091, 378588.299599999561906 ], [ 326347.092899999581277, 378475.679700000211596 ], [ 326181.665300000458956, 378384.08669999986887 ], [ 326152.627100000157952, 378357.497300000861287 ], [ 326066.692800000309944, 378278.461100000888109 ], [ 325700.398699999786913, 379058.705000000074506 ], [ 326326.496199999935925, 378924.504699999466538 ], [ 325740.800300000235438, 379234.499800000339746 ], [ 325471.100300000049174, 379798.200099999085069 ], [ 325452.115399999544024, 380000.028999999165535 ], [ 325338.299999999813735, 381209.999800000339746 ], [ 324322.763199999928474, 382471.277400000020862 ], [ 324263.969700000248849, 382537.783900000154972 ], [ 320878.398299999535084, 386367.502900000661612 ], [ 320859.905899999663234, 386397.80629999935627 ], [ 320363.600700000301003, 387211.100700000301003 ], [ 320262.599999999627471, 388522.299699999392033 ], [ 321798.802799999713898, 389855.604399999603629 ], [ 324257.001500000245869, 391165.899900000542402 ], [ 324282.0159, 391174.091099999845028 ], [ 325732.603900000452995, 391649.100999999791384 ], [ 325767.878800000064075, 391669.799799999222159 ], [ 325770.357800000347197, 391671.254399999976158 ], [ 327676.601099999621511, 392789.808399999514222 ], [ 329655.465499999932945, 394061.283900000154972 ], [ 329658.911999999545515, 394063.498400000855327 ], [ 329903.095900000073016, 394220.404999999329448 ], [ 330996.598500000312924, 394516.400299999862909 ], [ 331650.400500000454485, 392751.696399999782443 ], [ 331708.094399999827147, 392617.195699999108911 ], [ 332025.902300000190735, 391876.296000000089407 ], [ 332034.706799999810755, 391852.406999999657273 ], [ 332759.619500000029802, 389883.045499999076128 ], [ 332760.935999999754131, 389876.98619999922812 ], [ 333135.189699999988079, 388154.523499999195337 ], [ 333137.275100000202656, 388144.925699999555945 ], [ 333150.099899999797344, 388085.901000000536442 ], [ 333851.125900000333786, 386186.567900000140071 ], [ 333867.502700000070035, 386142.197300000116229 ], [ 335319.700799999758601, 384455.300200000405312 ], [ 336282.221699999645352, 382174.322000000625849 ], [ 336291.015700000338256, 382161.915400000289083 ], [ 337823.4046, 380000.037200000137091 ], [ 338209.67960000038147, 379455.084400000050664 ], [ 338211.63150000013411, 379452.330600000917912 ], [ 338224.201200000010431, 379434.597400000318885 ], [ 339139.600899999961257, 379134.80320000089705 ], [ 339805.697300000116229, 378437.10190000012517 ], [ 339873.098000000230968, 378366.503100000321865 ], [ 339999.973000000230968, 378238.009400000795722 ], [ 340076.60259999986738, 378160.402100000530481 ], [ 340983.755699999630451, 377720.794900000095367 ], [ 341543.999900000169873, 377449.300100000575185 ], [ 343066.899799999780953, 377568.699699999764562 ], [ 343178.300200000405312, 377929.699100000783801 ], [ 344140.00040000025183, 378303.100400000810623 ], [ 343565.499900000169873, 378685.700799999758601 ], [ 343607.096599999815226, 379145.900000000372529 ], [ 343925.200000000186265, 379284.699999999254942 ], [ 345725.300999999977648, 379110.99970000050962 ], [ 347378.855700000189245, 377988.5318 ], [ 347510.596199999563396, 377899.103499999269843 ], [ 349944.106399999931455, 380000.011499999091029 ], [ 349965.010700000450015, 380018.058700000867248 ], [ 349254.300200000405312, 381451.49970000050962 ], [ 349632.432799999602139, 382329.680500000715256 ], [ 349520.500300000421703, 382387.599999999627471 ], [ 349575.003700000233948, 382658.4046 ], [ 349592.672500000335276, 382687.432299999520183 ], [ 349912.699900000356138, 383213.200200000777841 ], [ 350608.700199999846518, 383416.700300000607967 ], [ 351091.926099999807775, 383380.20299999974668 ], [ 351094.885200000368059, 383379.979499999433756 ], [ 352030.696100000292063, 383309.299300000071526 ], [ 352099.262400000356138, 383370.180400000885129 ], [ 353539.402200000360608, 384648.904799999669194 ], [ 354971.194899999536574, 384415.640900000929832 ], [ 355156.201000000350177, 384385.500199999660254 ], [ 355761.700899999588728, 384740.699200000613928 ], [ 355915.599999999627471, 385801.800200000405312 ], [ 356402.300999999977648, 386559.399000000208616 ], [ 357361.400100000202656, 386368.601199999451637 ], [ 357641.50069999974221, 386939.600099999457598 ], [ 358734.216699999757111, 386641.591000000014901 ], [ 357591.101300000213087, 387027.600199999287724 ], [ 357139.400200000032783, 386534.800300000235438 ], [ 356568.300099999643862, 386749.100199999287724 ], [ 356175.603900000452995, 386540.203400000929832 ], [ 355205.201399999670684, 384641.796800000593066 ], [ 354024.640300000086427, 385183.322200000286102 ], [ 353966.46030000038445, 385210.009400000795722 ], [ 353953.401600000448525, 385215.999500000849366 ], [ 353136.300499999895692, 385185.800499999895692 ], [ 352682.19620000012219, 384784.096100000664592 ], [ 352633.201899999752641, 384767.776900000870228 ], [ 352588.064199999906123, 384752.742200000211596 ], [ 351608.903599999845028, 384426.598400000482798 ], [ 351296.003600000403821, 383703.295499999076128 ], [ 349590.149699999950826, 383912.494999999180436 ], [ 349516.837799999862909, 384047.157400000840425 ], [ 349373.197800000198185, 384311.001599999144673 ], [ 349524.167799999937415, 383986.085699999704957 ], [ 349563.098799999803305, 383902.299000000581145 ], [ 349536.377799999900162, 383884.355299999937415 ], [ 349479.058100000023842, 383845.864000000059605 ], [ 348902.800400000065565, 383458.895400000736117 ], [ 348340.1579, 382351.922499999403954 ], [ 348267.996600000187755, 382025.495699999853969 ], [ 347872.499800000339746, 382454.599700000137091 ], [ 348301.900100000202656, 381649.199799999594688 ], [ 347487.699900000356138, 380892.900100000202656 ], [ 345552.996899999678135, 382096.495400000363588 ], [ 345112.10329999960959, 381973.996600000187755 ], [ 345105.212500000372529, 381972.082000000402331 ], [ 345044.796099999919534, 381955.295800000429153 ], [ 344389.500099999830127, 381446.800100000575185 ], [ 343153.799999999813735, 381511.901399999856949 ], [ 341618.799800000153482, 382279.000199999660254 ], [ 341294.763100000098348, 382547.714999999850988 ], [ 339999.977300000376999, 383621.44539999961853 ], [ 339528.899699999950826, 384012.097100000828505 ], [ 339498.132699999958277, 384044.469399999827147 ], [ 339117.587899999693036, 384446.588500000536442 ], [ 338705.165199999697506, 384882.392599999904633 ], [ 338612.073599999770522, 384950.440999999642372 ], [ 337285.814699999988079, 385919.914100000634789 ], [ 337231.098299999721348, 385959.910800000652671 ], [ 337167.39879999961704, 386006.596200000494719 ], [ 335698.335699999704957, 386931.837500000372529 ], [ 335612.503899999894202, 386985.895800000056624 ], [ 334663.208700000308454, 388100.129300000146031 ], [ 334586.299899999983609, 388190.400800000876188 ], [ 333937.701200000010431, 389804.199100000783801 ], [ 333878.862999999895692, 389959.222200000658631 ], [ 333507.902599999681115, 390936.605000000447035 ], [ 333501.125900000333786, 390985.562999999150634 ], [ 333496.943699999712408, 391015.777499999850988 ], [ 333096.648299999535084, 393907.702199999243021 ], [ 333094.2193, 393925.250199999660254 ], [ 333086.10080000013113, 393983.902100000530481 ], [ 332131.497399999760091, 395983.70130000077188 ], [ 331851.948800000362098, 395865.529200000688434 ], [ 331402.089499999769032, 396421.738500000908971 ], [ 331287.298000000417233, 396574.946599999442697 ], [ 331278.1875, 396587.885199999436736 ], [ 331025.230399999767542, 396947.131599999964237 ], [ 330958.075600000098348, 397046.358899999409914 ], [ 331219.799700000323355, 397358.300100000575185 ], [ 330847.983900000341237, 398412.954299999400973 ], [ 330115.077899999916553, 399999.9682 ], [ 329456.099600000306964, 401426.901100000366569 ], [ 329533.765999999828637, 402059.801100000739098 ], [ 329539.477500000037253, 402151.418700000271201 ], [ 329646.693500000052154, 403871.266100000590086 ], [ 329650.698099999688566, 403935.504100000485778 ], [ 329563.499800000339746, 404297.400399999693036 ], [ 329604.572499999776483, 403836.72859999909997 ], [ 329094.997499999590218, 403295.397299999371171 ], [ 328559.690799999982119, 403815.877100000157952 ], [ 328156.099399999715388, 404667.804400000721216 ], [ 327102.699900000356138, 405469.799900000914931 ], [ 326856.799999999813735, 406665.099899999797344 ], [ 327215.500199999660254, 408649.00029999949038 ], [ 328199.292100000195205, 410632.343100000172853 ], [ 329826.400399999693036, 413146.797399999573827 ], [ 329835.243200000375509, 413166.084799999371171 ], [ 331152.000300000421703, 416038.100299999117851 ], [ 331935.396300000138581, 417286.402400000020862 ], [ 332828.30350000038743, 417999.698200000450015 ], [ 332837.826200000010431, 418016.615299999713898 ], [ 333818.403400000184774, 419758.604800000786781 ], [ 333607.700799999758601, 419898.104800000786781 ], [ 333301.198900000192225, 419417.302500000223517 ], [ 333041.533999999985099, 420000.044299999251962 ], [ 333003.098699999973178, 420086.301000000908971 ], [ 333112.997200000099838, 420772.30460000038147 ], [ 333884.0011, 420519.696900000795722 ], [ 334851.303399999625981, 421362.495600000023842 ], [ 335173.701799999922514, 421122.504300000146031 ], [ 334818.801400000229478, 421666.098699999973178 ], [ 335071.702100000344217, 421925.004599999636412 ], [ 335346.910500000230968, 421584.711600000038743 ], [ 335369.766400000080466, 421841.470300000160933 ], [ 335376.497299999929965, 421921.995500000193715 ], [ 335580.000300000421703, 422674.600299999117851 ], [ 336366.200199999846518, 422849.399900000542402 ], [ 336404.202899999916553, 422323.300599999725819 ], [ 335946.900399999693036, 422183.100199999287724 ], [ 336511.900200000032783, 422255.300300000235438 ], [ 336810.700100000016391, 421661.900000000372529 ], [ 337096.996899999678135, 422080.096999999135733 ], [ 336880.297500000335276, 422046.699799999594688 ], [ 336557.199900000356138, 422360.500099999830127 ], [ 337026.901999999769032, 422650.622199999168515 ], [ 337012.004099999554455, 422678.198999999091029 ], [ 336963.298999999649823, 422761.898700000718236 ], [ 337197.600399999879301, 423015.202600000426173 ], [ 337931.599899999797344, 422643.300100000575185 ], [ 337302.600899999961257, 423004.995400000363588 ], [ 337866.400000000372529, 423047.099899999797344 ], [ 337140.298700000159442, 423302.50029999949038 ], [ 337560.696100000292063, 423497.403899999335408 ], [ 337046.996100000105798, 423534.104000000283122 ], [ 337800.000500000081956, 423937.199300000444055 ], [ 338234.500300000421703, 423527.400299999862909 ], [ 338780.799999999813735, 423518.699599999934435 ], [ 338175.899699999950826, 423628.700300000607967 ], [ 338033.298200000077486, 424298.996899999678135 ], [ 337607.499800000339746, 424179.099700000137091 ], [ 337964.682500000111759, 424504.991900000721216 ], [ 337510.896300000138581, 424345.10190000012517 ], [ 338345.400299999862909, 425852.49970000050962 ], [ 338572.597900000400841, 425105.610200000926852 ], [ 338544.200199999846518, 425750.000099999830127 ], [ 338834.600200000219047, 425472.799900000914931 ], [ 338836.503899999894202, 424811.406500000506639 ], [ 338914.197399999946356, 425320.102800000458956 ], [ 339673.799200000241399, 424490.100099999457598 ], [ 339415.398199999704957, 424906.20130000077188 ], [ 339660.199699999764562, 424884.000099999830127 ], [ 338776.000500000081956, 425705.901399999856949 ], [ 339719.302899999544024, 425909.204199999570847 ], [ 339954.004300000146031, 424867.007099999114871 ], [ 339999.981700000353158, 424974.351800000295043 ], [ 340079.614400000311434, 425160.272399999201298 ], [ 339999.981300000101328, 425285.505999999120831 ], [ 339838.599799999967217, 425539.299900000914931 ], [ 339999.981300000101328, 425564.200200000777841 ], [ 340135.788099999539554, 425585.154400000348687 ], [ 339999.981300000101328, 425694.971200000494719 ], [ 339916.599000000394881, 425762.396199999377131 ], [ 339999.981300000101328, 425870.394099999219179 ], [ 340226.308100000023842, 426161.33669999986887 ], [ 340435.402999999932945, 426214.296800000593066 ], [ 340365.879099999554455, 425873.583599999547005 ], [ 340956.499699999578297, 425548.698599999770522 ], [ 340678.301300000399351, 425923.799900000914931 ], [ 341078.501199999824166, 426333.20160000026226 ], [ 341421.699900000356138, 426393.400200000032783 ], [ 341298.9989, 425843.203099999576807 ], [ 341461.896599999628961, 426401.903100000694394 ], [ 341631.899699999950826, 425969.599799999967217 ], [ 341768.10010000038892, 426424.700300000607967 ], [ 342979.715400000102818, 426719.236899999901652 ], [ 343056.899799999780953, 426738.0 ], [ 343260.322999999858439, 426657.136600000783801 ], [ 343950.200299999676645, 426382.901100000366569 ], [ 344381.198400000110269, 426008.347100000828505 ], [ 344624.32909999974072, 425797.057099999859929 ], [ 344881.000099999830127, 425574.000099999830127 ], [ 345145.181499999947846, 425118.495999999344349 ], [ 345157.749699999578297, 425096.825699999928474 ], [ 345512.118800000287592, 424485.819199999794364 ], [ 345534.060899999924004, 424447.986500000581145 ], [ 345560.499800000339746, 424402.400200000032783 ], [ 345542.898000000044703, 424700.500099999830127 ], [ 345534.026700000278652, 424717.567800000309944 ], [ 345328.698300000280142, 425112.60219999961555 ], [ 345541.899699999950826, 425173.901000000536442 ], [ 344972.899799999780953, 425648.899299999698997 ], [ 344948.996799999848008, 425696.095200000330806 ], [ 344480.495900000445545, 426169.599600000306964 ], [ 344369.999800000339746, 426297.300200000405312 ], [ 343707.599799999967217, 426886.700099999085069 ], [ 345862.302199999801815, 427792.804999999701977 ], [ 346012.299999999813735, 427860.900000000372529 ], [ 348920.799300000071526, 428846.103499999269843 ], [ 349047.272099999710917, 428295.337500000372529 ], [ 349034.498700000345707, 428836.096400000154972 ], [ 349985.057900000363588, 429106.723600000143051 ], [ 350172.902599999681115, 429160.203600000590086 ], [ 349725.431099999696016, 429163.526799999177456 ], [ 349705.476700000464916, 429163.675000000745058 ], [ 348105.502999999560416, 428826.845799999311566 ], [ 347792.813900000415742, 428710.559100000187755 ], [ 347743.297399999573827, 428692.144300000742078 ], [ 347700.599799999967217, 428687.099700000137091 ], [ 347192.899000000208616, 428504.300300000235438 ], [ 346940.301400000229478, 428722.399800000712276 ], [ 347106.099799999967217, 428458.500099999830127 ], [ 346001.399799999780953, 428083.700200000777841 ], [ 345979.532999999821186, 428138.199500000104308 ], [ 345869.796900000423193, 428411.697799999266863 ], [ 345838.003999999724329, 427987.899100000038743 ], [ 343623.582999999634922, 427246.74129999987781 ], [ 343591.802000000141561, 427236.104299999773502 ], [ 343174.601300000213087, 427129.599899999797344 ], [ 343126.669999999925494, 427131.159499999135733 ], [ 342394.416899999603629, 427154.986500000581145 ], [ 342314.196800000034273, 427157.596799999475479 ], [ 342091.901700000278652, 426899.000800000503659 ], [ 339999.981300000101328, 426656.515399999916553 ], [ 338821.817800000309944, 426519.948400000110269 ], [ 338806.085500000044703, 426518.12470000050962 ], [ 338800.695899999700487, 426517.5 ], [ 338764.998999999836087, 426645.10359999909997 ], [ 338210.003200000151992, 426594.797900000587106 ], [ 338110.400600000284612, 426717.625800000503659 ], [ 338039.00069999974221, 426601.596000000834465 ], [ 337469.322300000116229, 426670.400299999862909 ], [ 337224.899799999780953, 426708.295399999246001 ], [ 335444.098799999803305, 426892.499299999326468 ], [ 335425.718100000172853, 426896.185399999842048 ], [ 335387.052199999801815, 426903.939600000157952 ], [ 334079.730700000189245, 427166.127499999478459 ], [ 333621.246799999848008, 427362.54079999960959 ], [ 332385.884399999864399, 427891.767000000923872 ], [ 332371.7977, 427897.801699999719858 ], [ 331858.800300000235438, 428461.900200000032783 ], [ 331580.767599999904633, 428402.732200000435114 ], [ 330832.477699999697506, 429723.95890000090003 ], [ 330546.299899999983609, 430029.699899999424815 ], [ 330449.977699999697506, 431654.969100000336766 ], [ 330339.412999999709427, 432451.851299999281764 ], [ 330334.700199999846518, 432485.801599999889731 ], [ 330491.099999999627471, 433716.199799999594688 ], [ 330206.999900000169873, 433745.300200000405312 ], [ 330476.900200000032783, 433759.899900000542402 ], [ 330454.500900000333786, 434095.100999999791384 ], [ 330456.407599999569356, 434125.771500000730157 ], [ 330543.498999999836087, 435526.701199999079108 ], [ 330542.423700000159442, 435640.307199999690056 ], [ 330535.501199999824166, 436371.666600000113249 ], [ 330535.301199999637902, 436392.803400000557303 ], [ 330561.100599999539554, 437458.198300000280142 ], [ 330566.072599999606609, 437557.375900000333786 ], [ 330574.85869999974966, 437732.634800000116229 ], [ 330630.598899999633431, 438844.501499999314547 ], [ 330641.760599999688566, 438908.110799999907613 ], [ 330691.842799999751151, 439193.523399999365211 ], [ 330833.362399999983609, 440000.027300000190735 ], [ 330941.800499999895692, 440618.003799999132752 ], [ 330951.489799999631941, 440678.200699999928474 ], [ 331098.990399999544024, 441594.579800000414252 ], [ 331197.895100000314415, 442663.655999999493361 ], [ 331199.201799999922514, 442677.804300000891089 ], [ 331273.697200000286102, 444449.996899999678135 ], [ 331270.762299999594688, 444510.297199999913573 ], [ 331126.370299999602139, 447517.827899999916553 ], [ 331644.099200000055134, 448040.699400000274181 ], [ 332894.4527000002563, 448274.716199999675155 ], [ 333948.932599999941885, 448446.461899999529123 ], [ 334033.900000000372529, 448460.299799999222159 ], [ 334083.294499999843538, 448293.800499999895692 ], [ 334168.200100000016391, 448007.599899999797344 ], [ 333923.615500000305474, 447681.119300000369549 ], [ 333883.643500000238419, 447627.763199999928474 ], [ 333726.959599999710917, 447584.587099999189377 ], [ 333598.903400000184774, 447549.299799999222159 ], [ 334043.501000000163913, 447412.799300000071526 ], [ 334004.700000000186265, 445688.901200000196695 ], [ 333838.089499999769032, 445535.328600000590086 ], [ 333999.803000000305474, 445420.899000000208616 ], [ 334146.789099999703467, 444691.887700000777841 ], [ 334150.156899999827147, 444675.184499999508262 ], [ 334173.401100000366569, 444559.89949999935925 ], [ 335366.745299999602139, 443253.330399999395013 ], [ 335483.501699999906123, 443125.496099999174476 ], [ 335943.197499999776483, 443073.501900000497699 ], [ 336399.503299999982119, 442408.901200000196695 ], [ 335725.299899999983609, 442064.800100000575185 ], [ 335861.199799999594688, 441130.798499999567866 ], [ 335821.858900000341237, 441075.470000000670552 ], [ 335891.676699999719858, 441068.511099999770522 ], [ 335974.197300000116229, 441060.286100000143051 ], [ 336960.299700000323355, 440961.999199999496341 ], [ 337119.723100000061095, 440838.240599999204278 ], [ 337172.853199999779463, 440796.996300000697374 ], [ 337386.801300000399351, 440630.667600000277162 ], [ 337437.696600000374019, 440591.401399999856949 ], [ 337402.959800000302494, 440641.004799999296665 ], [ 337057.999900000169873, 441133.599700000137091 ], [ 336156.496600000187755, 441370.798299999907613 ], [ 336530.085199999623001, 442251.688500000163913 ], [ 336538.5636, 442271.67989999987185 ], [ 336551.270600000396371, 442301.6418999992311 ], [ 336574.106999999843538, 442355.488099999725819 ], [ 336788.497200000099838, 442861.002100000157952 ], [ 335347.600200000219047, 444185.099899999797344 ], [ 335441.799499999731779, 444827.398299999535084 ], [ 335281.999800000339746, 444496.899800000712276 ], [ 335056.200799999758601, 444693.398600000888109 ], [ 335258.700199999846518, 444822.399800000712276 ], [ 334959.600999999791384, 444828.698699999600649 ], [ 334763.427099999971688, 445890.525299999862909 ], [ 334757.198300000280142, 445924.239499999210238 ], [ 334752.198699999600649, 445951.300599999725819 ], [ 334863.201000000350177, 445939.700500000268221 ], [ 334878.46889999974519, 445951.490599999204278 ], [ 334895.495799999684095, 445964.639000000432134 ], [ 335022.582999999634922, 446062.777400000020862 ], [ 335026.614099999889731, 446065.890300000086427 ], [ 335073.273599999956787, 446101.921299999579787 ], [ 335095.000799999572337, 446118.699300000444055 ], [ 335008.105000000447035, 446087.218699999153614 ], [ 335002.560100000351667, 446085.209899999201298 ], [ 334918.626299999654293, 446054.802400000393391 ], [ 334912.50760000012815, 446060.298299999907613 ], [ 334618.701100000180304, 446324.200200000777841 ], [ 334663.500199999660254, 448794.600099999457598 ], [ 339128.882699999958277, 450811.368599999696016 ], [ 339134.128899999894202, 450813.737999999895692 ], [ 339206.173299999907613, 450846.276499999687076 ], [ 340000.005300000309944, 450980.076799999922514 ], [ 340048.200100000016391, 450988.199999999254942 ], [ 340000.000599999912083, 450834.240199999883771 ], [ 339957.598899999633431, 450698.800100000575185 ], [ 339999.995000000111759, 450665.067299999296665 ], [ 340332.001600000075996, 450400.903500000014901 ], [ 339999.986499999649823, 450407.689699999988079 ], [ 339658.732099999673665, 450414.66469999961555 ], [ 339999.982200000435114, 450278.664200000464916 ], [ 340166.000099999830127, 450212.5 ], [ 339999.976999999955297, 450121.497800000011921 ], [ 339778.500099999830127, 450000.099700000137091 ], [ 339999.975499999709427, 450077.01039999909699 ], [ 340221.402400000020862, 450153.904200000688434 ], [ 340701.998800000175834, 449531.702299999073148 ], [ 340668.200199999846518, 449761.800200000405312 ], [ 341009.699900000356138, 449519.700099999085069 ], [ 341072.600200000219047, 449815.300000000745058 ], [ 341081.403500000014901, 449525.703999999910593 ], [ 341231.900600000284612, 449821.399399999529123 ], [ 341589.299300000071526, 449629.104399999603629 ], [ 341540.702899999916553, 449932.697499999776483 ], [ 341895.640999999828637, 449870.22440000064671 ], [ 341366.700299999676645, 450303.099899999797344 ], [ 341715.300300000235438, 450588.799699999392033 ], [ 341734.276499999687076, 450579.150499999523163 ], [ 341756.059200000017881, 450568.074300000444055 ], [ 342115.901100000366569, 450385.098899999633431 ], [ 342109.641400000080466, 450351.247700000181794 ], [ 342106.577499999664724, 450334.67850000038743 ], [ 342065.400100000202656, 450111.999800000339746 ], [ 342153.249400000087917, 450325.613299999386072 ], [ 342158.69539999961853, 450338.855699999257922 ], [ 342176.397099999710917, 450381.898900000378489 ], [ 342702.544700000435114, 450319.986700000241399 ], [ 342445.200899999588728, 450505.800300000235438 ], [ 342593.89989999961108, 450930.600099999457598 ], [ 342708.797199999913573, 450981.297399999573827 ], [ 342841.897199999541044, 451206.702800000086427 ], [ 342328.996700000017881, 451241.502900000661612 ], [ 341910.403199999593198, 451729.903100000694394 ], [ 342930.498599999584258, 451508.596400000154972 ], [ 343025.902200000360608, 451865.304300000891089 ], [ 343054.702200000174344, 451877.200899999588728 ], [ 343307.199000000022352, 452182.203600000590086 ], [ 343359.497399999760091, 452249.904200000688434 ], [ 343549.10080000013113, 452401.60080000013113 ], [ 343845.800300000235438, 452171.899800000712276 ], [ 344053.896399999968708, 452449.497099999338388 ], [ 344059.500099999830127, 452477.39919999986887 ], [ 344426.673200000077486, 452447.337899999693036 ], [ 344909.200199999846518, 452533.700200000777841 ], [ 344569.798100000247359, 452510.799499999731779 ], [ 344730.800200000405312, 452787.300100000575185 ], [ 344354.799899999983609, 452516.800200000405312 ], [ 344186.377600000239909, 452689.831199999898672 ], [ 343923.400100000202656, 452596.100099999457598 ], [ 343223.10010000038892, 452836.900100000202656 ], [ 342432.70299999974668, 454029.30489999987185 ], [ 343066.300300000235438, 454522.300200000405312 ], [ 343180.700199999846518, 455581.999900000169873 ], [ 343522.198599999770522, 455824.300699999555945 ], [ 343640.500300000421703, 455515.5 ], [ 343908.899500000290573, 455620.099799999967217 ], [ 343564.296500000171363, 455823.00139999948442 ], [ 343979.599999999627471, 456287.899800000712276 ], [ 345014.50040000025183, 455987.404999999329448 ], [ 345422.600700000301003, 456169.401100000366569 ], [ 345531.19620000012219, 455741.703999999910593 ], [ 345660.699799999594688, 456008.300200000405312 ], [ 346126.49959999974817, 455725.0 ], [ 345508.499099999666214, 456151.49860000051558 ], [ 345745.092299999669194, 458043.672700000926852 ], [ 345745.281200000084937, 458049.17200000025332 ], [ 345812.309100000187755, 460000.018100000917912 ], [ 345824.75829999987036, 460362.351299999281764 ], [ 345819.913900000043213, 460379.484600000083447 ], [ 345719.39919999986887, 460341.697100000455976 ], [ 345691.911100000143051, 460331.37529999949038 ], [ 345643.283699999563396, 460313.075300000607967 ], [ 345630.515300000086427, 460302.149800000712276 ], [ 345651.786500000394881, 460000.011700000613928 ], [ 345656.596099999733269, 459931.695299999788404 ], [ 345631.173000000417233, 460000.010900000110269 ], [ 345532.376899999566376, 460265.490100000053644 ], [ 345500.770200000144541, 460259.528500000014901 ], [ 345412.797899999655783, 460226.401000000536442 ], [ 345324.402599999681115, 460458.904400000348687 ], [ 345713.200199999846518, 460464.000099999830127 ], [ 345555.599899999797344, 460712.700099999085069 ], [ 345228.00069999974221, 460435.60050000064075 ], [ 345532.499800000339746, 460744.101399999111891 ], [ 345189.299100000411272, 460489.495699999853969 ], [ 345379.701299999840558, 460828.999099999666214 ], [ 345090.498499999754131, 460626.396500000730157 ], [ 345288.098399999551475, 460865.29839999973774 ], [ 345000.000300000421703, 460780.401100000366569 ], [ 345240.700000000186265, 460996.299900000914931 ], [ 344949.099700000137091, 460894.300000000745058 ], [ 344981.392699999734759, 461245.274900000542402 ], [ 344985.191499999724329, 461286.561499999836087 ], [ 344996.199699999764562, 461406.203299999237061 ], [ 345109.770399999804795, 461457.358999999240041 ], [ 345124.566599999554455, 461464.023700000718236 ], [ 345323.464100000448525, 461553.613199999555945 ], [ 347155.09250000026077, 462378.059000000357628 ], [ 347473.502500000409782, 462162.396800000220537 ], [ 347540.002999999560416, 462141.051200000569224 ], [ 347746.397599999792874, 462074.801899999380112 ], [ 347786.830400000326335, 462113.557900000363588 ], [ 347992.298299999907613, 462310.504399999976158 ], [ 348047.321100000292063, 462605.116100000217557 ], [ 348053.099000000394881, 462636.053099999204278 ], [ 348174.596599999815226, 463286.595000000670552 ], [ 347778.764499999582767, 462327.606000000610948 ], [ 347742.239699999801815, 462239.116800000891089 ], [ 347740.025100000202656, 462233.751599999144673 ], [ 347723.699400000274181, 462194.198999999091029 ], [ 347712.151899999938905, 462200.066999999806285 ], [ 347673.771599999628961, 462219.570299999788404 ], [ 347616.846199999563396, 462248.497500000521541 ], [ 347159.431499999947846, 462482.379000000655651 ], [ 345336.414599999785423, 461826.972400000318885 ], [ 345191.931099999696016, 461776.19539999961853 ], [ 345160.30350000038743, 461752.092399999499321 ], [ 344412.400999999605119, 460903.100400000810623 ], [ 344727.699900000356138, 461107.999299999326468 ], [ 344810.998999999836087, 460723.499900000169873 ], [ 344563.899000000208616, 460940.095100000500679 ], [ 344510.404199999757111, 460668.602299999445677 ], [ 345044.202499999664724, 460325.702600000426173 ], [ 344963.531499999575317, 459999.988199999555945 ], [ 345051.200100000016391, 460280.599700000137091 ], [ 345250.462799999862909, 459999.995600000023842 ], [ 345299.599999999627471, 459930.800000000745058 ], [ 344992.900700000114739, 459498.099600000306964 ], [ 345275.599999999627471, 459855.798499999567866 ], [ 345500.799899999983609, 459490.299900000914931 ], [ 345468.798899999819696, 458908.999199999496341 ], [ 344932.80350000038743, 459228.696599999442697 ], [ 345090.901200000196695, 458899.600299999117851 ], [ 344906.098699999973178, 459146.59940000064671 ], [ 344817.300300000235438, 458707.199100000783801 ], [ 345090.693900000303984, 458581.509899999946356 ], [ 344993.998300000093877, 458706.296099999919534 ], [ 345178.200799999758601, 458873.099799999967217 ], [ 345455.699900000356138, 458810.300000000745058 ], [ 345365.400000000372529, 458227.000199999660254 ], [ 345207.004300000146031, 458431.410800000652671 ], [ 345260.575699999928474, 458172.598799999803305 ], [ 345353.698699999600649, 458096.800400000065565 ], [ 345108.499900000169873, 457872.099799999967217 ], [ 345363.698699999600649, 458028.698799999430776 ], [ 345362.001299999654293, 457525.003699999302626 ], [ 344946.803399999625981, 457406.297900000587106 ], [ 345168.499800000339746, 457258.800000000745058 ], [ 344895.60080000013113, 456985.59940000064671 ], [ 344171.10010000038892, 456950.800100000575185 ], [ 344726.799899999983609, 457979.499900000169873 ], [ 343677.699699999764562, 456769.400200000032783 ], [ 343289.07079999987036, 457483.684599999338388 ], [ 343079.700400000438094, 457282.60359999909997 ], [ 343382.900200000032783, 457163.899700000882149 ], [ 343158.103400000371039, 457014.899599999189377 ], [ 343415.400000000372529, 456894.900299999862909 ], [ 343052.599700000137091, 456782.496799999848008 ], [ 342905.796299999579787, 457198.69789999909699 ], [ 342716.801400000229478, 456893.137000000104308 ], [ 342946.200100000016391, 456658.700099999085069 ], [ 342653.999800000339746, 456507.295700000599027 ], [ 342329.903599999845028, 455181.195199999958277 ], [ 342144.703099999576807, 455771.29619999974966 ], [ 341817.501600000075996, 455907.593299999833107 ], [ 342128.199900000356138, 455726.099700000137091 ], [ 341999.699900000356138, 455360.100099999457598 ], [ 341075.500300000421703, 455484.099700000137091 ], [ 340853.897499999962747, 456199.403699999675155 ], [ 341303.400999999605119, 456449.401000000536442 ], [ 341057.401200000196695, 456357.59940000064671 ], [ 340656.296400000341237, 457158.099300000816584 ], [ 340906.896800000220537, 458660.999099999666214 ], [ 339999.988499999977648, 459471.186300000175834 ], [ 339546.400000000372529, 459876.400000000372529 ], [ 339919.176099999807775, 460000.019099999219179 ], [ 340000.005300000309944, 460026.823499999940395 ], [ 340325.014399999752641, 460134.768699999898672 ], [ 340336.160000000149012, 460137.080000000074506 ], [ 340270.660000000149012, 460336.519999999552965 ], [ 339999.999400000087917, 460265.986600000411272 ], [ 339750.619300000369549, 460200.9989 ], [ 339999.996199999935925, 460394.662499999627471 ], [ 340334.199900000356138, 460654.201700000092387 ], [ 340392.346099999733269, 460672.301100000739098 ], [ 340763.39989999961108, 460787.800100000575185 ], [ 340790.321399999782443, 461448.077899999916553 ], [ 340792.633399999700487, 461504.781899999827147 ], [ 340809.299800000153482, 461760.500199999660254 ], [ 341359.402200000360608, 461852.095599999651313 ], [ 341645.672100000083447, 462796.995400000363588 ], [ 341658.095999999903142, 462838.003399999812245 ], [ 341884.497200000099838, 463755.100899999961257 ], [ 341979.115699999965727, 463739.67960000038147 ], [ 342323.802299999631941, 463683.50139999948442 ], [ 342722.096400000154972, 464271.003200000151992 ], [ 342690.99280000012368, 464349.009500000625849 ], [ 342571.795800000429153, 464647.949500000104308 ], [ 342711.105800000019372, 464710.528300000354648 ], [ 343324.901100000366569, 464494.999099999666214 ], [ 343977.463399999774992, 465146.196699999272823 ], [ 343996.403599999845028, 465165.097300000488758 ], [ 344667.424800000153482, 464955.142599999904633 ], [ 346052.568400000222027, 465980.050300000235438 ], [ 346091.800099999643862, 466057.099999999627471 ], [ 345858.39989999961108, 466711.900100000202656 ], [ 346384.866899999789894, 466787.14640000090003 ], [ 345971.799700000323355, 466819.799900000914931 ], [ 346020.499699999578297, 467435.598999999463558 ], [ 347231.996500000357628, 468330.801100000739098 ], [ 347904.651399999856949, 469909.481599999591708 ], [ 348220.151200000196695, 470392.8918999992311 ], [ 348280.900100000202656, 470485.916999999433756 ], [ 348801.996299999766052, 471305.599600000306964 ], [ 348240.819199999794364, 470593.898399999365211 ], [ 348168.199300000444055, 470501.799799999222159 ], [ 347510.003499999642372, 470911.00139999948442 ], [ 347694.99930000025779, 470308.299799999222159 ], [ 347423.801300000399351, 469937.801100000739098 ], [ 346457.397699999623001, 469990.495999999344349 ], [ 345832.800099999643862, 471294.300100000575185 ], [ 346008.10010000038892, 472281.100199999287724 ], [ 345419.5, 472143.499900000169873 ], [ 345112.519899999722838, 472971.036299999803305 ], [ 345111.157100000418723, 472974.71000000089407 ], [ 345429.502399999648333, 473079.401900000870228 ], [ 345449.603900000452995, 473089.598899999633431 ], [ 343739.396800000220537, 473640.00139999948442 ], [ 343549.700100000016391, 474176.199799999594688 ], [ 343824.799200000241399, 474947.697100000455976 ], [ 343344.456500000320375, 476001.801100000739098 ], [ 343602.400100000202656, 476441.699899999424815 ], [ 344133.700600000098348, 476250.104299999773502 ], [ 343664.099999999627471, 476787.199899999424815 ], [ 343714.099899999797344, 477706.899900000542402 ], [ 344411.995500000193715, 477777.29759999923408 ], [ 345548.298700000159442, 478744.100199999287724 ], [ 345606.103400000371039, 479152.203500000759959 ], [ 346178.94649999961257, 479070.711899999529123 ], [ 346404.851300000213087, 479233.414000000804663 ], [ 346425.055700000375509, 479247.988099999725819 ], [ 346717.299399999901652, 479452.798299999907613 ], [ 346558.814799999818206, 479575.833699999377131 ], [ 346520.596099999733269, 479605.503799999132752 ], [ 346871.695000000298023, 480000.005799999460578 ], [ 347433.801400000229478, 480631.600199999287724 ], [ 347468.458999999798834, 480660.209799999371171 ], [ 348536.89989999961108, 481542.199899999424815 ], [ 348866.900700000114739, 481475.699200000613928 ], [ 348647.096300000324845, 482022.60190000012517 ], [ 348631.107099999673665, 482035.640399999916553 ], [ 348300.299899999983609, 482305.400100000202656 ], [ 348091.634800000116229, 483051.56900000013411 ], [ 347974.108099999837577, 483471.834799999371171 ], [ 347914.497899999842048, 483684.995999999344349 ], [ 347192.446899999864399, 483568.545499999076128 ], [ 347112.800099999643862, 483555.700300000607967 ], [ 347113.263899999670684, 483565.941500000655651 ], [ 347137.246000000275671, 484095.484999999403954 ], [ 347143.739799999631941, 484096.210400000214577 ], [ 347814.402800000272691, 484045.302899999544024 ], [ 347929.243900000117719, 484207.112099999561906 ], [ 347693.999800000339746, 484116.301300000399351 ], [ 347548.165500000119209, 484254.735200000926852 ], [ 347469.28830000013113, 484226.643200000748038 ], [ 347033.10080000013113, 484071.295499999076128 ], [ 347005.603600000031292, 483533.399399999529123 ], [ 347334.0, 483301.699899999424815 ], [ 347873.701299999840558, 483483.003900000825524 ], [ 347872.264999999664724, 482015.247400000691414 ], [ 347872.200699999928474, 481949.502800000831485 ], [ 348309.60120000038296, 481590.995400000363588 ], [ 347751.105399999767542, 481334.493599999696016 ], [ 347631.796500000171363, 481279.698300000280142 ], [ 345833.600499999709427, 480705.999500000849366 ], [ 345504.720200000330806, 480000.005999999120831 ], [ 345213.101300000213087, 479374.000099999830127 ], [ 345145.299999999813735, 479190.400100000202656 ], [ 343439.400299999862909, 478830.295700000599027 ], [ 343517.801199999637902, 479129.599899999797344 ], [ 343340.698599999770522, 478795.695599999278784 ], [ 343244.800099999643862, 479047.700300000607967 ], [ 342791.601099999621511, 478772.200799999758601 ], [ 342721.885400000028312, 478710.749199999496341 ], [ 342712.784699999727309, 478702.727299999445677 ], [ 342301.499400000087917, 478340.196000000461936 ], [ 342220.903900000266731, 478542.698000000789762 ], [ 342201.800099999643862, 478006.100199999287724 ], [ 342087.004099999554455, 478482.195299999788404 ], [ 340879.001500000245869, 477864.599700000137091 ], [ 340000.015999999828637, 476156.993100000545382 ], [ 339423.400000000372529, 475036.800200000405312 ], [ 339037.999900000169873, 474978.099899999797344 ], [ 339235.400299999862909, 473241.495500000193715 ], [ 339000.10149999987334, 473998.79869999922812 ], [ 338467.299800000153482, 473993.400299999862909 ], [ 338415.629599999636412, 474136.976399999111891 ], [ 338182.803399999625981, 473954.400299999862909 ], [ 338758.499400000087917, 473825.898399999365211 ], [ 337041.637600000016391, 473142.964400000870228 ], [ 336842.098100000061095, 472676.497199999168515 ], [ 335055.999900000169873, 473141.200300000607967 ], [ 335000.000300000421703, 473362.800100000575185 ], [ 334818.800699999555945, 473509.89919999986887 ], [ 335009.098699999973178, 473784.599899999797344 ], [ 334776.799999999813735, 473574.200300000607967 ], [ 334447.299999999813735, 473849.900000000372529 ], [ 334527.800599999725819, 474964.101199999451637 ], [ 334788.500300000421703, 475195.199100000783801 ], [ 334997.900299999862909, 475009.300100000575185 ], [ 334995.298799999989569, 475718.599999999627471 ], [ 335273.900200000032783, 475396.299799999222159 ], [ 335203.182400000281632, 475706.474600000306964 ], [ 335080.796400000341237, 476028.197799999266863 ], [ 334868.89919999986887, 475980.000900000333786 ], [ 335070.803399999625981, 475735.301599999889731 ], [ 334807.200600000098348, 475860.495799999684095 ], [ 334757.400100000202656, 475608.299100000411272 ], [ 334593.0011, 476021.399900000542402 ], [ 334718.000099999830127, 475624.399700000882149 ], [ 334392.200799999758601, 475631.300499999895692 ], [ 334192.597199999727309, 476141.19539999961853 ], [ 334500.096900000236928, 476521.096599999815226 ], [ 334153.796000000089407, 476155.901200000196695 ], [ 334193.495900000445545, 476802.895999999716878 ], [ 334003.800300000235438, 476466.199200000613928 ], [ 333464.599899999797344, 477093.400000000372529 ], [ 333528.802799999713898, 477573.294999999925494 ], [ 333395.200899999588728, 477148.497099999338388 ], [ 333084.399699999950826, 477583.001000000163913 ], [ 333243.499800000339746, 477819.800100000575185 ], [ 333035.996500000357628, 477632.398600000888109 ], [ 332943.799800000153482, 478045.899800000712276 ], [ 332328.800800000317395, 478434.899900000542402 ], [ 332588.801599999889731, 478353.90059999935329 ], [ 333199.002299999818206, 478382.503299999982119 ], [ 333370.200899999588728, 478850.299900000914931 ], [ 333569.897099999710917, 478848.089700000360608 ], [ 333923.198099999688566, 479432.60329999960959 ], [ 333477.495699999853969, 480000.035000000149012 ], [ 333431.098899999633431, 480059.10359999909997 ], [ 333418.6398, 480263.468499999493361 ], [ 333417.442400000058115, 480283.10950000025332 ], [ 333382.105899999849498, 480862.729900000616908 ], [ 333380.400999999605119, 480890.695900000631809 ], [ 333090.900399999693036, 480882.499299999326468 ], [ 333031.999099999666214, 481010.601099999621511 ], [ 332716.699199999682605, 481998.899399999529123 ], [ 331884.499900000169873, 481732.500199999660254 ], [ 331735.700000000186265, 482454.399000000208616 ], [ 332710.299899999983609, 483156.698599999770522 ], [ 332764.100200000219047, 483614.099899999797344 ], [ 333038.198900000192225, 483364.798800000920892 ], [ 333011.862900000065565, 483208.026100000366569 ], [ 333147.198900000192225, 483358.399800000712276 ], [ 333073.125599999912083, 483896.359600000083447 ], [ 332606.899299999698997, 483675.399399999529123 ], [ 332479.299100000411272, 483185.799900000914931 ], [ 331797.002999999560416, 483461.299799999222159 ], [ 331517.00069999974221, 482744.0954 ], [ 331530.862300000153482, 482627.535499999299645 ], [ 331538.299100000411272, 482565.000099999830127 ], [ 331549.35219999961555, 482479.679999999701977 ], [ 331555.101099999621511, 482435.30379999987781 ], [ 331548.20409999974072, 482359.815700000151992 ], [ 331528.308500000275671, 482142.057900000363588 ], [ 331431.300599999725819, 481080.300699999555945 ], [ 332567.198900000192225, 480482.102900000289083 ], [ 332765.446299999952316, 480000.02449999935925 ], [ 332325.395899999886751, 479384.996899999678135 ], [ 332638.03110000025481, 480000.009800000116229 ], [ 332645.600200000219047, 480014.899800000712276 ], [ 332613.643000000156462, 480000.009099999442697 ], [ 332349.003600000403821, 479876.698499999940395 ], [ 331953.703599999658763, 478710.110300000756979 ], [ 331945.499900000169873, 478685.899900000542402 ], [ 331580.822700000368059, 478653.775399999693036 ], [ 331393.801599999889731, 478637.300699999555945 ], [ 331278.311300000175834, 478097.509999999776483 ], [ 331266.499200000427663, 478042.301200000569224 ], [ 331365.70380000025034, 477479.702299999073148 ], [ 330947.000300000421703, 477583.599600000306964 ], [ 331196.003999999724329, 477336.903200000524521 ], [ 330809.985000000335276, 476635.342499999329448 ], [ 330832.593299999833107, 476498.610400000587106 ], [ 330836.924700000323355, 476482.605299999937415 ], [ 330961.550300000235438, 475775.035299999639392 ], [ 330828.499699999578297, 474540.400299999862909 ], [ 329697.099999999627471, 473664.699799999594688 ], [ 329035.899699999950826, 471702.5 ], [ 328172.700299999676645, 470797.699799999594688 ], [ 327895.999900000169873, 469912.0 ], [ 325375.277900000102818, 467436.911599999293685 ], [ 325364.868200000375509, 467426.718499999493361 ], [ 324942.317099999636412, 467012.738099999725819 ], [ 323897.599999999627471, 465883.0011 ], [ 323397.299899999983609, 465730.999800000339746 ], [ 324660.300099999643862, 464139.100099999457598 ], [ 324726.599899999797344, 464421.900100000202656 ], [ 324785.300200000405312, 463816.399900000542402 ], [ 323456.400100000202656, 465490.099999999627471 ], [ 323327.404099999926984, 464820.595899999141693 ], [ 323019.700000000186265, 464968.699799999594688 ], [ 323312.000300000421703, 465911.600299999117851 ], [ 322467.502000000327826, 466708.395500000566244 ], [ 322588.597199999727309, 467294.597699999809265 ], [ 322199.900500000454485, 468095.49970000050962 ], [ 321673.175200000405312, 468084.857699999585748 ], [ 321666.837600000202656, 468084.729699999094009 ], [ 321329.296000000089407, 467919.198899999260902 ], [ 321171.098000000230968, 467841.701099999248981 ], [ 320967.991200000047684, 467742.713899999856949 ], [ 320838.100899999961257, 467679.099999999627471 ], [ 320691.796099999919534, 467604.598999999463558 ], [ 320639.598899999633431, 467571.500700000673532 ], [ 320408.847900000400841, 467342.192099999636412 ], [ 320368.614799999631941, 467302.210500000044703 ], [ 320304.302000000141561, 467238.299699999392033 ], [ 320303.997899999842048, 467221.598600000143051 ], [ 320320.299700000323355, 467173.299799999222159 ], [ 320345.096099999733269, 467119.143300000578165 ], [ 320342.537200000137091, 467100.673599999397993 ], [ 320313.900200000032783, 467033.402499999850988 ], [ 320299.964599999599159, 467023.317800000309944 ], [ 320219.19550000037998, 466977.484200000762939 ], [ 320216.402400000020862, 467003.101199999451637 ], [ 320193.33739999961108, 467066.879100000485778 ], [ 320180.6102, 467102.07149999961257 ], [ 320147.250300000421703, 467106.008400000631809 ], [ 320055.71750000026077, 467124.683800000697374 ], [ 320000.002600000239909, 467198.80320000089705 ], [ 319114.132100000046194, 468234.079700000584126 ], [ 319063.799800000153482, 468292.900800000876188 ], [ 319057.703300000168383, 468329.418400000780821 ], [ 318916.403599999845028, 469175.799200000241399 ], [ 318839.402999999932945, 471028.698899999260902 ], [ 319070.503800000064075, 473076.902599999681115 ], [ 319270.200000000186265, 474052.099999999627471 ], [ 319090.692999999970198, 474329.596000000834465 ], [ 318492.096300000324845, 473941.695000000298023 ], [ 318065.099700000137091, 475495.899700000882149 ], [ 318750.999699999578297, 475850.100099999457598 ], [ 319904.697900000028312, 475760.304500000551343 ], [ 319999.981599999591708, 475845.020400000736117 ], [ 320653.10190000012517, 476425.703900000080466 ], [ 320801.600200000219047, 477244.100299999117851 ], [ 320292.001000000163913, 477581.203299999237061 ], [ 320825.099999999627471, 477334.800100000575185 ], [ 320552.099799999967217, 477543.599999999627471 ], [ 321029.300200000405312, 478898.900299999862909 ], [ 320977.199000000022352, 479728.699400000274181 ], [ 321539.500099999830127, 479980.600099999457598 ], [ 321175.699799999594688, 479880.803999999538064 ], [ 321233.58559999987483, 479999.971699999645352 ], [ 321482.895800000056624, 480513.218699999153614 ], [ 321518.396499999798834, 480586.302999999374151 ], [ 321717.784799999557436, 480152.393400000408292 ], [ 321527.201100000180304, 480873.600299999117851 ], [ 321925.900200000032783, 481133.299900000914931 ], [ 322583.202899999916553, 482639.092299999669194 ], [ 322028.501899999566376, 482115.295399999246001 ], [ 321883.397099999710917, 483109.200899999588728 ], [ 321078.596699999645352, 484218.303400000557303 ], [ 321138.299599999561906, 484692.198899999260902 ], [ 320857.200400000438094, 485388.699599999934435 ], [ 320059.368200000375509, 485605.424000000581145 ], [ 320037.0, 485611.500199999660254 ], [ 320079.546000000089407, 485642.403400000184774 ], [ 320116.299499999731779, 485669.099099999293685 ], [ 320125.710500000044703, 485727.007999999448657 ], [ 320376.230200000107288, 487268.521900000050664 ], [ 320413.800099999643862, 487499.699899999424815 ], [ 320298.544999999925494, 487538.235500000417233 ], [ 320151.802299999631941, 487587.299000000581145 ], [ 320359.800499999895692, 487350.296900000423193 ], [ 320106.100200000219047, 486070.300200000405312 ], [ 320000.009999999776483, 485899.010099999606609 ], [ 319834.201100000180304, 485631.300100000575185 ], [ 319793.4527000002563, 485820.763000000268221 ], [ 319733.703499999828637, 485640.79619999974966 ], [ 320000.004700000397861, 485268.447499999776483 ], [ 320420.499800000339746, 484680.501299999654293 ], [ 320000.002500000409782, 484486.899800000712276 ], [ 320345.999200000427663, 484193.200200000777841 ], [ 320219.800200000405312, 483372.999900000169873 ], [ 320000.017099999822676, 483116.23200000077486 ], [ 319930.400299999862909, 483034.900200000032783 ], [ 319935.500799999572337, 483503.59940000064671 ], [ 319634.900200000032783, 482547.699799999594688 ], [ 319489.303399999625981, 482985.896199999377131 ], [ 319381.400200000032783, 482698.699300000444055 ], [ 319562.799800000153482, 482447.399900000542402 ], [ 319048.300099999643862, 482751.599899999797344 ], [ 319710.499900000169873, 482152.299799999222159 ], [ 319408.996500000357628, 481799.59569999948144 ], [ 319497.200000000186265, 482056.300200000405312 ], [ 318892.600200000219047, 482506.702199999243021 ], [ 319414.801099999807775, 482044.695599999278784 ], [ 319040.800099999643862, 481775.900699999183416 ], [ 318971.465599999763072, 481880.841000000014901 ], [ 318841.398900000378489, 481568.800200000405312 ], [ 318767.10259999986738, 481968.498199999332428 ], [ 318527.999800000339746, 481181.499900000169873 ], [ 318512.498499999754131, 482105.388699999079108 ], [ 318333.760200000368059, 481106.679199999198318 ], [ 318260.599999999627471, 480875.399700000882149 ], [ 318170.700000000186265, 480618.999900000169873 ], [ 318489.201299999840558, 480733.60050000064075 ], [ 318586.099700000137091, 480033.301000000908971 ], [ 318616.996500000357628, 479999.97069999948144 ], [ 319260.299899999983609, 479305.999800000339746 ], [ 318277.403099999763072, 478044.800499999895692 ], [ 317314.39989999961108, 477893.599899999797344 ], [ 316736.628600000403821, 478326.485200000926852 ], [ 316731.815200000070035, 478330.091499999165535 ], [ 316084.802299999631941, 478684.497400000691414 ], [ 315887.200600000098348, 477985.098899999633431 ], [ 314335.100700000301003, 477774.098999999463558 ], [ 313324.899000000208616, 478658.604199999943376 ], [ 312584.7796, 479999.998199999332428 ], [ 311127.099999999627471, 482641.900200000032783 ], [ 309265.897599999792874, 485203.401399999856949 ], [ 307825.501899999566376, 488196.004799999296665 ], [ 307494.499800000339746, 489514.600199999287724 ], [ 307973.299800000153482, 490699.49970000050962 ], [ 307434.899799999780953, 493506.200300000607967 ], [ 307612.598000000230968, 494734.403200000524521 ], [ 308448.499400000087917, 495895.200400000438094 ], [ 308303.303199999965727, 494527.502399999648333 ], [ 308787.998599999584258, 494506.499099999666214 ], [ 308368.900100000202656, 496667.99970000050962 ], [ 308575.299800000153482, 496972.00139999948442 ], [ 308801.130400000140071, 497142.678099999204278 ], [ 308852.100300000049174, 497181.199799999594688 ], [ 308832.723299999721348, 497185.96199999935925 ], [ 308126.60329999960959, 497359.501800000667572 ], [ 308335.401300000026822, 496717.795399999246001 ], [ 307649.999099999666214, 496947.599500000476837 ], [ 307172.299999999813735, 496521.801300000399351 ], [ 307969.501899999566376, 496228.69539999961853 ], [ 307968.499099999666214, 495745.600199999287724 ], [ 307342.003299999982119, 495106.19679999910295 ], [ 306791.799800000153482, 495152.699799999594688 ], [ 304390.502299999818206, 498776.19620000012219 ], [ 304267.523000000044703, 499618.887800000607967 ], [ 304212.642400000244379, 499994.946599999442697 ], [ 304209.283999999985099, 499999.993200000375509 ], [ 302766.703499999828637, 502167.69539999961853 ], [ 302668.374099999666214, 502280.464800000190735 ], [ 302641.400100000202656, 502311.400000000372529 ], [ 300000.004099999554455, 505903.671800000593066 ], [ 298995.592299999669194, 507269.661699999123812 ], [ 297827.100499999709427, 508858.79869999922812 ], [ 297778.192300000227988, 508960.507799999788404 ], [ 296889.799899999983609, 510808.000199999660254 ], [ 295939.300099999643862, 511813.599999999627471 ], [ 295189.896300000138581, 511825.200999999418855 ], [ 294738.099999999627471, 513068.495100000873208 ], [ 294224.822999999858439, 513604.390399999916553 ], [ 294160.795300000347197, 513730.403300000354648 ], [ 294009.921699999831617, 514780.265300000086427 ], [ 294012.973500000312924, 514802.331900000572205 ], [ 294833.198499999940395, 515142.001599999144673 ], [ 295583.657100000418723, 515568.159900000318885 ], [ 295663.499900000169873, 515613.49970000050962 ], [ 296038.439000000245869, 516256.64299999922514 ], [ 296065.900000000372529, 516293.349999999627471 ], [ 296070.673499999567866, 516311.935699999332428 ], [ 296158.792299999855459, 516463.088199999183416 ], [ 296602.596900000236928, 518144.602099999785423 ], [ 296659.64130000025034, 518519.498299999162555 ], [ 296769.120099999941885, 518565.204900000244379 ], [ 297024.000099999830127, 518161.699999999254942 ], [ 297187.613699999637902, 518434.07660000026226 ], [ 297268.60010000038892, 518568.899299999698997 ], [ 297115.802400000393391, 518588.494999999180436 ], [ 296976.1557, 518642.983200000599027 ], [ 296992.696899999864399, 518649.197300000116229 ], [ 297156.599000000394881, 518603.300799999386072 ], [ 297159.668999999761581, 518611.580000000074506 ], [ 297647.402800000272691, 519926.901900000870228 ], [ 297658.924200000241399, 519961.625099999830127 ], [ 297660.385999999940395, 519966.0307 ], [ 297671.669700000435114, 520000.037699999287724 ], [ 297930.299899999983609, 520779.498999999836087 ], [ 297915.735700000077486, 521062.112900000065565 ], [ 297930.230000000447035, 521143.919999999925494 ], [ 297911.371600000187755, 521146.796399999409914 ], [ 297821.398299999535084, 522892.70299999974668 ], [ 298505.947200000286102, 523971.737299999222159 ], [ 298617.299899999983609, 525299.399900000542402 ], [ 298963.412100000306964, 525245.385099999606609 ], [ 298967.575100000016391, 525244.600099999457598 ], [ 298772.598000000230968, 525683.404100000858307 ], [ 298610.341400000266731, 527086.927600000053644 ], [ 298479.213899999856949, 528221.184100000187755 ], [ 298474.012199999764562, 528266.179199999198318 ], [ 298473.096199999563396, 528274.102600000798702 ], [ 298289.63300000037998, 529125.329299999400973 ], [ 298279.354600000195205, 529654.959699999541044 ], [ 299270.099700000137091, 529042.101500000804663 ], [ 299611.796799999661744, 529018.400100000202656 ], [ 299146.799899999983609, 529218.801200000569224 ], [ 299183.388600000180304, 529228.882699999958277 ], [ 299216.652900000102818, 529238.048200000077486 ], [ 298685.799899999983609, 529550.200300000607967 ], [ 299999.994400000199676, 531481.544700000435114 ], [ 300083.999699999578297, 531604.999099999666214 ], [ 301228.603799999691546, 532948.30460000038147 ], [ 301243.808600000105798, 532967.486300000920892 ], [ 301246.842600000090897, 532971.31389999948442 ], [ 302191.300099999643862, 534162.799799999222159 ], [ 302675.867600000463426, 535637.199699999764562 ], [ 302697.565499999560416, 535806.460100000724196 ], [ 302784.295599999837577, 536483.022600000724196 ], [ 302945.9704, 536840.616100000217557 ], [ 303399.199099999852479, 536624.801100000739098 ], [ 303014.096499999985099, 536888.596699999645352 ], [ 303399.198599999770522, 536828.104000000283122 ], [ 303906.699400000274181, 537780.200799999758601 ], [ 304770.49959999974817, 538425.832900000736117 ], [ 304861.300999999977648, 538493.700799999758601 ], [ 306404.037800000049174, 540000.025900000706315 ], [ 307003.310399999842048, 540585.154500000178814 ], [ 307068.597099999897182, 540648.900299999862909 ], [ 307555.821000000461936, 541579.699500000104308 ], [ 307878.995900000445545, 542197.097100000828505 ], [ 308026.900000000372529, 543850.099899999797344 ], [ 307667.799499999731779, 546141.998999999836087 ], [ 309523.597000000067055, 550346.204500000923872 ], [ 309527.306800000369549, 550361.005400000140071 ], [ 310322.309000000357628, 553532.797800000756979 ], [ 310586.030100000090897, 553486.850299999117851 ], [ 310614.550800000317395, 553480.099899999797344 ], [ 310605.135599999688566, 553488.349899999797344 ], [ 310624.200000000186265, 553480.199999999254942 ], [ 310587.84499999973923, 553503.500600000843406 ], [ 310582.82660000026226, 553507.898000000044703 ], [ 310438.700400000438094, 553651.699300000444055 ], [ 310503.267500000074506, 553729.848600000143051 ], [ 311126.463999999687076, 554304.037000000476837 ], [ 311602.945700000040233, 555060.853700000792742 ], [ 312418.198900000192225, 556047.60249999910593 ], [ 314241.89919999986887, 556987.903300000354648 ], [ 314441.348500000312924, 556835.106100000441074 ], [ 314476.60010000038892, 556808.099999999627471 ], [ 314359.167700000107288, 556749.230000000447035 ], [ 313020.618900000117719, 556078.201999999582767 ], [ 313335.614000000059605, 555516.999500000849366 ], [ 313306.001299999654293, 555846.400100000202656 ], [ 313610.896300000138581, 555633.000800000503659 ], [ 313200.696399999782443, 555978.60219999961555 ], [ 313526.796799999661744, 556261.00139999948442 ], [ 313585.500099999830127, 555754.400000000372529 ], [ 314029.851700000464916, 555515.601500000804663 ], [ 314033.700000000186265, 555743.300100000575185 ], [ 313589.200199999846518, 555807.000099999830127 ], [ 313680.303299999795854, 556015.301699999719858 ], [ 313782.89879999961704, 556008.299900000914931 ], [ 313847.603900000452995, 556355.504300000146031 ], [ 313863.896099999547005, 556357.203900000080466 ], [ 314174.900000000372529, 556547.900200000032783 ], [ 314566.400299999862909, 555771.500199999660254 ], [ 314734.699900000356138, 555907.39919999986887 ], [ 314616.702499999664724, 555697.10329999960959 ], [ 314886.897099999710917, 555526.903699999675155 ], [ 314821.525600000284612, 555958.17369999922812 ], [ 314813.199799999594688, 556013.101199999451637 ], [ 314952.25789999961853, 555944.470000000670552 ], [ 315269.70380000025034, 555787.796800000593066 ], [ 315004.600300000049174, 555450.003499999642372 ], [ 315365.099899999797344, 555790.699699999764562 ], [ 315452.900399999693036, 555469.699100000783801 ], [ 315969.099299999885261, 555623.104000000283122 ], [ 316113.699699999764562, 555268.500900000333786 ], [ 316143.103099999949336, 555527.801300000399351 ], [ 316202.499900000169873, 555091.500199999660254 ], [ 316560.200199999846518, 555263.00029999949038 ], [ 317408.39919999986887, 553822.100199999287724 ], [ 317042.696999999694526, 554544.7027000002563 ], [ 317591.697900000028312, 554152.7043999992311 ], [ 317358.599000000394881, 554700.899100000038743 ], [ 317734.520999999716878, 554300.062400000169873 ], [ 317841.400000000372529, 554186.099899999797344 ], [ 317590.386400000192225, 553520.281899999827147 ], [ 317493.503899999894202, 553263.299499999731779 ], [ 317812.299200000241399, 552611.396099999547005 ], [ 317717.027200000360608, 552995.443099999800324 ], [ 317674.134899999946356, 553168.344399999827147 ], [ 317654.299100000411272, 553248.30379999987781 ], [ 317994.80379999987781, 553549.697300000116229 ], [ 317723.903900000266731, 553484.995999999344349 ], [ 318111.000199999660254, 554417.499900000169873 ], [ 317741.597799999639392, 554708.695699999108911 ], [ 317906.99959999974817, 555023.799200000241399 ], [ 317566.596400000154972, 555610.397600000724196 ], [ 317983.797799999825656, 555112.799900000914931 ], [ 317483.601599999703467, 556078.003799999132752 ], [ 318310.100200000219047, 555966.500099999830127 ], [ 318144.291299999691546, 555895.051599999889731 ], [ 318118.800499999895692, 555365.898800000548363 ], [ 318294.602300000376999, 555838.402400000020862 ], [ 318167.000599999912083, 555284.200699999928474 ], [ 318480.39989999961108, 555890.199799999594688 ], [ 318413.701299999840558, 555466.499299999326468 ], [ 318869.499200000427663, 555951.800499999895692 ], [ 318759.699199999682605, 555560.401599999517202 ], [ 319082.000300000421703, 555589.000099999830127 ], [ 318873.099899999797344, 555280.600899999961257 ], [ 319279.89989999961108, 555813.599999999627471 ], [ 318865.799999999813735, 555769.400200000032783 ], [ 319341.400200000032783, 556003.499900000169873 ], [ 318989.799999999813735, 555985.400200000032783 ], [ 319232.500300000421703, 556364.199799999594688 ], [ 319430.300200000405312, 556244.100199999287724 ], [ 319461.300200000405312, 556611.799900000914931 ], [ 319711.097400000318885, 556353.907199999317527 ], [ 319592.300699999555945, 556985.004200000315905 ], [ 319839.999900000169873, 557184.800200000405312 ], [ 319766.399699999950826, 556583.299699999392033 ], [ 320000.002500000409782, 557023.407800000160933 ], [ 320034.284599999897182, 557087.995300000533462 ], [ 320000.002500000409782, 557119.778599999845028 ], [ 319640.799200000241399, 557452.800200000405312 ], [ 319614.0, 557986.5 ], [ 319920.100200000219047, 558168.099899999797344 ], [ 320000.002500000409782, 558090.626599999144673 ], [ 320515.499900000169873, 557590.799799999222159 ], [ 320296.099499999545515, 558005.001199999824166 ], [ 321065.701200000010431, 557847.398600000888109 ], [ 321764.503299999982119, 557024.802799999713898 ], [ 322529.399000000208616, 557244.899599999189377 ], [ 322425.502700000070035, 557305.071599999442697 ], [ 322224.298799999989569, 557421.599700000137091 ], [ 321787.800200000405312, 557089.00029999949038 ], [ 321007.832299999892712, 558103.068600000813603 ], [ 320117.899400000460446, 558400.100299999117851 ], [ 320059.645800000056624, 558361.095899999141693 ], [ 320000.002500000409782, 558321.160800000652671 ], [ 319170.17989999987185, 557765.541799999773502 ], [ 318368.700100000016391, 557228.900200000032783 ], [ 316549.89919999986887, 557937.801000000908971 ], [ 315885.197599999606609, 558588.69510000012815 ], [ 315907.599600000306964, 559033.299000000581145 ], [ 316658.895399999804795, 559999.961100000888109 ], [ 317888.698699999600649, 561582.299699999392033 ], [ 319041.599200000055134, 561662.699799999594688 ], [ 318798.903199999593198, 561003.603800000622869 ], [ 319067.997299999929965, 561674.201899999752641 ], [ 320000.009800000116229, 561777.577199999243021 ], [ 320163.400000000372529, 561795.699799999594688 ], [ 321184.100399999879301, 562758.200500000268221 ], [ 322966.299999999813735, 562800.099899999797344 ], [ 324136.599700000137091, 562341.400299999862909 ], [ 324720.102099999785423, 561427.902400000020862 ], [ 325969.099799999967217, 560963.0 ], [ 326079.802699999883771, 560352.601399999111891 ], [ 326764.421000000089407, 559999.987999999895692 ], [ 327172.498999999836087, 559789.806800000369549 ], [ 328215.298899999819696, 559883.7043999992311 ], [ 328339.149400000460446, 559639.646800000220537 ], [ 328349.166299999691546, 559619.907700000330806 ], [ 328392.301699999719858, 559534.905999999493361 ], [ 328445.799800000153482, 559801.899900000542402 ], [ 329593.996799999848008, 559853.003200000151992 ], [ 329331.799700000323355, 559871.799900000914931 ], [ 329488.35080000013113, 560000.026200000196695 ], [ 329792.200000000186265, 560248.900100000202656 ], [ 331359.199199999682605, 560802.10080000013113 ], [ 332012.699799999594688, 561696.200300000607967 ], [ 332827.999900000169873, 561764.500099999830127 ], [ 332696.003200000151992, 561423.903500000014901 ], [ 333034.399799999780953, 561721.999800000339746 ], [ 333377.283800000324845, 561725.495300000533462 ], [ 333431.838399999774992, 561726.051400000229478 ], [ 333439.597500000149012, 561726.130499999970198 ], [ 334445.020700000226498, 561736.380100000649691 ], [ 334712.448800000362098, 561739.106399999931455 ], [ 335427.900100000202656, 561746.399900000542402 ], [ 335862.89919999986887, 560806.600099999457598 ], [ 335732.964900000020862, 560414.023299999535084 ], [ 335609.700600000098348, 560041.599199999123812 ], [ 336292.095099999569356, 560592.401900000870228 ], [ 336041.150000000372529, 560742.902100000530481 ], [ 335978.296099999919534, 560780.597699999809265 ], [ 335530.100300000049174, 561840.799799999222159 ], [ 333479.10259999986738, 561764.796000000089407 ], [ 333325.300099999643862, 562135.199999999254942 ], [ 333212.700000000186265, 561924.000099999830127 ], [ 332477.299999999813735, 562259.500099999830127 ], [ 332848.500199999660254, 562480.799799999222159 ], [ 332431.30379999987781, 562320.296900000423193 ], [ 332533.699799999594688, 562619.100199999287724 ], [ 331787.496399999596179, 562075.796900000423193 ], [ 331124.699799999594688, 562472.400100000202656 ], [ 331655.799599999561906, 562107.098699999973178 ], [ 331265.306800000369549, 562086.503799999132752 ], [ 331451.402999999932945, 561832.496600000187755 ], [ 330726.300200000405312, 561126.099700000137091 ], [ 329585.60329999960959, 561068.894999999552965 ], [ 329960.803100000135601, 560910.60050000064075 ], [ 328967.200000000186265, 560420.899900000542402 ], [ 327709.100200000219047, 560553.800000000745058 ], [ 328621.200299999676645, 560894.700200000777841 ], [ 328076.099999999627471, 560795.900100000202656 ], [ 328306.801300000399351, 561226.799699999392033 ], [ 327788.400100000202656, 560956.300300000235438 ], [ 327961.499800000339746, 561188.300000000745058 ], [ 327647.400299999862909, 562024.600099999457598 ], [ 328306.999800000339746, 562494.400200000032783 ], [ 328675.10080000013113, 561947.703500000759959 ], [ 328626.397699999623001, 562538.7043999992311 ], [ 329083.999699999578297, 562169.100299999117851 ], [ 328771.799300000071526, 562643.604399999603629 ], [ 329440.000300000421703, 562773.599799999967217 ], [ 328634.700199999846518, 563045.699899999424815 ], [ 328621.699000000022352, 563461.700200000777841 ], [ 329117.399299999698997, 564039.804700000211596 ], [ 329993.699900000356138, 564058.399700000882149 ], [ 329131.101099999621511, 564233.599799999967217 ], [ 329424.60010000038892, 564641.199999999254942 ], [ 331232.199099999852479, 564192.699999999254942 ], [ 331631.500199999660254, 564604.600099999457598 ], [ 331458.996700000017881, 564999.999900000169873 ], [ 331996.499900000169873, 565594.600099999457598 ], [ 332079.800800000317395, 565287.298900000751019 ], [ 332363.603600000031292, 565897.103099999949336 ], [ 332192.499900000169873, 565257.700099999085069 ], [ 332479.60329999960959, 565868.701199999079108 ], [ 332943.503399999812245, 565235.502499999478459 ], [ 332651.200100000016391, 565108.900100000202656 ], [ 333376.5011, 564948.304700000211596 ], [ 333502.622999999672174, 564429.323200000450015 ], [ 333663.500199999660254, 564875.000099999830127 ], [ 332838.997299999929965, 566099.595100000500679 ], [ 333424.2977, 565498.597200000658631 ], [ 333103.999800000339746, 566067.200099999085069 ], [ 332500.39740000013262, 566284.702099999412894 ], [ 332433.299599999561906, 566859.398900000378489 ], [ 332697.697300000116229, 566976.002000000327826 ], [ 332411.1097999997437, 566859.545299999415874 ], [ 333298.898599999956787, 567594.097300000488758 ], [ 333267.097400000318885, 568620.803400000557303 ], [ 333027.199099999852479, 568526.700400000438094 ], [ 332981.002000000327826, 568818.296900000423193 ], [ 333641.101599999703467, 569590.395899999886751 ], [ 333599.595900000073016, 570282.697699999436736 ], [ 334235.100499999709427, 570497.096400000154972 ], [ 333983.098500000312924, 571086.497600000351667 ], [ 334533.299599999561906, 571810.600400000810623 ], [ 333628.898900000378489, 572341.498400000855327 ], [ 333432.19649999961257, 573038.698799999430776 ], [ 332791.101700000464916, 573038.298900000751019 ], [ 332959.4989, 573650.103800000622869 ], [ 333459.800900000147521, 573960.604900000616908 ], [ 334456.900899999774992, 573903.501299999654293 ], [ 338852.796500000171363, 573174.799900000914931 ], [ 339063.441200000233948, 573764.711300000548363 ], [ 340285.598399999551475, 574300.79759999923408 ], [ 339870.896599999628961, 574815.300300000235438 ], [ 340043.003999999724329, 575366.102600000798702 ], [ 341218.974000000394881, 575682.687999999150634 ], [ 341681.139999999664724, 576439.060000000521541 ], [ 342836.603900000452995, 576311.202099999412894 ], [ 343078.703599999658763, 577410.197499999776483 ], [ 343685.696700000204146, 577368.59940000064671 ], [ 343787.498499999754131, 577968.497700000181794 ], [ 343536.29619999974966, 578178.797499999403954 ], [ 344137.996100000105798, 578214.497300000861287 ], [ 344545.095900000073016, 579449.403799999505281 ], [ 345325.903199999593198, 579663.302600000053644 ], [ 345737.298799999989569, 579673.699599999934435 ], [ 346223.798600000329316, 580043.703700000420213 ], [ 346285.999400000087917, 580584.4989 ], [ 346637.997499999590218, 580613.40059999935329 ], [ 346447.899400000460446, 581224.395700000226498 ], [ 346996.896800000220537, 581103.400299999862909 ], [ 347321.001899999566376, 581474.304199999198318 ], [ 346983.696399999782443, 582325.700500000268221 ], [ 347472.99959999974817, 582972.495300000533462 ], [ 348281.502000000327826, 582723.896500000730157 ], [ 350069.019999999552965, 583329.589999999850988 ], [ 350710.639999999664724, 584156.96000000089407 ], [ 352548.860000000335276, 585132.400000000372529 ], [ 353428.786999999545515, 586124.845000000670552 ], [ 355291.169999999925494, 586766.599999999627471 ], [ 356180.370799999684095, 588517.290300000458956 ], [ 357677.796299999579787, 592130.603800000622869 ], [ 358868.498499999754131, 591928.70160000026226 ], [ 359931.996000000275671, 592345.302400000393391 ], [ 359658.79590000025928, 593023.098400000482798 ], [ 360028.603400000371039, 594692.000600000843406 ], [ 361224.796799999661744, 594942.099099999293685 ], [ 360198.196000000461936, 595333.896900000050664 ], [ 358992.603199999779463, 596399.002000000327826 ], [ 360273.201399999670684, 596629.596000000834465 ], [ 360181.400799999944866, 597266.103800000622869 ], [ 361400.598000000230968, 598959.799000000581145 ], [ 363691.801599999889731, 600458.000099999830127 ], [ 363673.703700000420213, 600892.395800000056624 ], [ 364217.597400000318885, 601461.20299999974668 ], [ 364738.000900000333786, 602099.800200000405312 ], [ 364619.898599999956787, 602782.104900000616908 ], [ 365164.897199999541044, 602549.701400000602007 ], [ 366418.303100000135601, 603310.503599999472499 ], [ 367084.800900000147521, 603343.104299999773502 ], [ 368256.201399999670684, 604909.595899999141693 ], [ 368706.299300000071526, 606051.798900000751019 ], [ 369824.403800000436604, 606805.403200000524521 ], [ 370853.799700000323355, 606673.401000000536442 ], [ 371924.396099999547005, 607331.302699999883771 ], [ 372884.599499999545515, 607019.402000000700355 ], [ 373788.7034, 607290.704299999400973 ], [ 374598.096300000324845, 606783.39949999935925 ], [ 374763.0, 606100.0 ], [ 375177.402599999681115, 606005.60219999961555 ], [ 376070.49930000025779, 606192.29869999922812 ], [ 376461.7027000002563, 606846.801400000229478 ], [ 378707.797500000335276, 608194.395600000396371 ], [ 378155.996799999848008, 608840.400699999183416 ], [ 379187.800300000235438, 609745.801500000059605 ], [ 378889.700100000016391, 609960.200200000777841 ], [ 378845.902300000190735, 611007.700300000607967 ], [ 378266.101400000043213, 611776.600199999287724 ], [ 378976.701999999582767, 612104.39640000090003 ], [ 379054.403400000184774, 612937.097999999299645 ], [ 380262.997499999590218, 612584.099099999293685 ], [ 380309.400700000114739, 612925.101500000804663 ], [ 381363.498800000175834, 613484.401399999856949 ], [ 381456.099000000394881, 614100.904899999499321 ], [ 382763.798700000159442, 614709.400699999183416 ], [ 382970.799200000241399, 615110.595899999141693 ], [ 383502.20160000026226, 614993.399399999529123 ], [ 383607.301400000229478, 615480.000099999830127 ], [ 384750.297799999825656, 615388.196399999782443 ], [ 385461.599200000055134, 614972.095499999821186 ], [ 387088.39919999986887, 615980.796800000593066 ], [ 387812.398000000044703, 616837.801500000059605 ], [ 388107.10120000038296, 618607.404899999499321 ], [ 389634.004099999554455, 619406.596200000494719 ], [ 389116.502899999730289, 619840.701899999752641 ], [ 387355.803000000305474, 620206.597200000658631 ], [ 387056.696999999694526, 620880.104399999603629 ], [ 387293.503399999812245, 621767.700300000607967 ], [ 386237.401700000278652, 623572.903599999845028 ], [ 385645.497000000439584, 623996.20240000076592 ], [ 385938.402800000272691, 625472.0 ], [ 385730.899400000460446, 626098.200699999928474 ], [ 385376.897699999623001, 626233.502000000327826 ], [ 385443.699199999682605, 627926.7972999997437 ], [ 384939.398199999704957, 629130.202800000086427 ], [ 384463.699400000274181, 629254.697200000286102 ], [ 381908.200500000268221, 631859.901499999687076 ], [ 381667.799200000241399, 632500.698000000789762 ], [ 382079.697700000368059, 633694.896199999377131 ], [ 381875.302699999883771, 634500.395600000396371 ], [ 381505.701299999840558, 635041.600700000301003 ], [ 380741.400600000284612, 635321.100700000301003 ], [ 380191.29839999973774, 636364.701999999582767 ], [ 380643.201999999582767, 636587.598200000822544 ], [ 380665.801699999719858, 637299.404400000348687 ], [ 379676.79839999973774, 637002.299499999731779 ], [ 378943.10329999960959, 637661.200899999588728 ], [ 379162.025600000284612, 637978.963500000536442 ], [ 379560.211500000208616, 638211.042199999094009 ], [ 379661.000799999572337, 638894.497800000011921 ], [ 380853.302600000053644, 639320.595899999141693 ], [ 382287.497999999672174, 638855.798900000751019 ], [ 383984.801599999889731, 639027.699699999764562 ], [ 384630.595999999903142, 638468.099899999797344 ], [ 385318.901899999938905, 638609.59940000064671 ], [ 385394.303000000305474, 639160.201799999922514 ], [ 384481.599499999545515, 639897.000900000333786 ], [ 385630.400299999862909, 641015.500700000673532 ], [ 386356.097599999979138, 641215.903300000354648 ], [ 386347.201200000010431, 642512.202299999073148 ], [ 387662.700699999928474, 643890.597699999809265 ], [ 388531.103500000201166, 645364.695800000801682 ], [ 389589.7034, 645856.394999999552965 ], [ 388979.502899999730289, 647231.301400000229478 ], [ 389491.999400000087917, 647660.298599999397993 ], [ 390644.89809999987483, 647764.298900000751019 ], [ 390928.264600000344217, 649460.130899999290705 ], [ 391410.25, 649685.259999999776483 ], [ 392631.940000000409782, 649426.46000000089407 ], [ 392834.39879999961704, 650471.004100000485778 ], [ 393417.002999999560416, 650582.102299999445677 ], [ 393343.803399999625981, 651842.601500000804663 ], [ 394693.000500000081956, 652091.500199999660254 ], [ 394724.900600000284612, 652080.203500000759959 ], [ 394698.796699999831617, 655530.995699999853969 ], [ 395272.603500000201166, 655649.601700000464916 ], [ 396197.196399999782443, 656607.597500000149012 ], [ 396799.300300000235438, 656582.404699999839067 ], [ 397940.856800000183284, 657536.462700000032783 ], [ 398145.000199999660254, 656772.899800000712276 ], [ 399309.278500000014901, 655559.425100000575185 ], [ 399287.553000000305474, 655368.128000000491738 ], [ 399418.670800000429153, 655317.897199999541044 ], [ 399835.377600000239909, 655011.095899999141693 ], [ 400000.0, 654839.517500000074506 ], [ 400099.800300000235438, 654735.500199999660254 ], [ 400599.749400000087917, 652665.597200000658631 ], [ 400828.698800000362098, 652531.250399999320507 ], [ 400827.400000000372529, 652496.300000000745058 ], [ 400904.421900000423193, 652486.816299999132752 ], [ 401073.919300000183284, 652385.043400000780821 ], [ 400626.100200000219047, 652556.499099999666214 ], [ 400000.0, 652480.196399999782443 ], [ 399835.099899999797344, 652460.099999999627471 ], [ 399489.895499999634922, 652914.27419999986887 ], [ 399452.561499999836087, 652963.393400000408292 ], [ 399426.158599999733269, 652998.130899999290705 ], [ 399279.0159, 653191.721799999475479 ], [ 399276.525600000284612, 653194.998199999332428 ], [ 399266.14049999974668, 653208.661499999463558 ], [ 399059.60010000038892, 653480.400000000372529 ], [ 398259.276899999938905, 653127.770500000566244 ], [ 398218.255199999548495, 653109.696000000461936 ], [ 398088.880300000309944, 653052.692199999466538 ], [ 398084.133600000292063, 653050.60080000013113 ], [ 397660.399100000038743, 652863.89949999935925 ], [ 397558.001400000415742, 651921.699400000274181 ], [ 397491.019500000402331, 651864.936699999496341 ], [ 397465.920400000177324, 651843.666899999603629 ], [ 397209.896099999547005, 651626.703299999237061 ], [ 397705.599999999627471, 651864.10080000013113 ], [ 398113.100700000301003, 652935.999399999156594 ], [ 398491.931499999947846, 653095.114700000733137 ], [ 398518.799499999731779, 653106.399700000882149 ], [ 398515.799100000411272, 653060.199100000783801 ], [ 398472.091699999757111, 653022.432199999690056 ], [ 398253.901700000278652, 652833.897399999201298 ], [ 398431.223899999633431, 652872.713999999687076 ], [ 398507.000799999572337, 652889.301899999380112 ], [ 399257.000099999830127, 653102.899900000542402 ], [ 399864.20380000025034, 652046.603099999949336 ], [ 400000.0, 652038.080099999904633 ], [ 400565.300099999643862, 652002.600099999457598 ], [ 401133.928700000047684, 650874.790500000119209 ], [ 401149.100300000049174, 650844.699400000274181 ], [ 402408.399600000120699, 649433.000600000843406 ], [ 402562.500099999830127, 648875.100299999117851 ], [ 403854.294499999843538, 647704.944399999454618 ], [ 403900.666000000201166, 647646.867000000551343 ], [ 403959.385300000198185, 647609.749199999496341 ], [ 405174.999900000169873, 646508.599700000137091 ], [ 405628.800300000235438, 645727.400299999862909 ], [ 407385.099200000055134, 644561.400299999862909 ], [ 407630.902999999932945, 643542.597300000488758 ], [ 407290.597599999979138, 643391.900100000202656 ], [ 408069.300300000235438, 643263.200099999085069 ], [ 408018.602300000376999, 642459.297399999573827 ], [ 408517.0011, 641387.799799999222159 ], [ 408275.405799999833107, 641386.004200000315905 ], [ 409598.256000000052154, 640000.021199999377131 ], [ 409721.400200000032783, 639871.0 ], [ 410103.300900000147521, 639135.499399999156594 ], [ 409746.704599999822676, 639250.995400000363588 ], [ 410140.708800000138581, 638858.209100000560284 ], [ 410232.096099999733269, 638767.104299999773502 ], [ 411860.60010000038892, 637809.400000000372529 ], [ 412553.400700000114739, 638079.500900000333786 ], [ 413309.300300000235438, 639269.500099999830127 ], [ 413199.293800000101328, 639999.995200000703335 ], [ 412979.899799999780953, 640493.599700000137091 ], [ 413204.200500000268221, 640530.599700000137091 ], [ 413489.299499999731779, 640240.801400000229478 ], [ 413494.652400000020862, 639999.986300000920892 ], [ 413696.900100000202656, 638972.099700000137091 ], [ 414911.400299999862909, 636951.099799999967217 ], [ 414470.502700000070035, 635996.897299999371171 ], [ 413557.403400000184774, 635844.300899999216199 ], [ 414059.404000000096858, 635691.404699999839067 ], [ 414648.400000000372529, 634396.899800000712276 ], [ 416327.498999999836087, 636138.400000000372529 ], [ 417293.2652000002563, 635988.08420000039041 ], [ 417639.005199999548495, 635851.189999999478459 ], [ 417957.899699999950826, 635446.904699999839067 ], [ 419502.999900000169873, 634770.898900000378489 ], [ 420000.015599999576807, 634129.801599999889731 ], [ 421226.703700000420213, 632547.504599999636412 ], [ 422222.564699999988079, 632297.699100000783801 ], [ 421982.7023, 632193.996799999848008 ], [ 422832.503499999642372, 631678.603399999439716 ], [ 422033.500300000421703, 630898.300200000405312 ], [ 422441.700299999676645, 631225.399800000712276 ], [ 423231.497399999760091, 629614.403500000014901 ], [ 423658.599799999967217, 629395.199899999424815 ], [ 423558.399299999698997, 629027.001199999824166 ], [ 424139.579400000162423, 628786.552699999883771 ], [ 423293.200299999676645, 628568.099999999627471 ], [ 422937.001400000415742, 627525.102299999445677 ], [ 423029.768099999986589, 627347.584799999371171 ], [ 423696.099700000137091, 626072.498999999836087 ], [ 424184.199000000022352, 625915.601299999281764 ], [ 424158.243200000375509, 625573.865800000727177 ], [ 424152.199799999594688, 625489.604900000616908 ], [ 424685.598899999633431, 625398.90059999935329 ], [ 424177.99930000025779, 624593.100700000301003 ], [ 424502.301599999889731, 624025.903899999335408 ], [ 424488.205799999646842, 623516.338400000706315 ], [ 424450.349999999627471, 623490.375 ], [ 424483.035600000061095, 623329.437000000849366 ], [ 424467.701200000010431, 622775.100299999117851 ], [ 425658.901100000366569, 622015.900000000372529 ], [ 425787.437699999660254, 622075.88399999961257 ], [ 425932.409400000236928, 622127.394200000911951 ], [ 425805.513600000180304, 619999.974199999123812 ], [ 425805.156499999575317, 619993.986999999731779 ], [ 426113.000199999660254, 618757.200999999418855 ], [ 425835.600999999791384, 618205.800100000575185 ], [ 426267.10010000038892, 617052.799799999222159 ], [ 425827.500199999660254, 616336.699699999764562 ], [ 426212.900299999862909, 615673.700200000777841 ], [ 426971.902400000020862, 615302.40059999935329 ], [ 426570.900100000202656, 613880.400200000032783 ], [ 426765.900399999693036, 612854.600400000810623 ], [ 425981.440799999982119, 612232.679099999368191 ], [ 425899.098399999551475, 612167.39780000038445 ], [ 425645.701899999752641, 611269.895300000905991 ], [ 424718.000099999830127, 610201.699899999424815 ], [ 424091.899299999698997, 610547.5 ], [ 424339.000300000421703, 610654.600099999457598 ], [ 424308.800099999643862, 610792.799900000914931 ], [ 423942.998999999836087, 610937.100299999117851 ], [ 423952.000599999912083, 610678.700200000777841 ], [ 424516.999800000339746, 609617.499900000169873 ], [ 424568.500199999660254, 610111.300200000405312 ], [ 424904.701799999922514, 610066.799699999392033 ], [ 425064.800200000405312, 608946.701099999248981 ], [ 425075.013799999840558, 608917.85249999910593 ], [ 425080.4545, 608902.485200000926852 ], [ 425525.040900000371039, 607646.744699999690056 ], [ 425570.339200000278652, 607442.442600000649691 ], [ 425657.807599999941885, 607271.745699999853969 ], [ 426192.467000000178814, 605764.640699999406934 ], [ 426622.60149999987334, 605127.903400000184774 ], [ 427305.82880000025034, 605151.543400000780821 ], [ 426613.400000000372529, 604918.602299999445677 ], [ 426556.487200000323355, 604963.621600000187755 ], [ 426223.481999999843538, 605227.036499999463558 ], [ 425820.404900000430644, 605545.623199999332428 ], [ 425841.577800000086427, 605474.25899999961257 ], [ 425844.713800000026822, 605464.611700000241399 ], [ 425950.299899999983609, 605139.799900000914931 ], [ 426402.574900000356138, 604768.928700000047684 ], [ 426426.552299999631941, 604749.267000000923872 ], [ 426444.800900000147521, 604734.302899999544024 ], [ 426490.903400000184774, 604696.498199999332428 ], [ 427141.799899999983609, 604771.999800000339746 ], [ 427325.896900000050664, 605077.797700000926852 ], [ 427362.801300000399351, 604676.401399999856949 ], [ 428693.400200000032783, 603164.699799999594688 ], [ 428676.397599999792874, 602011.595000000670552 ], [ 428351.951100000180304, 601719.206499999389052 ], [ 428166.299200000241399, 601551.898600000888109 ], [ 427483.68819999974221, 600000.001299999654293 ], [ 427409.000099999830127, 599830.199999999254942 ], [ 427218.408599999733269, 597994.197300000116229 ], [ 427277.399500000290573, 598000.703500000759959 ], [ 427359.725300000049174, 598006.519899999722838 ], [ 428430.700000000186265, 594880.299900000914931 ], [ 428555.460699999704957, 594730.608799999579787 ], [ 430284.299100000411272, 592656.303400000557303 ], [ 430071.60010000038892, 591995.00139999948442 ], [ 430261.836199999786913, 591552.967599999159575 ], [ 430199.167100000195205, 591416.759500000625849 ], [ 430702.456600000150502, 590397.901200000196695 ], [ 431137.015300000086427, 589743.82289999909699 ], [ 431255.799700000323355, 589537.799699999392033 ], [ 431817.199900000356138, 589231.199799999594688 ], [ 431605.399799999780953, 588813.599999999627471 ], [ 431998.603900000452995, 588019.700600000098348 ], [ 431191.898900000378489, 587815.399100000038743 ], [ 431184.986299999989569, 587739.208200000226498 ], [ 431026.473500000312924, 587264.179500000551343 ], [ 431026.269999999552965, 587259.769999999552965 ], [ 431132.295400000177324, 587158.45549999922514 ], [ 431102.70380000025034, 586832.300499999895692 ], [ 431057.573099999688566, 586749.869999999180436 ], [ 430674.017599999904633, 586353.983799999579787 ], [ 430632.471199999563396, 585973.42710000090301 ], [ 430356.900100000202656, 585470.100199999287724 ], [ 429534.128899999894202, 585432.461300000548363 ], [ 429519.569099999964237, 585431.70240000076592 ], [ 429444.23340000025928, 585375.470200000330806 ], [ 429425.002199999988079, 585361.115599999204278 ], [ 429402.201200000010431, 585344.096499999985099 ], [ 430367.599499999545515, 585234.498999999836087 ], [ 430727.716900000348687, 584044.06220000050962 ], [ 430733.950000000186265, 583972.75 ], [ 430768.225899999961257, 583910.152000000700355 ], [ 430939.401200000196695, 583344.299399999901652 ], [ 431317.574400000274181, 582827.634899999946356 ], [ 431626.69400000013411, 582318.447000000625849 ], [ 431752.175999999977648, 582233.877100000157952 ], [ 432065.800099999643862, 581805.400100000202656 ], [ 432542.760800000280142, 580907.691099999472499 ], [ 432563.243200000375509, 580825.302200000733137 ], [ 432068.500199999660254, 581678.0 ], [ 431716.696999999694526, 581909.499600000679493 ], [ 430571.301199999637902, 583350.697000000625849 ], [ 430696.403699999675155, 582821.598500000312924 ], [ 430535.232300000265241, 583143.802799999713898 ], [ 429854.599499999545515, 582843.102399999275804 ], [ 428261.299899999983609, 583708.099700000137091 ], [ 429808.200000000186265, 582683.700300000607967 ], [ 428816.730499999597669, 582386.817800000309944 ], [ 428539.184999999590218, 582303.710400000214577 ], [ 428276.558899999596179, 582323.786199999973178 ], [ 428080.196399999782443, 582338.796700000762939 ], [ 427950.252600000239909, 582292.027699999511242 ], [ 427824.599499999545515, 582246.802999999374151 ], [ 427863.413200000301003, 582244.177799999713898 ], [ 428394.564199999906123, 582208.252599999308586 ], [ 428633.398699999786913, 582192.098699999973178 ], [ 428864.844899999909103, 582317.178700000047684 ], [ 428891.899000000208616, 582331.799499999731779 ], [ 428913.837799999862909, 582328.526499999687076 ], [ 429267.89740000013262, 582275.704800000414252 ], [ 429183.700000000186265, 582084.800000000745058 ], [ 429730.5455, 582388.05460000038147 ], [ 429760.446899999864399, 582404.636499999091029 ], [ 430212.5011, 582636.001599999144673 ], [ 430968.289499999955297, 582292.095200000330806 ], [ 431055.303000000305474, 582252.50139999948442 ], [ 431652.21889999974519, 581806.062699999660254 ], [ 431657.931400000117719, 581801.790300000458956 ], [ 431687.199199999682605, 581779.90059999935329 ], [ 431817.892199999652803, 581703.991499999538064 ], [ 431962.498999999836087, 581620.000900000333786 ], [ 432157.197700000368059, 581312.500499999150634 ], [ 432155.583100000396371, 581254.174399999901652 ], [ 432155.000300000421703, 581233.122199999168515 ], [ 432134.3909, 580488.626499999314547 ], [ 432277.699599999934435, 580971.799100000411272 ], [ 432564.033900000154972, 580510.232499999925494 ], [ 432504.536899999715388, 580445.686499999836087 ], [ 432329.200299999676645, 580558.5 ], [ 432177.787800000049174, 580154.162699999287724 ], [ 432120.058299999684095, 580000.0 ], [ 432090.823599999770522, 579918.930900000035763 ], [ 432349.002500000409782, 578780.795199999585748 ], [ 432373.551500000059605, 578744.948400000110269 ], [ 432375.932099999859929, 578741.472300000488758 ], [ 433409.162800000049174, 577232.733300000429153 ], [ 433489.32039999961853, 577094.039599999785423 ], [ 433506.459599999710917, 577090.659099999815226 ], [ 433693.159599999897182, 576818.03690000064671 ], [ 433854.402300000190735, 576904.60219999961555 ], [ 433979.884800000116229, 576651.562999999150634 ], [ 433977.645999999716878, 576466.142000000923872 ], [ 434028.198099999688566, 576432.465099999681115 ], [ 434039.089999999850988, 576332.919999999925494 ], [ 434165.416699999943376, 576277.432700000703335 ], [ 434449.760599999688566, 575704.038599999621511 ], [ 434465.799300000071526, 575671.695699999108911 ], [ 434827.038900000043213, 575417.61849999986589 ], [ 434825.503999999724329, 575290.528000000864267 ], [ 434845.851300000213087, 575313.678700000047684 ], [ 434842.690000000409782, 575286.509999999776483 ], [ 434955.659300000406802, 575327.152699999511242 ], [ 435132.599999999627471, 575202.700200000777841 ], [ 434900.800200000405312, 574541.999600000679493 ], [ 435207.599200000055134, 573377.401000000536442 ], [ 435210.064000000245869, 573372.514799999073148 ], [ 435213.990299999713898, 573364.731300000101328 ], [ 435506.366399999707937, 572785.125399999320507 ], [ 436123.174100000411272, 572009.331299999728799 ], [ 436486.621100000105798, 571552.203500000759959 ], [ 436491.530799999833107, 571485.68889999948442 ], [ 436497.92850000038743, 571399.015399999916553 ], [ 436486.002999999560416, 571380.878000000491738 ], [ 436500.15610000025481, 571368.83669999986887 ], [ 436510.163599999621511, 571233.25789999961853 ], [ 436493.700000000186265, 571208.449999999254942 ], [ 436512.603099999949336, 571200.208599999547005 ], [ 436541.302799999713898, 570811.39640000090003 ], [ 436552.637500000186265, 570789.220899999141693 ], [ 436555.241399999707937, 570784.126499999314547 ], [ 437202.300300000235438, 569518.199799999594688 ], [ 437455.564699999988079, 569407.905799999833107 ], [ 437530.808299999684095, 569302.126000000163913 ], [ 437553.25, 569271.650000000372529 ], [ 438241.565499999560416, 569063.706100000068545 ], [ 438135.403699999675155, 569088.325500000268221 ], [ 437434.639000000432134, 569273.650000000372529 ], [ 437432.583899999968708, 569261.626900000497699 ], [ 437361.100300000049174, 569279.700099999085069 ], [ 437387.824900000356138, 569096.045099999755621 ], [ 437386.237499999813735, 569025.589600000530481 ], [ 436560.099899999797344, 568889.300300000235438 ], [ 436494.86849999986589, 568702.654400000348687 ], [ 436392.100200000219047, 568408.604199999943376 ], [ 435848.672199999913573, 568174.465700000524521 ], [ 435234.345599999651313, 567023.427999999374151 ], [ 435219.600300000049174, 566995.800300000235438 ], [ 435370.701100000180304, 566636.301300000399351 ], [ 434876.19620000012219, 566131.296099999919534 ], [ 433896.098699999973178, 566190.099799999967217 ], [ 433993.099999999627471, 566399.900200000032783 ], [ 433246.601099999621511, 566080.900499999523163 ], [ 433122.43680000025779, 566083.300499999895692 ], [ 431979.099899999797344, 566105.400200000032783 ], [ 431901.540599999949336, 566179.361999999731779 ], [ 431924.782300000078976, 566100.641699999570847 ], [ 431917.762199999764562, 566100.078600000590086 ], [ 430845.080000000074506, 566014.042700000107288 ], [ 430137.605999999679625, 565599.18129999935627 ], [ 430122.803100000135601, 565590.500900000333786 ], [ 429859.599799999967217, 564865.798900000751019 ], [ 429851.230999999679625, 564827.714299999177456 ], [ 429504.100999999791384, 563248.000499999150634 ], [ 428893.855299999937415, 563004.074400000274181 ], [ 428655.999200000427663, 562908.999099999666214 ], [ 428583.736999999731779, 562958.49970000050962 ], [ 427914.449099999852479, 563414.034900000318885 ], [ 427911.623100000433624, 563414.502699999138713 ], [ 426946.7972999997437, 563574.198000000789762 ], [ 426160.811999999918044, 564706.484999999403954 ], [ 426446.099499999545515, 564072.695299999788404 ], [ 426427.460900000296533, 564071.458799999207258 ], [ 425694.587600000202656, 564022.284800000488758 ], [ 424399.097500000149012, 563154.108999999240041 ], [ 423185.79619999974966, 562915.896500000730157 ], [ 421393.436700000427663, 563399.291899999603629 ], [ 421373.898400000296533, 563404.561300000175834 ], [ 420386.721499999985099, 563516.908900000154972 ], [ 420333.199699999764562, 563523.000099999830127 ], [ 420156.74239999987185, 563636.11570000089705 ], [ 420000.023900000378489, 563736.57799999974668 ], [ 419454.199199999682605, 564086.471599999815226 ], [ 419451.53249999973923, 564088.18099999986589 ], [ 418533.999400000087917, 564448.099300000816584 ], [ 419138.799999999813735, 564111.400000000372529 ], [ 418780.245699999853969, 563840.134800000116229 ], [ 418600.700799999758601, 563704.299599999561906 ], [ 418346.798499999567866, 563730.802400000393391 ], [ 418009.60010000038892, 563765.999800000339746 ], [ 417630.496600000187755, 564559.895899999886751 ], [ 416859.859400000423193, 565007.346599999815226 ], [ 416856.090900000184774, 565009.534700000658631 ], [ 416796.473199999891222, 565044.150200000032783 ], [ 415940.900999999605119, 565454.199899999424815 ], [ 414831.499900000169873, 565222.003000000491738 ], [ 414814.896399999968708, 565226.294700000435114 ], [ 413859.601400000043213, 565567.697399999946356 ], [ 414065.648400000296533, 565453.193299999460578 ], [ 414256.734699999913573, 565347.02419999986887 ], [ 414280.692499999888241, 565333.714299999177456 ], [ 414656.547600000165403, 565124.910099999979138 ], [ 416307.500300000421703, 565189.699799999594688 ], [ 417478.10010000038892, 564518.800200000405312 ], [ 417583.999800000339746, 563926.499900000169873 ], [ 418057.102500000037253, 563635.066199999302626 ], [ 418099.510499999858439, 563608.942600000649691 ], [ 418681.0, 563545.700200000777841 ], [ 419120.496199999935925, 563925.959400000050664 ], [ 419210.000199999660254, 564003.399700000882149 ], [ 419279.770200000144541, 563966.134600000455976 ], [ 420000.021300000138581, 563581.439300000667572 ], [ 420595.100200000219047, 563263.600099999457598 ], [ 420610.336099999956787, 563256.79619999974966 ], [ 420682.711199999786913, 563224.47580000013113 ], [ 423319.200000000186265, 562636.499800000339746 ], [ 423298.399699999950826, 562548.100999999791384 ], [ 424695.932099999859929, 563120.381100000813603 ], [ 424737.500199999660254, 563137.403000000864267 ], [ 426061.529299999587238, 563982.93099999986589 ], [ 426084.500099999830127, 563997.600199999287724 ], [ 426102.640800000168383, 563984.872300000861287 ], [ 427058.739900000393391, 563318.641799999400973 ], [ 427065.079699999652803, 563318.782299999147654 ], [ 427742.499900000169873, 563333.799000000581145 ], [ 428368.748399999924004, 562866.452299999073148 ], [ 428409.363800000399351, 562848.183299999684095 ], [ 428759.699500000104308, 562690.600899999961257 ], [ 429667.500300000421703, 562987.899800000712276 ], [ 429911.373100000433624, 563459.949300000444055 ], [ 429923.800300000235438, 563484.003799999132752 ], [ 430281.396800000220537, 565379.801200000569224 ], [ 431684.697999999858439, 565833.601299999281764 ], [ 431705.3898, 565833.381799999624491 ], [ 433287.701299999840558, 565816.599899999797344 ], [ 433325.862900000065565, 565819.642300000414252 ], [ 433867.200299999676645, 565862.799699999392033 ], [ 433951.948800000362098, 565591.018400000408292 ], [ 433898.300099999643862, 565853.699999999254942 ], [ 434380.395999999716878, 565623.801300000399351 ], [ 435193.822599999606609, 565754.493200000375509 ], [ 435353.195700000040233, 565780.09940000064671 ], [ 435693.129499999806285, 566632.522900000214577 ], [ 435699.899400000460446, 566649.499199999496341 ], [ 435931.199699999764562, 567848.00029999949038 ], [ 436615.10010000038892, 568232.299900000914931 ], [ 436948.699599999934435, 568328.110999999567866 ], [ 437284.400100000202656, 567786.199899999424815 ], [ 437570.441700000315905, 568012.508600000292063 ], [ 437771.533999999985099, 567348.094399999827147 ], [ 437785.103199999779463, 567303.000700000673532 ], [ 438913.200500000268221, 566121.199899999424815 ], [ 439701.894199999980628, 565860.548800000920892 ], [ 439728.492899999953806, 565640.418899999931455 ], [ 439721.64740000013262, 565262.6546 ], [ 439721.39809999987483, 565248.898600000888109 ], [ 439999.99959999974817, 565038.10050000064075 ], [ 441021.504099999554455, 564265.200200000777841 ], [ 441290.903199999593198, 563585.104900000616908 ], [ 441486.830799999646842, 562852.976399999111891 ], [ 441480.326500000432134, 562655.043700000271201 ], [ 440848.695899999700487, 561245.404200000688434 ], [ 440842.051400000229478, 561230.575500000268221 ], [ 440774.754300000146031, 560000.016400000080466 ], [ 440764.232800000347197, 559784.699799999594688 ], [ 440906.899299999698997, 558880.501000000163913 ], [ 440968.396300000138581, 558865.012000000104308 ], [ 440973.796500000171363, 558840.688500000163913 ], [ 440899.699799999594688, 558856.699799999594688 ], [ 441021.780100000090897, 558624.5614 ], [ 441072.974100000225008, 558393.973799999803305 ], [ 440746.200899999588728, 558254.5 ], [ 440640.699799999594688, 558524.800200000405312 ], [ 440424.800200000405312, 557623.300200000405312 ], [ 440000.0152000002563, 557482.601500000804663 ], [ 439856.224499999545515, 557434.974700000137091 ], [ 439667.911000000312924, 557372.086100000888109 ], [ 440000.0152000002563, 557381.277200000360608 ], [ 440357.700100000016391, 557391.699799999594688 ], [ 441047.896499999798834, 558252.001499999314547 ], [ 441229.549999999813735, 557854.800000000745058 ], [ 441289.746899999678135, 557957.582100000232458 ], [ 441298.885200000368059, 557940.712500000372529 ], [ 441501.118300000205636, 558309.381300000473857 ], [ 441543.11849999986589, 558379.219499999657273 ], [ 441307.551500000059605, 557950.752699999138713 ], [ 441300.499099999666214, 557937.733200000599027 ], [ 441210.879999999888241, 557780.279999999329448 ], [ 441213.261400000192225, 557776.682399999350309 ], [ 441210.400000000372529, 557771.400000000372529 ], [ 441551.066599999554455, 557266.349500000476837 ], [ 441727.047199999913573, 557000.490100000053644 ], [ 441463.900500000454485, 557177.799300000071526 ], [ 441682.601300000213087, 556923.901599999517202 ], [ 441038.002500000409782, 556137.496700000017881 ], [ 441283.427899999544024, 554744.35869999974966 ], [ 441284.128499999642372, 554740.381999999284744 ], [ 441988.581299999728799, 551950.966099999845028 ], [ 442743.376400000415742, 550128.716199999675155 ], [ 442772.887400000356138, 550085.910900000482798 ], [ 443141.600200000219047, 549551.099700000137091 ], [ 443683.853699999861419, 549414.621600000187755 ], [ 443716.785299999639392, 549403.740800000727177 ], [ 443173.299999999813735, 549442.803099999204278 ], [ 443480.899500000290573, 549100.600700000301003 ], [ 443675.102800000458956, 549314.799699999392033 ], [ 443417.681300000287592, 548843.555900000035763 ], [ 443401.700100000016391, 548814.300300000235438 ], [ 443613.178199999965727, 548290.500499999150634 ], [ 443807.462299999780953, 547714.065199999138713 ], [ 443769.752999999560416, 547617.528000000864267 ], [ 444282.367700000293553, 545965.901399999856949 ], [ 444424.21030000038445, 544953.769099999219179 ], [ 444554.089300000108778, 543571.617000000551343 ], [ 444593.883100000210106, 543473.394899999722838 ], [ 444584.720900000073016, 543366.274399999529123 ], [ 444551.946999999694526, 543114.004000000655651 ], [ 445557.153400000184774, 541095.776300000026822 ], [ 445635.352300000376999, 540902.759700000286102 ], [ 445699.894299999810755, 540809.184800000861287 ], [ 445703.651999999769032, 540801.640100000426173 ], [ 445723.0636, 540779.243000000715256 ], [ 446331.35329999960959, 539999.979299999773502 ], [ 448896.849100000225008, 536714.03830000013113 ], [ 448905.806300000287592, 536702.565700000151992 ], [ 448926.002999999560416, 536676.697300000116229 ], [ 448888.7023, 536643.69679999910295 ], [ 448845.233799999579787, 536665.401200000196695 ], [ 448831.625500000081956, 536672.196000000461936 ], [ 448668.402499999850988, 536753.695299999788404 ], [ 448813.222599999979138, 536660.3902000002563 ], [ 448824.853400000371039, 536652.89670000039041 ], [ 448868.303999999538064, 536624.902200000360608 ], [ 449594.781899999827147, 536127.248700000345707 ], [ 449598.195299999788404, 536124.910499999299645 ], [ 450998.305399999953806, 535165.804099999368191 ], [ 453226.254800000227988, 533834.175200000405312 ], [ 453318.630199999548495, 533436.346699999645352 ], [ 453340.181400000117719, 533306.502900000661612 ], [ 453305.720700000412762, 533346.481000000610948 ], [ 453143.896200000308454, 533599.597599999979138 ], [ 452639.082700000144541, 533443.194499999284744 ], [ 452120.799200000241399, 534238.0954 ], [ 451894.200400000438094, 534021.098899999633431 ], [ 452468.600300000049174, 533509.599999999627471 ], [ 451927.200100000016391, 533331.100099999457598 ], [ 452049.372299999929965, 533094.169800000265241 ], [ 452022.14809999987483, 533037.762700000777841 ], [ 451802.699699999764562, 533267.800000000745058 ], [ 451758.404099999926984, 532649.900000000372529 ], [ 451878.126299999654293, 532739.356899999082088 ], [ 451828.181900000199676, 532635.874600000679493 ], [ 451748.199900000356138, 532552.49970000050962 ], [ 451778.576100000180304, 531913.881300000473857 ], [ 451778.883899999782443, 531907.410700000822544 ], [ 451856.595599999651313, 531750.674000000581145 ], [ 453256.102900000289083, 529036.004499999806285 ], [ 453996.097000000067055, 528374.403699999675155 ], [ 454409.283599999733269, 528458.860600000247359 ], [ 454431.834800000302494, 528457.856599999591708 ], [ 453739.89919999986887, 528002.300200000405312 ], [ 454203.400100000202656, 527021.099700000137091 ], [ 453904.700199999846518, 527222.400100000202656 ], [ 453939.100300000049174, 526847.799799999222159 ], [ 454292.399799999780953, 526996.499199999496341 ], [ 453963.300099999643862, 526623.499900000169873 ], [ 452466.512799999676645, 526692.230699999257922 ], [ 451735.843700000084937, 525655.63230000063777 ], [ 451705.300200000405312, 525612.300300000235438 ], [ 451415.247399999760091, 525576.590500000864267 ], [ 450949.520100000314415, 525520.991499999538064 ], [ 450939.127500000409782, 525459.204900000244379 ], [ 450930.975399999879301, 525433.616699999198318 ], [ 453467.592299999669194, 525466.964600000530481 ], [ 453822.802500000223517, 526336.297199999913573 ], [ 454016.199799999594688, 526218.099799999967217 ], [ 453559.702600000426173, 525495.89780000038445 ], [ 453872.799999999813735, 525275.299799999222159 ], [ 454204.499699999578297, 525596.099999999627471 ], [ 454315.098600000143051, 524229.400299999862909 ], [ 453981.89919999986887, 524202.698000000789762 ], [ 453880.099899999797344, 523607.600099999457598 ], [ 451516.501500000245869, 521114.900299999862909 ], [ 449925.791899999603629, 521414.05350000038743 ], [ 449829.299499999731779, 521432.200099999085069 ], [ 449779.628200000151992, 521478.155200000852346 ], [ 448857.600300000049174, 522331.199799999594688 ], [ 448884.699799999594688, 522087.100199999287724 ], [ 448398.599899999797344, 522167.400100000202656 ], [ 448011.000099999830127, 521770.303400000557303 ], [ 447965.627899999730289, 520885.098699999973178 ], [ 447924.533900000154972, 520000.031500000506639 ], [ 448104.900999999605119, 521579.000199999660254 ], [ 448453.000300000421703, 521976.495200000703335 ], [ 450791.101700000464916, 520932.504100000485778 ], [ 450530.500099999830127, 520686.404500000178814 ], [ 451496.60010000038892, 520820.399800000712276 ], [ 451361.103199999779463, 520457.746200000867248 ], [ 451567.803000000305474, 520481.10329999960959 ], [ 451647.400299999862909, 520868.99970000050962 ], [ 451994.7171, 521026.588700000196695 ], [ 454118.297199999913573, 523312.802699999883771 ], [ 454927.699599999934435, 522660.599600000306964 ], [ 454138.299499999731779, 523312.301300000399351 ], [ 454344.203599999658763, 523585.80460000038147 ], [ 455222.500599999912083, 522990.404999999329448 ], [ 454514.89989999961108, 523689.099700000137091 ], [ 455049.599799999967217, 524684.000199999660254 ], [ 454677.099000000394881, 526145.400900000706315 ], [ 454759.026700000278652, 526447.089099999517202 ], [ 454793.599899999797344, 526574.400200000032783 ], [ 455225.877000000327826, 526176.849099999293685 ], [ 455546.519299999810755, 526279.073200000450015 ], [ 455911.440600000321865, 526395.486700000241399 ], [ 455483.498999999836087, 527342.199799999594688 ], [ 455756.551799999549985, 528391.812300000339746 ], [ 455684.199699999764562, 527625.499099999666214 ], [ 456987.199799999594688, 526324.899800000712276 ], [ 459206.802600000053644, 525411.301999999210238 ], [ 459944.699900000356138, 525525.500199999660254 ], [ 460000.018699999898672, 525503.32149999961257 ], [ 460826.114000000059605, 525172.11879999935627 ], [ 460897.346800000406802, 525110.416799999773502 ], [ 462342.300400000065565, 523858.796399999409914 ], [ 462380.42949999962002, 523833.873999999836087 ], [ 463562.024699999950826, 523061.54759999923408 ], [ 463646.701899999752641, 523006.199999999254942 ], [ 465707.949799999594688, 522049.576500000432134 ], [ 465725.99930000025779, 522041.199699999764562 ], [ 467293.199199999682605, 521587.600199999287724 ], [ 468387.77419999986887, 521925.485200000926852 ], [ 468705.302699999883771, 522023.501800000667572 ], [ 469898.602900000289083, 521586.697799999266863 ], [ 470947.398599999956787, 520480.603399999439716 ], [ 471191.638000000268221, 520568.413499999791384 ], [ 471286.155799999833107, 520460.244200000539422 ], [ 471329.699099999852479, 520194.000499999150634 ], [ 471369.087500000372529, 520188.753699999302626 ], [ 472786.129399999976158, 519999.992200000211596 ], [ 473027.799800000153482, 519967.799799999222159 ], [ 473185.782200000248849, 520000.006400000303984 ], [ 474250.200000000186265, 520217.000199999660254 ], [ 474691.33739999961108, 519999.97550000064075 ], [ 477132.299300000071526, 518799.104699999094009 ], [ 478353.082200000062585, 519049.687300000339746 ], [ 478364.325299999676645, 519007.762099999934435 ], [ 478074.198599999770522, 518790.497899999842048 ], [ 478133.111299999989569, 518786.622199999168515 ], [ 479351.003999999724329, 518706.501199999824166 ], [ 479381.800200000405312, 518245.500099999830127 ], [ 479971.388199999928474, 517749.197699999436736 ], [ 479942.622999999672174, 517682.277899999171495 ], [ 479843.10120000038296, 517493.499099999666214 ], [ 479999.97620000038296, 517422.11710000038147 ], [ 480907.003700000233948, 517009.396999999880791 ], [ 481156.137000000104308, 516158.890900000929832 ], [ 481079.799599999561906, 516037.722500000149012 ], [ 481198.545199999585748, 515854.524700000882149 ], [ 481284.037100000306964, 515722.257799999788404 ], [ 481340.500300000421703, 515529.50029999949038 ], [ 482206.800300000235438, 515475.500099999830127 ], [ 482831.255699999630451, 515826.103199999779463 ], [ 482918.146999999880791, 515841.165999999269843 ], [ 482924.415699999779463, 515878.40819999948144 ], [ 483380.002000000327826, 516134.198999999091029 ], [ 484654.103600000031292, 514682.70299999974668 ], [ 485389.299800000153482, 514616.600899999961257 ], [ 485711.048299999907613, 514224.541200000792742 ], [ 485740.022900000214577, 513989.072100000455976 ], [ 486000.287700000219047, 513872.094900000840425 ], [ 486032.699799999594688, 513832.599799999967217 ], [ 485889.599999999627471, 513109.303300000727177 ], [ 486212.199099999852479, 512526.400499999523163 ], [ 488171.073499999940395, 511997.818800000473857 ], [ 488184.099399999715388, 511994.303899999707937 ], [ 489648.597599999979138, 511570.202099999412894 ], [ 489862.699199999682605, 511508.200699999928474 ], [ 489925.635599999688566, 511843.453999999910593 ], [ 489932.351800000295043, 511814.506699999794364 ], [ 489928.081199999898672, 511367.959000000730157 ], [ 489925.099700000137091, 511056.201099999248981 ], [ 489951.112399999983609, 511492.616699999198318 ], [ 489962.542600000277162, 511684.382099999114871 ], [ 489975.902999999932945, 511626.797800000756979 ], [ 489979.637000000104308, 511737.283099999651313 ], [ 490025.740000000223517, 511629.800000000745058 ], [ 489984.024500000290573, 511851.176300000399351 ], [ 490046.469200000166893, 511727.644500000402331 ], [ 490143.690000000409782, 511521.550000000745058 ], [ 490147.528400000184774, 511520.864900000393391 ], [ 490180.495900000445545, 511462.504699999466538 ], [ 491223.7023, 511186.004000000655651 ], [ 491264.111700000241399, 511207.864099999889731 ], [ 491282.031999999657273, 511217.558299999684095 ], [ 491464.906700000166893, 511316.487099999561906 ], [ 491556.70409999974072, 511281.997899999842048 ], [ 491757.999900000169873, 510756.600299999117851 ], [ 492769.597199999727309, 510340.235999999567866 ], [ 493193.677299999631941, 509580.844499999657273 ], [ 493632.299100000411272, 508706.20380000025034 ], [ 495973.699400000274181, 506734.199100000783801 ], [ 495918.399299999698997, 506056.20130000077188 ], [ 495337.699699999764562, 505532.60080000013113 ], [ 495398.900000000372529, 504333.599899999797344 ], [ 495960.499800000339746, 503317.499800000339746 ], [ 497279.097900000400841, 502354.301300000399351 ], [ 498012.39879999961704, 502430.10050000064075 ], [ 498415.671099999919534, 502064.935599999502301 ], [ 498533.791000000201166, 501857.302999999374151 ], [ 498614.894700000062585, 501820.329299999400973 ], [ 498990.118900000117719, 501544.770700000226498 ], [ 499291.404400000348687, 501271.955299999564886 ], [ 499559.286799999885261, 500810.83699999935925 ], [ 500000.0011, 500008.572699999436736 ], [ 500002.359600000083447, 500004.279400000348687 ], [ 500004.718100000172853, 499999.985999999567866 ], [ 500801.799999999813735, 498549.0 ], [ 501011.494500000029802, 497138.810300000011921 ], [ 501018.604100000113249, 497090.99860000051558 ], [ 501944.202899999916553, 496104.301100000739098 ], [ 501998.603799999691546, 494973.604699999094009 ], [ 502607.000300000421703, 494863.100199999287724 ], [ 503033.2023, 494030.704600000753999 ], [ 502751.098799999803305, 493415.800300000235438 ], [ 502943.900999999605119, 492739.903899999335408 ], [ 502947.65610000025481, 492702.882099999114871 ], [ 503049.600999999791384, 491697.801300000399351 ], [ 503404.479500000365078, 491390.632799999788404 ], [ 503420.481100000441074, 491368.071699999272823 ], [ 503451.559999999590218, 491305.019999999552965 ], [ 503463.860799999907613, 491306.909600000828505 ], [ 503470.179999999701977, 491298.0 ], [ 503504.349600000306964, 491304.189300000667572 ], [ 503710.099999999627471, 491126.100099999457598 ], [ 503645.967199999839067, 490953.80489999987185 ], [ 503597.502500000409782, 490823.602600000798702 ], [ 503789.360799999907613, 489972.197499999776483 ], [ 503785.976700000464916, 489938.859099999070168 ], [ 503799.581399999558926, 489926.84180000051856 ], [ 503857.999800000339746, 489667.600099999457598 ], [ 504459.4989, 489227.999399999156594 ], [ 504548.039099999703467, 489276.829900000244379 ], [ 504564.759499999694526, 489263.200699999928474 ], [ 504567.450000000186265, 489261.759999999776483 ], [ 504649.925200000405312, 489333.020700000226498 ], [ 504806.323300000280142, 489419.275100000202656 ], [ 504830.304100000299513, 489432.500800000503659 ], [ 505120.002500000409782, 489490.304300000891089 ], [ 505273.053100000135601, 489005.370400000363588 ], [ 505247.4847999997437, 488977.09569999948144 ], [ 504455.701100000180304, 488270.803400000557303 ], [ 504462.616899999789894, 488196.185799999162555 ], [ 504462.9375, 488192.726800000295043 ], [ 504507.501699999906123, 487711.903300000354648 ], [ 506309.893000000156462, 485644.410499999299645 ], [ 506344.09389999974519, 485620.846999999135733 ], [ 506459.779799999669194, 485256.177999999374151 ], [ 506335.999900000169873, 484962.498999999836087 ], [ 506712.700600000098348, 484500.301400000229478 ], [ 507603.299899999983609, 484051.800100000575185 ], [ 508361.599100000225008, 484262.600600000470877 ], [ 508619.800099999643862, 483797.503799999132752 ], [ 510000.099899999797344, 483121.700200000777841 ], [ 510091.200199999846518, 482746.300100000575185 ], [ 510757.506099999882281, 482603.111999999731779 ], [ 513610.200299999676645, 481412.900100000202656 ], [ 512553.296099999919534, 481586.296800000593066 ], [ 512251.799999999813735, 481272.199699999764562 ], [ 511960.643199999816716, 479999.993100000545382 ], [ 511951.39919999986887, 479959.601299999281764 ], [ 512134.800800000317395, 479061.199200000613928 ], [ 512642.631400000303984, 478230.121799999848008 ], [ 512695.689600000157952, 478065.393799999728799 ], [ 512696.968999999575317, 478061.527000000700355 ], [ 512852.747000000439584, 477886.262399999424815 ], [ 513379.203900000080466, 477024.702500000596046 ], [ 513458.911600000225008, 476964.732100000604987 ], [ 515482.400200000032783, 475442.300100000575185 ], [ 516816.192900000140071, 475006.042999999597669 ], [ 518494.507399999536574, 474613.708699999377131 ], [ 519582.434999999590218, 474309.212400000542402 ], [ 519999.987900000065565, 474062.514699999243021 ], [ 521321.902099999599159, 473281.504000000655651 ], [ 521342.621100000105798, 473270.749199999496341 ], [ 521822.8443, 473021.476800000295043 ], [ 522511.730999999679625, 472615.516000000759959 ], [ 522542.8284, 472606.319599999114871 ], [ 522554.536999999545515, 472599.502000000327826 ], [ 522742.935899999924004, 472543.879300000146031 ], [ 523356.100300000049174, 472225.600299999117851 ], [ 523529.576899999752641, 472311.63230000063777 ], [ 523735.839300000108778, 472250.735600000247359 ], [ 523817.400799999944866, 472073.50029999949038 ], [ 523962.138399999588728, 472183.923299999907613 ], [ 524576.065600000321865, 472002.668099999427795 ], [ 524663.996399999596179, 471959.70240000076592 ], [ 525727.990399999544024, 470617.255899999290705 ], [ 525794.542700000107288, 470417.062000000849366 ], [ 523991.999200000427663, 469226.304800000041723 ], [ 521688.799800000153482, 469206.699699999764562 ], [ 520104.601300000213087, 468630.595300000160933 ], [ 519999.975300000049174, 468489.411399999633431 ], [ 518904.362399999983609, 467010.974700000137091 ], [ 518902.180900000035763, 467008.030999999493361 ], [ 518844.800200000405312, 466930.600600000470877 ], [ 518750.82039999961853, 466377.051599999889731 ], [ 518742.349999999627471, 466409.599999999627471 ], [ 518687.65500000026077, 466541.120999999344349 ], [ 518565.150000000372529, 466535.5 ], [ 518432.080000000074506, 466541.439999999478459 ], [ 518666.612800000235438, 466411.188500000163913 ], [ 518393.796500000171363, 466402.121099999174476 ], [ 518372.040000000037253, 466404.220000000670552 ], [ 518317.753499999642372, 466280.949500000104308 ], [ 517967.900799999944866, 466164.300799999386072 ], [ 517346.450899999588728, 464578.691600000485778 ], [ 517345.52309999987483, 464572.129100000485778 ], [ 516943.403699999675155, 461727.801200000569224 ], [ 517019.841300000436604, 459999.967199999839067 ], [ 517053.904000000096858, 459229.996200000867248 ], [ 517359.803600000217557, 458208.237800000235438 ], [ 517378.375900000333786, 458148.228099999949336 ], [ 518902.199300000444055, 453067.900100000202656 ], [ 518919.811700000427663, 453020.564699999988079 ], [ 519999.988900000229478, 450117.465199999511242 ], [ 521394.000300000421703, 446370.900200000032783 ], [ 522206.082299999892712, 445067.849300000816584 ], [ 523170.928999999538064, 443298.08699999935925 ], [ 524367.513899999670684, 441599.658399999141693 ], [ 524976.507699999958277, 440622.478900000452995 ], [ 524987.912800000049174, 440604.17850000038743 ], [ 524996.000300000421703, 440591.201500000432134 ], [ 525410.942999999970198, 440000.020099999383092 ], [ 528889.229799999855459, 435044.876299999654293 ], [ 528919.430100000463426, 435001.853099999949336 ], [ 539982.000500000081956, 420498.201700000092387 ], [ 539999.974200000055134, 420453.254300000146031 ], [ 540181.215200000442564, 420000.018300000578165 ], [ 541753.799100000411272, 416067.400200000032783 ], [ 542054.081600000150502, 414582.028100000694394 ], [ 542115.664499999955297, 413990.39299999922514 ], [ 542149.503600000403821, 413589.900499999523163 ], [ 541841.800099999643862, 413111.900200000032783 ], [ 539999.989299999549985, 410754.246099999174476 ], [ 539709.500900000333786, 410382.39949999935925 ], [ 539656.700100000016391, 410788.302500000223517 ], [ 539999.986999999731779, 411153.347899999469519 ], [ 541549.127399999648333, 412800.67710000090301 ], [ 541857.806699999608099, 413206.450899999588728 ], [ 542039.411500000394881, 414279.185599999502301 ], [ 541991.364799999631941, 414580.005400000140071 ], [ 540610.802099999971688, 416192.2956000007689 ], [ 540000.020999999716878, 416587.831700000911951 ], [ 538227.499200000427663, 417735.700099999085069 ], [ 534571.800300000235438, 418887.699899999424815 ], [ 533592.49959999974817, 418418.799200000241399 ], [ 532313.201399999670684, 419452.500399999320507 ], [ 533451.499900000169873, 418377.5 ], [ 529061.500199999660254, 416828.499900000169873 ], [ 528797.840400000102818, 416499.99860000051558 ], [ 528586.243200000375509, 416513.052799999713898 ], [ 525490.399600000120699, 417092.798800000920892 ], [ 524046.202200000174344, 418220.095200000330806 ], [ 523641.936900000087917, 418909.044600000604987 ], [ 523640.225300000049174, 418911.961500000208616 ], [ 523529.638899999670684, 418809.032500000670552 ], [ 523473.272099999710917, 418758.096999999135733 ], [ 523066.499400000087917, 419160.595899999141693 ], [ 522254.218999999575317, 420000.003100000321865 ], [ 521024.200000000186265, 421271.099799999967217 ], [ 520724.10120000038296, 421974.600299999117851 ], [ 519999.987900000065565, 422665.998400000855327 ], [ 518258.300800000317395, 424328.996600000187755 ], [ 517108.899400000460446, 425019.599300000816584 ], [ 516419.397099999710917, 427029.603499999269843 ], [ 516520.590599999763072, 427218.21059999987483 ], [ 515998.899299999698997, 427338.799900000914931 ], [ 516001.496100000105798, 428366.500800000503659 ], [ 515982.843700000084937, 428379.337799999862909 ], [ 515975.300800000317395, 428364.848699999973178 ], [ 515967.910500000230968, 428350.652799999341369 ], [ 515914.312599999830127, 428243.616499999538064 ], [ 515901.682000000029802, 428218.39299999922514 ], [ 515844.798700000159442, 428104.795700000599027 ], [ 515523.376799999736249, 427743.324300000444055 ], [ 513985.999400000087917, 428551.099500000476837 ], [ 511743.499200000427663, 428613.699999999254942 ], [ 511634.561900000087917, 428583.215800000354648 ], [ 510174.801699999719858, 428174.726999999955297 ], [ 510171.434799999929965, 428173.784800000488758 ], [ 510176.216900000348687, 428202.231699999421835 ], [ 510433.696700000204146, 428880.302799999713898 ], [ 510227.416299999691546, 429197.277300000190735 ], [ 510209.703499999828637, 429224.495200000703335 ], [ 510076.001000000163913, 428166.099099999293685 ], [ 506682.61849999986589, 426535.83809999935329 ], [ 505888.203099999576807, 426389.596699999645352 ], [ 505871.896300000138581, 426384.783299999311566 ], [ 504428.002299999818206, 425958.575999999418855 ], [ 504412.502299999818206, 425954.000700000673532 ], [ 503576.201100000180304, 425629.199899999424815 ], [ 503429.580000000074506, 425866.794099999591708 ], [ 503432.997100000269711, 425555.895300000905991 ], [ 502562.095999999903142, 425277.394999999552965 ], [ 501512.202899999916553, 425575.699599999934435 ], [ 501434.144500000402331, 425572.504599999636412 ], [ 500000.021399999968708, 425513.804800000041723 ], [ 499963.203300000168383, 425512.297800000756979 ], [ 496298.999200000427663, 424541.295700000599027 ], [ 495234.43680000025779, 424862.016200000420213 ], [ 495192.998399999924004, 424874.50029999949038 ], [ 493432.497399999760091, 426568.19510000012815 ], [ 491092.039200000464916, 426861.854499999433756 ], [ 490024.796299999579787, 426563.496899999678135 ], [ 489969.115899999625981, 426545.674599999561906 ], [ 487662.599999999627471, 425807.399700000882149 ], [ 486747.799800000153482, 424292.599999999627471 ], [ 485908.400500000454485, 423818.501499999314547 ], [ 483098.199799999594688, 424126.500199999660254 ], [ 480710.198900000192225, 423026.000099999830127 ], [ 479999.987099999561906, 423622.317900000140071 ], [ 479702.499499999918044, 423872.098600000143051 ], [ 479144.946399999782443, 423816.239900000393391 ], [ 478529.696999999694526, 423754.600899999961257 ], [ 479999.995199999772012, 423135.702099999412894 ], [ 480980.200299999676645, 422723.100299999117851 ], [ 482422.600599999539554, 423482.778300000354648 ], [ 482863.89989999961108, 423715.200200000777841 ], [ 482988.076100000180304, 423730.861099999397993 ], [ 483896.299999999813735, 423845.404899999499321 ], [ 485928.100200000219047, 423274.300200000405312 ], [ 485938.800200000405312, 422973.0 ], [ 485951.099999999627471, 422921.599500000476837 ], [ 486054.999800000339746, 421690.203199999406934 ], [ 486196.153300000354648, 422246.569099999964237 ], [ 486273.796400000341237, 422552.605000000447035 ], [ 486498.803899999707937, 423052.20240000076592 ], [ 491740.0, 425135.500099999830127 ], [ 493569.001000000163913, 423121.501000000163913 ], [ 493447.997600000351667, 422802.703299999237061 ], [ 493625.100300000049174, 423035.900200000032783 ], [ 495957.999900000169873, 421327.00029999949038 ], [ 497492.199699999764562, 421175.599099999293685 ], [ 498947.600700000301003, 421526.099600000306964 ], [ 499816.583700000308454, 422468.435900000855327 ], [ 499901.299399999901652, 422560.302799999713898 ], [ 500000.00760000012815, 422639.349600000306964 ], [ 501079.600999999791384, 423503.902699999511242 ], [ 502900.696100000292063, 423236.900399999693036 ], [ 502926.499900000169873, 423452.400100000202656 ], [ 505205.33490000013262, 423634.974500000476837 ], [ 505211.2818, 423635.450999999418855 ], [ 505301.797899999655783, 423642.702899999916553 ], [ 506048.099700000137091, 423819.801100000739098 ], [ 506163.497499999590218, 423466.303400000557303 ], [ 506167.496299999766052, 423854.002499999478459 ], [ 506538.598299999721348, 424065.301999999210238 ], [ 508256.700000000186265, 424295.099899999797344 ], [ 510159.199900000356138, 425168.399700000882149 ], [ 512997.100200000219047, 425442.599700000137091 ], [ 514559.698800000362098, 423498.104299999773502 ], [ 514734.900200000032783, 423069.300200000405312 ], [ 514458.301099999807775, 422901.599199999123812 ], [ 514814.699799999594688, 422927.800100000575185 ], [ 516535.601099999621511, 420019.300499999895692 ], [ 516550.775600000284612, 420019.632799999788404 ], [ 516530.339999999850988, 420007.419999999925494 ], [ 516558.654699999839067, 420019.805400000885129 ], [ 516574.974399999715388, 420024.133400000631809 ], [ 516790.599299999885261, 420050.600700000301003 ], [ 516826.551400000229478, 420000.028999999165535 ], [ 518799.418399999849498, 417224.909700000658631 ], [ 518814.001899999566376, 417204.395899999886751 ], [ 519866.17850000038743, 416476.240399999544024 ], [ 519916.799999999813735, 416412.900000000372529 ], [ 519952.969499999657273, 416416.176999999210238 ], [ 520000.010700000450015, 416383.622300000861287 ], [ 520645.146099999547005, 415937.158399999141693 ], [ 520788.660000000149012, 415734.150000000372529 ], [ 521051.901800000108778, 415655.664499999955297 ], [ 522288.899400000460446, 414799.604299999773502 ], [ 523811.891200000420213, 413264.222599999979138 ], [ 523886.803600000217557, 413188.700799999758601 ], [ 525095.684200000017881, 412040.338600000366569 ], [ 526239.484199999831617, 411148.691099999472499 ], [ 526260.853099999949336, 411132.038100000470877 ], [ 526335.196800000034273, 411074.101500000804663 ], [ 526360.499699999578297, 411102.901799999177456 ], [ 526395.401499999687076, 411142.401100000366569 ], [ 527258.300099999643862, 410637.799900000914931 ], [ 527792.707299999892712, 411251.791999999433756 ], [ 527878.582600000314415, 411350.456000000238419 ], [ 527960.941899999976158, 411341.52170000039041 ], [ 528517.288599999621511, 411189.320900000631809 ], [ 529085.798000000417233, 410652.901200000196695 ], [ 529145.714900000020862, 410593.243100000545382 ], [ 530697.007100000046194, 409048.649800000712276 ], [ 530702.486899999901652, 409043.19370000064373 ], [ 531249.229000000283122, 408341.256799999624491 ], [ 531252.066700000315905, 408337.606499999761581 ], [ 531284.800300000235438, 408295.499299999326468 ], [ 533210.852400000207126, 406148.324100000783801 ], [ 533236.798700000159442, 406119.398900000378489 ], [ 533765.147599999792874, 405183.921599999070168 ], [ 533768.333899999968708, 405178.280099999159575 ], [ 533824.80350000038743, 405078.296900000423193 ], [ 534153.899799999780953, 404480.201099999248981 ], [ 534850.299499999731779, 404281.904899999499321 ], [ 535334.2648, 403587.837300000712276 ], [ 535253.301500000059605, 403836.501299999654293 ], [ 536006.799800000153482, 403633.600299999117851 ], [ 536185.000500000081956, 403843.899700000882149 ], [ 536188.200400000438094, 403872.101199999451637 ], [ 536774.894899999722838, 403934.099999999627471 ], [ 536122.199799999594688, 403919.099799999967217 ], [ 536515.001299999654293, 404306.299100000411272 ], [ 535854.696299999952316, 403945.001299999654293 ], [ 536071.895999999716878, 404481.39780000038445 ], [ 535178.600700000301003, 405268.201400000602007 ], [ 536434.497000000439584, 404461.803099999204278 ], [ 536443.000199999660254, 404698.100099999457598 ], [ 537339.799899999983609, 404311.600099999457598 ], [ 537394.800099999643862, 403892.499900000169873 ], [ 537882.701000000350177, 403624.503100000321865 ], [ 538188.700699999928474, 403793.304700000211596 ], [ 537974.799300000071526, 404228.799900000914931 ], [ 538343.10010000038892, 404206.200099999085069 ], [ 538671.802799999713898, 403575.497099999338388 ], [ 538276.0, 403694.099899999797344 ], [ 537927.000799999572337, 403186.798900000751019 ], [ 538405.933299999684095, 402049.323599999770522 ], [ 538409.508600000292063, 402047.289300000295043 ], [ 538954.999900000169873, 401736.899800000712276 ], [ 538752.21999999973923, 401578.118899999186397 ], [ 539127.101400000043213, 401820.799599999561906 ], [ 539190.400500000454485, 401443.298800000920892 ], [ 539532.299399999901652, 401616.099099999293685 ], [ 538933.706600000150502, 401198.601800000295043 ], [ 539246.904699999839067, 401106.902799999341369 ], [ 539541.800200000405312, 401553.999800000339746 ], [ 539378.903900000266731, 401269.200999999418855 ], [ 539607.099799999967217, 401482.200099999085069 ], [ 539756.902300000190735, 401062.396500000730157 ], [ 539766.392799999564886, 401075.88230000063777 ], [ 539805.000099999830127, 401158.800000000745058 ], [ 539942.103900000452995, 400816.203500000759959 ], [ 539993.963999999687076, 401039.147600000724196 ], [ 540000.031999999657273, 401035.792999999597669 ], [ 540690.099799999967217, 400654.299100000411272 ], [ 540000.028500000014901, 401246.761600000783801 ], [ 539696.100200000219047, 401507.700099999085069 ], [ 540000.027800000272691, 401290.302600000053644 ], [ 540872.400299999862909, 400666.299900000914931 ], [ 540091.501699999906123, 401261.199599999934435 ], [ 540476.000099999830127, 401307.100299999117851 ], [ 540241.299700000323355, 401456.903599999845028 ], [ 540597.197700000368059, 401845.802200000733137 ], [ 539999.995299999602139, 402842.702299999073148 ], [ 539959.799899999983609, 402909.799799999222159 ], [ 539999.994099999777973, 402892.417600000277162 ], [ 540804.503299999982119, 402544.502199999988079 ], [ 540843.100300000049174, 402252.899800000712276 ], [ 541104.000099999830127, 402425.000099999830127 ], [ 541813.499900000169873, 402009.099500000476837 ], [ 541528.000099999830127, 402086.700200000777841 ], [ 541251.303199999965727, 401413.895899999886751 ], [ 541439.800900000147521, 400699.5 ], [ 542335.099999999627471, 400480.203099999576807 ], [ 542624.401499999687076, 401152.500499999150634 ], [ 542345.5, 401696.00029999949038 ], [ 542563.599899999797344, 401855.300000000745058 ], [ 542942.430700000375509, 401511.479599999263883 ], [ 543047.443799999542534, 401390.192800000309944 ], [ 543970.814000000245869, 399999.992000000551343 ], [ 543990.403199999593198, 399970.498999999836087 ], [ 543949.080799999646842, 399999.993100000545382 ], [ 543313.699000000022352, 400453.5 ], [ 543266.200100000016391, 400186.000099999830127 ], [ 543407.14850000012666, 400000.020099999383092 ], [ 543916.299899999983609, 399328.200200000777841 ], [ 544267.2977, 399437.102299999445677 ], [ 544724.701200000010431, 398661.700200000777841 ], [ 544338.600300000049174, 398894.898299999535084 ], [ 545176.500199999660254, 397806.400100000202656 ], [ 544806.903300000354648, 397950.697200000286102 ], [ 544994.701100000180304, 397296.404500000178814 ], [ 545604.101800000295043, 397024.902200000360608 ], [ 545125.699599999934435, 396793.898900000378489 ], [ 545224.000300000421703, 396301.5 ], [ 545810.599299999885261, 396247.004899999126792 ], [ 546266.999699999578297, 395592.500199999660254 ], [ 545575.5, 395952.699799999594688 ], [ 545426.999699999578297, 395662.401499999687076 ], [ 545916.300999999977648, 394819.10359999909997 ], [ 546553.400100000202656, 394835.599799999967217 ], [ 547121.599799999967217, 393898.299799999222159 ], [ 546623.400000000372529, 393533.899700000882149 ], [ 547010.601999999955297, 393442.297700000926852 ], [ 545611.60080000013113, 393398.099899999797344 ], [ 547010.999099999666214, 393402.200200000777841 ], [ 546405.299599999561906, 393182.601199999451637 ], [ 546878.103900000452995, 393245.404100000858307 ], [ 546578.199099999852479, 392832.002000000327826 ], [ 546827.60010000038892, 392988.300300000235438 ], [ 546760.801400000229478, 392617.403799999505281 ], [ 547111.800800000317395, 393295.599700000137091 ], [ 546869.200199999846518, 392678.800000000745058 ], [ 547302.699900000356138, 392597.00029999949038 ], [ 547494.199799999594688, 393021.598999999463558 ], [ 548254.600399999879301, 391836.597300000488758 ], [ 548282.233900000341237, 391785.611099999397993 ], [ 548559.299899999983609, 391274.400000000372529 ], [ 548266.700199999846518, 391717.899700000882149 ], [ 548175.400200000032783, 391178.099099999293685 ], [ 548477.900100000202656, 390514.599899999797344 ], [ 548694.300599999725819, 390699.70160000026226 ], [ 549360.056300000287592, 388513.700300000607967 ], [ 549366.29839999973774, 388493.2043999992311 ], [ 552008.954199999570847, 382792.849500000476837 ], [ 552057.100300000049174, 382688.995799999684095 ], [ 553373.361399999819696, 380000.020500000566244 ], [ 553393.987099999561906, 379958.222599999979138 ], [ 554950.954800000414252, 376937.687599999830127 ], [ 554956.515700000338256, 376926.89949999935925 ], [ 554971.101300000213087, 376898.60329999960959 ], [ 556066.599799999967217, 374026.099999999627471 ], [ 556834.142199999652803, 370626.764000000432134 ], [ 556834.927600000053644, 370623.285700000822544 ], [ 556865.000199999660254, 370490.098200000822544 ], [ 557474.104000000283122, 368695.201500000432134 ], [ 557350.994500000029802, 366576.22749999910593 ], [ 557343.300400000065565, 366443.795700000599027 ], [ 557241.732599999755621, 363423.550599999725819 ], [ 557240.900200000032783, 363398.797700000926852 ], [ 557226.652599999681115, 360776.799599999561906 ], [ 557226.629599999636412, 360772.568499999120831 ], [ 557226.501000000163913, 360748.895400000736117 ], [ 557258.263799999840558, 360000.007999999448657 ], [ 557281.103600000031292, 359461.504599999636412 ], [ 556685.985000000335276, 358618.67850000038743 ], [ 556613.199699999764562, 357802.198699999600649 ], [ 556607.609699999913573, 357786.432800000533462 ], [ 556343.000500000081956, 357040.13150000013411 ], [ 556302.498700000345707, 356925.900499999523163 ], [ 556140.699799999594688, 357339.699799999594688 ], [ 555704.400100000202656, 357406.799900000914931 ], [ 555874.299300000071526, 357559.299499999731779 ], [ 555358.701700000092387, 357500.695900000631809 ], [ 555408.099000000394881, 357420.699300000444055 ], [ 554861.800200000405312, 357788.000199999660254 ], [ 555045.801599999889731, 357440.403100000694394 ], [ 555176.89809999987483, 357113.596699999645352 ], [ 553785.802000000141561, 356144.399299999698997 ], [ 551970.401999999769032, 353962.198799999430776 ], [ 551945.80449999962002, 353937.573599999770522 ], [ 551942.67960000038147, 353934.44510000012815 ], [ 550204.600300000049174, 352194.399900000542402 ], [ 547594.503100000321865, 350633.210400000214577 ], [ 547581.754099999554455, 350621.180099999532104 ], [ 545217.203599999658763, 348389.9206000007689 ], [ 545214.63219999987632, 348387.494200000539422 ], [ 544447.600300000049174, 347805.599899999797344 ], [ 541584.60149999987334, 343079.303999999538064 ], [ 540715.201100000180304, 342278.10329999960959 ], [ 540000.014000000432134, 340740.284399999305606 ], [ 539801.20409999974072, 340312.796900000423193 ], [ 539811.098799999803305, 339999.967199999839067 ], [ 539829.5, 339418.199999999254942 ], [ 539500.90610000025481, 339242.870899999514222 ], [ 538325.399699999950826, 338945.399700000882149 ], [ 539636.465599999763072, 339152.939099999144673 ], [ 539651.77419999986887, 339142.957100000232458 ], [ 539668.065700000151992, 339131.656500000506639 ], [ 538044.600599999539554, 337498.100600000470877 ], [ 537403.803100000135601, 338662.798200000077486 ], [ 537543.104199999943376, 338222.5320999994874 ], [ 537582.5943, 338097.721899999305606 ], [ 537895.918499999679625, 337415.795399999246001 ], [ 537898.8277000002563, 337415.093100000172853 ], [ 537929.018199999816716, 337407.80489999987185 ], [ 538149.404000000096858, 337354.602600000798702 ], [ 537186.499900000169873, 336212.900100000202656 ], [ 536991.800099999643862, 337040.399900000542402 ], [ 537036.486999999731779, 336012.776100000366569 ], [ 537006.628299999982119, 335980.156400000676513 ], [ 536012.803600000217557, 335978.89640000090003 ], [ 536943.660500000230968, 335930.224799999967217 ], [ 535266.097900000400841, 334867.504599999636412 ], [ 536503.774699999950826, 335430.805700000375509 ], [ 536444.879499999806285, 335366.464600000530481 ], [ 536508.087799999862909, 335432.768699999898672 ], [ 536511.912499999627471, 335434.509400000795722 ], [ 536810.496799999848008, 335570.403400000184774 ], [ 539174.199099999852479, 337701.903200000524521 ], [ 538987.596900000236928, 336957.596300000324845 ], [ 539248.701500000432134, 336533.097799999639392 ], [ 538404.596900000236928, 335971.998400000855327 ], [ 539539.298700000159442, 336304.303300000727177 ], [ 539451.900999999605119, 335980.495999999344349 ], [ 540000.009300000034273, 335723.356499999761581 ], [ 540176.402800000272691, 335640.60329999960959 ], [ 540000.004599999636412, 335535.164899999275804 ], [ 539807.997000000439584, 335420.396299999207258 ], [ 540000.003499999642372, 335489.699300000444055 ], [ 540402.300999999977648, 335634.904899999499321 ], [ 540583.700600000098348, 335114.603800000622869 ], [ 542457.003200000151992, 335008.304300000891089 ], [ 544426.20409999974072, 334111.0011 ], [ 544557.300599999725819, 333769.198899999260902 ], [ 544484.6875, 333683.375900000333786 ], [ 543846.100399999879301, 332928.445800000801682 ], [ 544060.455000000074506, 333131.252000000327826 ], [ 544755.948699999600649, 333789.275699999183416 ], [ 544789.901999999769032, 333821.403999999165535 ], [ 544794.660400000400841, 333804.388699999079108 ], [ 544867.702399999834597, 333543.203600000590086 ], [ 545408.100200000219047, 333608.404999999329448 ], [ 546570.101400000043213, 332953.602399999275804 ], [ 547232.30350000038743, 330923.803400000557303 ], [ 547752.700299999676645, 330564.000199999660254 ], [ 548370.402200000360608, 329026.196599999442697 ], [ 549300.510400000028312, 327994.936899999156594 ], [ 549334.002500000409782, 327957.802400000393391 ], [ 549089.053899999707937, 327250.060000000521541 ], [ 549076.803899999707937, 327214.665500000119209 ], [ 548984.997600000351667, 326949.404999999329448 ], [ 549342.299899999983609, 327306.700300000607967 ], [ 549476.798700000159442, 327116.503299999982119 ], [ 550649.098000000230968, 327425.30489999987185 ], [ 551388.201799999922514, 327320.204900000244379 ], [ 552455.599799999967217, 326585.800200000405312 ], [ 552997.449300000444055, 326664.421299999579787 ], [ 554248.9989, 327082.403000000864267 ], [ 557420.800200000405312, 326963.400000000372529 ], [ 558621.400000000372529, 326133.599999999627471 ], [ 559824.300999999977648, 323831.703500000759959 ], [ 559840.864699999801815, 323793.922199999913573 ], [ 559842.247899999842048, 323790.767300000414252 ], [ 559999.978400000371039, 323430.988299999386072 ], [ 560276.30350000038743, 322800.698599999770522 ], [ 560282.395600000396371, 322787.448799999430776 ], [ 560329.500300000421703, 322685.000499999150634 ], [ 561488.338100000284612, 320035.862600000575185 ], [ 561499.923799999989569, 319999.526599999517202 ], [ 561788.799499999731779, 319348.998999999836087 ], [ 561607.942499999888241, 320000.03800000064075 ], [ 561452.167200000025332, 320559.653000000864267 ], [ 561332.396800000220537, 320826.903599999845028 ], [ 561616.535600000061095, 320773.145600000396371 ], [ 561289.699799999594688, 320921.999199999496341 ], [ 560242.499900000169873, 323387.800200000405312 ], [ 560631.199000000022352, 323178.900399999693036 ], [ 560265.699599999934435, 323508.999199999496341 ], [ 560343.362800000235438, 323569.297800000756979 ], [ 560588.601599999703467, 323759.70409999974072 ], [ 560668.200199999846518, 323524.500199999660254 ], [ 560686.698900000192225, 323899.300200000405312 ], [ 560313.112300000153482, 323593.829900000244379 ], [ 560251.799100000411272, 323543.696000000461936 ], [ 560135.946299999952316, 323737.505599999800324 ], [ 560043.298000000417233, 323892.496099999174476 ], [ 559999.978500000201166, 324002.429700000211596 ], [ 559926.696399999782443, 324188.401399999856949 ], [ 559003.799899999983609, 326491.599799999967217 ], [ 560000.027900000102818, 327412.626199999824166 ], [ 562777.896200000308454, 329980.803400000557303 ], [ 562799.333300000056624, 330003.2956000007689 ], [ 563899.200100000016391, 331157.299900000914931 ], [ 564591.685399999842048, 331211.08809999935329 ], [ 564712.896599999628961, 331220.503100000321865 ], [ 564681.100200000219047, 333512.300100000575185 ], [ 565934.423000000417233, 336250.046700000762939 ], [ 566629.854799999855459, 339388.293099999427795 ], [ 566630.816100000403821, 339392.63120000064373 ], [ 566647.399600000120699, 339467.498700000345707 ], [ 566815.330000000074506, 339999.963500000536442 ], [ 567394.700299999676645, 341837.0 ], [ 567945.609699999913573, 342398.635500000789762 ], [ 569012.599799999967217, 343486.399800000712276 ], [ 569080.290500000119209, 343649.94400000013411 ], [ 569204.640599999576807, 343950.380100000649691 ], [ 569317.103699999861419, 344222.096799999475479 ], [ 570306.699900000356138, 344926.100099999457598 ], [ 572134.696299999952316, 345203.89949999935925 ], [ 572136.997399999760091, 345182.997899999842048 ], [ 572139.950500000268221, 345160.100199999287724 ], [ 572669.900000000372529, 345064.995600000023842 ], [ 572651.199699999764562, 344730.199899999424815 ], [ 572382.996600000187755, 344784.096000000834465 ], [ 572626.901999999769032, 344613.604800000786781 ], [ 572201.902200000360608, 344781.396800000220537 ], [ 572216.998800000175834, 344706.997999999672174 ], [ 572217.197800000198185, 344474.805299999192357 ], [ 572560.799999999813735, 344574.800000000745058 ], [ 572248.799800000153482, 344421.100099999457598 ], [ 573078.5, 343838.600199999287724 ], [ 573601.097400000318885, 344117.696599999442697 ], [ 573022.302199999801815, 344017.695299999788404 ], [ 572730.995900000445545, 344431.896800000220537 ], [ 573440.697800000198185, 344587.60219999961555 ], [ 573694.299999999813735, 344239.100899999961257 ], [ 573457.300200000405312, 344654.000099999830127 ], [ 573768.700199999846518, 344884.5 ], [ 573800.243900000117719, 344485.657299999147654 ], [ 573923.199199999682605, 344636.499600000679493 ], [ 574323.801599999889731, 344343.502100000157952 ], [ 574337.299800000153482, 344332.600099999457598 ], [ 574371.400700000114739, 344331.205099999904633 ], [ 574493.303299999795854, 344929.737400000914931 ], [ 574276.599299999885261, 344604.198699999600649 ], [ 574015.700199999846518, 344887.699799999594688 ], [ 574245.999800000339746, 344893.300200000405312 ], [ 573726.199500000104308, 345049.999900000169873 ], [ 573949.203700000420213, 345290.401000000536442 ], [ 575877.399799999780953, 345012.300000000745058 ], [ 575983.092199999839067, 344526.972899999469519 ], [ 576436.796400000341237, 344737.199400000274181 ], [ 576064.202100000344217, 344652.103700000792742 ], [ 576012.699900000356138, 345032.299900000914931 ], [ 579371.5, 345609.800200000405312 ], [ 579717.596900000236928, 345168.995799999684095 ], [ 579377.298499999567866, 344772.399299999698997 ], [ 578449.899699999950826, 345070.99970000050962 ], [ 578543.698099999688566, 344816.296700000762939 ], [ 577365.428899999707937, 344672.381799999624491 ], [ 577754.7034, 344448.801899999380112 ], [ 577095.749099999666214, 344464.358200000599027 ], [ 577632.300099999643862, 344244.700799999758601 ], [ 578036.300200000405312, 344654.400000000372529 ], [ 578014.300099999643862, 344335.799900000914931 ], [ 579144.000300000421703, 344329.999800000339746 ], [ 579500.700000000186265, 344713.099700000137091 ], [ 579999.997100000269711, 344519.931099999696016 ], [ 580176.100200000219047, 344451.800100000575185 ], [ 580625.3136, 344880.259800000116229 ], [ 580120.799899999983609, 344695.399900000542402 ], [ 579999.980800000019372, 344767.177600000053644 ], [ 579741.399699999950826, 344920.798499999567866 ], [ 579999.968500000424683, 344953.773399999365211 ], [ 580366.400700000114739, 345000.504000000655651 ], [ 581046.799700000323355, 345709.600999999791384 ], [ 581404.500099999830127, 345650.999800000339746 ], [ 581371.300099999643862, 345335.299200000241399 ], [ 581589.398900000378489, 345559.504000000655651 ], [ 581550.499800000339746, 345190.800100000575185 ], [ 582171.411600000225008, 345250.055700000375509 ], [ 582516.528800000436604, 345081.892300000414252 ], [ 582086.798700000159442, 345442.097599999979138 ], [ 581799.60010000038892, 345284.499800000339746 ], [ 581770.414099999703467, 345642.244899999350309 ], [ 581767.301300000399351, 345680.399800000712276 ], [ 582023.501400000415742, 345731.904699999839067 ], [ 582164.418899999931455, 345622.051699999719858 ], [ 582166.958999999798834, 345620.071599999442697 ], [ 582206.90639999974519, 345588.930299999192357 ], [ 582347.143699999898672, 345610.216299999505281 ], [ 582358.723899999633431, 345611.973999999463558 ], [ 583114.804999999701977, 345726.736300000920892 ], [ 583675.330000000074506, 345543.687599999830127 ], [ 583697.830099999904633, 345536.339800000190735 ], [ 583701.690100000239909, 345535.079199999570847 ], [ 583713.747800000011921, 345531.14159999974072 ], [ 583813.701000000350177, 345498.500199999660254 ], [ 584894.901100000366569, 345266.099199999123812 ], [ 584361.099999999627471, 344409.899800000712276 ], [ 583890.900000000372529, 344608.400900000706315 ], [ 583748.496199999935925, 344547.429199999198318 ], [ 583665.789599999785423, 344249.284299999475479 ], [ 583812.571899999864399, 344268.960699999704957 ], [ 584564.10149999987334, 344369.704600000753999 ], [ 585295.498399999924004, 344887.799900000914931 ], [ 585413.499900000169873, 345244.899800000712276 ], [ 585065.79700000025332, 345015.799599999561906 ], [ 585032.0, 345472.99970000050962 ], [ 585499.900299999862909, 345617.198899999260902 ], [ 584844.099200000055134, 345738.400000000372529 ], [ 586218.39879999961704, 345981.503200000151992 ], [ 586838.746100000105798, 345765.961100000888109 ], [ 588717.501600000075996, 345493.20299999974668 ], [ 588950.300099999643862, 345134.500099999830127 ], [ 588941.199099999852479, 345499.300699999555945 ], [ 589561.829800000414252, 345860.528400000184774 ], [ 589540.359299999661744, 345858.698200000450015 ], [ 588971.499800000339746, 345563.799900000914931 ], [ 588857.600200000219047, 345800.499800000339746 ], [ 589707.990500000305474, 345945.598699999973178 ], [ 591056.098799999803305, 345987.900000000372529 ], [ 591020.899500000290573, 345706.500399999320507 ], [ 591611.699400000274181, 345560.30379999987781 ], [ 591598.202200000174344, 343845.904500000178814 ], [ 592797.300099999643862, 343809.200999999418855 ], [ 592881.7027000002563, 343576.001800000667572 ], [ 592900.9527000002563, 343610.781600000336766 ], [ 593159.44649999961257, 344077.813100000843406 ], [ 592999.100200000219047, 344046.899700000882149 ], [ 593024.39989999961108, 344191.395600000396371 ], [ 592949.883600000292063, 344210.951700000092387 ], [ 592479.499800000339746, 344334.400000000372529 ], [ 592688.400200000032783, 344970.299900000914931 ], [ 593011.686999999918044, 344969.010700000450015 ], [ 593130.31290000025183, 344968.537699999287724 ], [ 593015.004700000397861, 345009.703500000759959 ], [ 592509.700799999758601, 345190.100299999117851 ], [ 592399.900999999605119, 344771.099500000476837 ], [ 592413.399699999950826, 344348.700300000607967 ], [ 591732.399699999950826, 343861.499900000169873 ], [ 591995.200899999588728, 344136.500800000503659 ], [ 591766.798600000329316, 344493.599500000476837 ], [ 592362.098899999633431, 344989.297199999913573 ], [ 591853.099200000055134, 345083.100299999117851 ], [ 592552.700100000016391, 346250.399800000712276 ], [ 592905.003200000151992, 346271.800699999555945 ], [ 593109.323499999940395, 346166.584799999371171 ], [ 593423.299899999983609, 346004.900800000876188 ], [ 593667.000199999660254, 345265.800000000745058 ], [ 594332.100300000049174, 345186.200099999085069 ], [ 593736.303199999965727, 344752.19510000012815 ], [ 593643.671400000341237, 344785.265300000086427 ], [ 593749.899799999780953, 344732.100199999287724 ], [ 594662.100899999961257, 345276.5 ], [ 595127.302799999713898, 344457.199500000104308 ], [ 594422.214300000108778, 344321.264299999922514 ], [ 594718.700100000016391, 344156.699899999424815 ], [ 595397.798499999567866, 344510.304300000891089 ], [ 595396.800300000235438, 344077.39919999986887 ], [ 595655.60080000013113, 344628.500099999830127 ], [ 596047.857699999585748, 344546.169299999251962 ], [ 596088.083899999968708, 344533.831199999898672 ], [ 596043.591099999845028, 344564.245300000533462 ], [ 595915.799899999983609, 344651.599999999627471 ], [ 596176.5, 344906.301000000908971 ], [ 597269.50040000025183, 344633.399299999698997 ], [ 597338.536899999715388, 344370.685699999332428 ], [ 597874.799899999983609, 344777.300100000575185 ], [ 597973.599999999627471, 344228.200099999085069 ], [ 598156.906000000424683, 344272.116399999707937 ], [ 597985.699900000356138, 344247.100199999287724 ], [ 597941.400299999862909, 344764.399800000712276 ], [ 598366.902700000442564, 344758.80320000089705 ], [ 599133.400000000372529, 344414.799100000411272 ], [ 598949.732200000435114, 344387.96199999935925 ], [ 599050.900299999862909, 344323.099799999967217 ], [ 598767.599999999627471, 344106.300100000575185 ], [ 598985.298799999989569, 344092.104000000283122 ], [ 599517.797799999825656, 344830.802600000053644 ], [ 600000.005300000309944, 344854.139299999922514 ], [ 600501.300800000317395, 344878.399800000712276 ], [ 600187.700799999758601, 344486.000199999660254 ], [ 600429.298799999989569, 344598.199699999764562 ], [ 600443.300200000405312, 344193.00029999949038 ], [ 601387.597400000318885, 344121.165599999949336 ], [ 601071.596099999733269, 344224.096300000324845 ], [ 601354.599799999967217, 344365.099899999797344 ], [ 601489.253499999642372, 344113.432399999350309 ], [ 602087.800099999643862, 344067.899700000882149 ], [ 602076.10010000038892, 344083.396500000730157 ], [ 601457.800099999643862, 344291.900200000032783 ], [ 601472.998999999836087, 344570.2972999997437 ], [ 600944.299899999983609, 344527.200099999085069 ], [ 600755.001199999824166, 344905.800699999555945 ], [ 601493.130400000140071, 344977.961400000378489 ], [ 602550.7023, 344933.803099999204278 ], [ 602668.066300000064075, 344455.494999999180436 ], [ 602683.398299999535084, 344864.602900000289083 ], [ 602804.996600000187755, 344634.598600000143051 ], [ 602823.597299999557436, 345009.801400000229478 ], [ 603302.2972999997437, 345245.303899999707937 ], [ 603291.772699999623001, 345193.429700000211596 ], [ 603285.197100000455976, 345077.60190000012517 ], [ 604483.097299999557436, 345279.404200000688434 ], [ 604595.850399999879301, 344875.759400000795722 ], [ 604682.098799999803305, 345272.596499999985099 ], [ 603382.39780000038445, 345562.102099999785423 ], [ 601168.450000000186265, 346327.65430000051856 ], [ 600322.10010000038892, 345638.899900000542402 ], [ 600739.498399999924004, 346389.096200000494719 ], [ 600010.399500000290573, 345999.799100000411272 ], [ 600123.999800000339746, 345720.799000000581145 ], [ 600000.023599999956787, 345816.63990000076592 ], [ 599613.299899999983609, 346115.599999999627471 ], [ 599548.700199999846518, 345593.400000000372529 ], [ 599397.699599999934435, 345860.998999999836087 ], [ 599742.400700000114739, 346513.300200000405312 ], [ 598752.400299999862909, 345405.599099999293685 ], [ 598733.600899999961257, 345663.304500000551343 ], [ 599216.199799999594688, 346368.099999999627471 ], [ 599994.802000000141561, 346649.870699999853969 ], [ 600000.021300000138581, 346649.037799999117851 ], [ 601189.25899999961257, 346459.25 ], [ 606007.170699999667704, 344999.2193 ], [ 609355.103699999861419, 344034.299499999731779 ], [ 612734.614199999719858, 343616.82630000077188 ], [ 614185.002500000409782, 343526.146500000730157 ], [ 617102.387000000104308, 343342.414300000295043 ], [ 617931.097000000067055, 343254.103900000452995 ], [ 619999.982200000435114, 342802.958000000566244 ], [ 620742.558199999853969, 342641.028000000864267 ], [ 622325.825500000268221, 342179.931500000879169 ], [ 623360.785199999809265, 341660.755799999460578 ], [ 624297.564899999648333, 341292.679199999198318 ], [ 625737.936200000345707, 340460.360999999567866 ], [ 626406.746000000275671, 339932.604000000283122 ], [ 628692.619800000451505, 338703.702800000086427 ], [ 629237.440399999730289, 338367.559200000017881 ], [ 629739.599299999885261, 338046.242000000551343 ], [ 629742.673000000417233, 338044.275100000202656 ], [ 629751.703099999576807, 338038.496899999678135 ], [ 631898.354000000283122, 336259.482200000435114 ], [ 632019.330500000156462, 336159.224199999123812 ], [ 635611.198599999770522, 333182.500600000843406 ], [ 637195.857300000265241, 331985.532999999821186 ], [ 637216.353000000119209, 331970.051599999889731 ], [ 638146.653900000266731, 331267.351399999111891 ], [ 638527.892, 330877.208000000566244 ], [ 638802.96100000012666, 330705.307800000533462 ], [ 638920.331000000238419, 330599.878000000491738 ], [ 639583.058699999935925, 330182.367000000551343 ], [ 639999.969800000078976, 329867.4543999992311 ], [ 640244.301099999807775, 329682.899399999529123 ], [ 641867.800200000405312, 328705.199699999764562 ], [ 641914.837500000372529, 328658.424000000581145 ], [ 642244.129099999554455, 328162.148600000888109 ], [ 642257.791000000201166, 328141.558700000867248 ], [ 643061.045699999667704, 327496.311300000175834 ], [ 643059.032999999821186, 327487.89299999922514 ], [ 648112.21100000012666, 322495.513699999079108 ], [ 648161.497999999672174, 322446.500800000503659 ], [ 649784.398199999704957, 320398.69620000012219 ], [ 649924.056300000287592, 319999.990199999883771 ], [ 651152.670400000177324, 316493.253200000151992 ], [ 652249.842400000430644, 313856.93019999936223 ], [ 652254.560600000433624, 313845.593100000172853 ], [ 652498.113199999555945, 312868.5932 ], [ 653276.586900000460446, 310645.308499999344349 ], [ 653292.218299999833107, 310597.055400000885129 ], [ 653452.222500000149012, 309109.389499999582767 ], [ 653402.89989999961108, 308827.598400000482798 ], [ 653401.555399999953806, 308791.528799999505281 ], [ 653362.599399999715388, 307746.398499999195337 ], [ 653362.181200000457466, 307712.805500000715256 ], [ 653326.599799999967217, 304855.099899999797344 ], [ 653706.28139999974519, 304591.275299999862909 ], [ 653711.321000000461936, 304510.28800000064075 ], [ 653398.300300000235438, 304582.100299999117851 ], [ 653448.799899999983609, 304006.600099999457598 ], [ 653733.985999999567866, 304146.056199999526143 ], [ 653739.007100000046194, 304065.366200000047684 ], [ 653505.900100000202656, 303814.199799999594688 ], [ 653083.299999999813735, 303917.300200000405312 ], [ 652370.998800000175834, 307213.600199999287724 ], [ 652261.063699999824166, 307418.741599999368191 ], [ 652259.410799999721348, 307421.825899999588728 ], [ 651946.797399999573827, 307936.603399999439716 ], [ 651990.791199999861419, 308103.448200000450015 ], [ 651616.10080000013113, 308176.199699999764562 ], [ 651645.5, 308598.300100000575185 ], [ 651269.901499999687076, 308825.299699999392033 ], [ 650208.599200000055134, 308654.499099999666214 ], [ 649372.499800000339746, 307532.699799999594688 ], [ 647784.199699999764562, 306958.799799999222159 ], [ 647022.694099999964237, 305303.847599999979138 ], [ 647033.727500000037253, 305247.049100000411272 ], [ 647035.171699999831617, 305239.976600000634789 ], [ 647040.773699999786913, 305212.542999999597669 ], [ 647258.438799999654293, 304146.611999999731779 ], [ 647284.058500000275671, 304021.14949999935925 ], [ 647305.999900000169873, 303913.699899999424815 ], [ 647441.499200000427663, 303857.300400000065565 ], [ 647324.446299999952316, 305740.922800000756979 ], [ 647323.914800000376999, 305749.476199999451637 ], [ 647318.60010000038892, 305835.000099999830127 ], [ 647373.067800000309944, 305856.057700000703335 ], [ 647376.919700000435114, 305857.546800000593066 ], [ 649541.801199999637902, 306694.502100000157952 ], [ 649624.348000000230968, 306762.469000000506639 ], [ 650433.158499999903142, 307428.421900000423193 ], [ 650449.898299999535084, 307442.205000000074506 ], [ 651498.299100000411272, 308002.4046 ], [ 651726.701999999582767, 307885.286499999463558 ], [ 651770.804800000041723, 307862.671900000423193 ], [ 651874.500099999830127, 307809.500099999830127 ], [ 651970.379099999554455, 307665.289000000804663 ], [ 651990.275299999862909, 307635.363299999386072 ], [ 652264.172500000335276, 307223.396199999377131 ], [ 652325.679700000211596, 307130.883600000292063 ], [ 652418.353199999779463, 306424.487099999561906 ], [ 652420.150100000202656, 306414.064500000327826 ], [ 652505.650700000114739, 305765.305400000885129 ], [ 652511.898400000296533, 305717.89949999935925 ], [ 652692.901999999769032, 305104.732400000095367 ], [ 652694.304299999959767, 305098.662499999627471 ], [ 653012.100499999709427, 303723.099500000476837 ], [ 653432.903699999675155, 303692.198400000110269 ], [ 653061.571399999782443, 303398.5929000005126 ], [ 653035.904000000096858, 303378.298200000077486 ], [ 653127.127999999560416, 301989.679099999368191 ], [ 653607.787899999879301, 299999.973400000482798 ], [ 653651.012199999764562, 299821.045099999755621 ], [ 653779.167600000277162, 299264.959000000730157 ], [ 653888.031700000166893, 298969.827600000426173 ], [ 654780.11600000038743, 296402.022199999541044 ], [ 655385.903099999763072, 294658.304300000891089 ], [ 655465.278599999845028, 294375.653799999505281 ], [ 655644.798000000417233, 293736.398199999704957 ], [ 655459.199699999764562, 292849.800000000745058 ], [ 655167.900100000202656, 292716.800100000575185 ], [ 655471.199799999594688, 293083.799799999222159 ], [ 655269.800200000405312, 293192.100199999287724 ], [ 655064.299999999813735, 292718.100199999287724 ], [ 654062.001899999566376, 292784.800599999725819 ], [ 652884.355800000019372, 293125.232899999246001 ], [ 652822.901100000366569, 293142.998099999502301 ], [ 653374.476400000043213, 292804.341000000014901 ], [ 653417.699799999594688, 292777.802600000053644 ], [ 654046.798000000417233, 292458.403999999165535 ], [ 655051.727300000376999, 292572.377399999648333 ], [ 655202.700100000016391, 292589.499800000339746 ], [ 655137.744400000199676, 292557.76630000025034 ], [ 654779.400000000372529, 292382.700099999085069 ], [ 654299.500900000333786, 291164.304500000551343 ], [ 653902.44550000037998, 289845.60219999961555 ], [ 653763.7204, 289539.42850000038743 ], [ 653788.289499999955297, 289299.999399999156594 ], [ 653749.831799999810755, 288089.203299999237061 ], [ 653748.400399999693036, 287996.880599999800324 ], [ 653698.959800000302494, 284808.101099999621511 ], [ 653679.27280000038445, 284543.098300000652671 ], [ 651830.798000000417233, 279520.604000000283122 ], [ 651760.623700000345707, 279201.60249999910593 ], [ 650620.099899999797344, 274726.999800000339746 ], [ 650438.400200000032783, 274773.799900000914931 ], [ 650286.058100000023842, 274664.482999999076128 ], [ 650061.903500000014901, 274503.403400000184774 ], [ 649888.248200000263751, 274279.221100000664592 ], [ 649650.147099999710917, 274048.595300000160933 ], [ 648599.667999999597669, 272593.743000000715256 ], [ 648294.7818, 271666.42960000038147 ], [ 648175.600200000219047, 271394.900000000372529 ], [ 648123.513899999670684, 271145.517200000584126 ], [ 648086.349999999627471, 271032.482999999076128 ], [ 648080.823499999940395, 270941.120799999684095 ], [ 647795.20299999974668, 269573.604699999094009 ], [ 647847.224000000394881, 267079.350400000810623 ], [ 647846.112700000405312, 267060.978199999779463 ], [ 647845.451999999582767, 267009.149800000712276 ], [ 647655.102900000289083, 262388.301500000059605 ], [ 647698.402300000190735, 260478.473200000822544 ], [ 646975.668999999761581, 258499.785000000149012 ], [ 646915.18790000025183, 258161.086600000038743 ], [ 646855.900299999862909, 257991.700200000777841 ], [ 646275.537700000219047, 254657.38910000026226 ], [ 646216.942099999636412, 254256.888599999248981 ], [ 645518.58600000012666, 249731.457000000402331 ], [ 645287.701999999582767, 249130.517000000923872 ], [ 644433.597400000318885, 248595.827199999243021 ], [ 640000.032599999569356, 246017.676000000908971 ], [ 639101.198300000280142, 245494.997099999338388 ], [ 638115.303399999625981, 244656.896999999880791 ], [ 638101.068900000303984, 244631.514000000432134 ], [ 637851.861700000241399, 244475.504399999976158 ], [ 637877.058500000275671, 244545.642300000414252 ], [ 637897.700400000438094, 244603.100899999961257 ], [ 639204.50040000025183, 245840.998999999836087 ], [ 639369.994800000451505, 245921.211400000378489 ], [ 640000.020499999634922, 246226.574599999934435 ], [ 641179.201100000180304, 246798.104100000113249 ], [ 642514.199799999594688, 247736.798800000920892 ], [ 644165.000799999572337, 249045.900399999693036 ], [ 644493.798999999649823, 249641.800000000745058 ], [ 645397.596800000406802, 249736.777699999511242 ], [ 644490.904099999926984, 249678.499600000679493 ], [ 644116.599899999797344, 249075.000099999830127 ], [ 642803.499900000169873, 248233.199999999254942 ], [ 642576.300900000147521, 249208.604299999773502 ], [ 643616.400399999693036, 249461.100700000301003 ], [ 644527.5, 250426.9989 ], [ 644459.800300000235438, 251726.600199999287724 ], [ 645645.898000000044703, 252894.499500000849366 ], [ 646167.452399999834597, 254665.720200000330806 ], [ 646354.197200000286102, 255587.298299999907613 ], [ 645935.900399999693036, 255783.5011 ], [ 645276.501799999736249, 255380.497500000521541 ], [ 644707.799200000241399, 255586.499199999496341 ], [ 644422.296900000423193, 255998.200600000098348 ], [ 644977.296699999831617, 256772.199100000783801 ], [ 644384.500799999572337, 257292.999800000339746 ], [ 643291.800200000405312, 257117.800200000405312 ], [ 643135.5, 257376.800300000235438 ], [ 643396.498999999836087, 257558.599799999967217 ], [ 642985.396599999628961, 257980.399100000038743 ], [ 641592.200199999846518, 257521.498999999836087 ], [ 641438.600200000219047, 257737.999900000169873 ], [ 641378.600300000049174, 257295.600099999457598 ], [ 641086.699900000356138, 257361.000199999660254 ], [ 640280.451500000432134, 256570.418199999257922 ], [ 640170.221699999645352, 257140.336300000548363 ], [ 640087.399100000038743, 257576.299599999561906 ], [ 640000.021900000050664, 257581.974799999967217 ], [ 639097.39740000013262, 257640.60050000064075 ], [ 639805.899100000038743, 257486.768200000748038 ], [ 639820.321700000204146, 257480.067800000309944 ], [ 639958.00040000025183, 257416.104800000786781 ], [ 640000.019399999640882, 257277.481100000441074 ], [ 640095.928199999965727, 256961.070800000801682 ], [ 640130.89919999986887, 256845.699100000783801 ], [ 640111.040500000119209, 256885.560000000521541 ], [ 640000.018000000156462, 257108.406999999657273 ], [ 639830.101099999621511, 257449.468399999663234 ], [ 639555.532800000160933, 257486.137299999594688 ], [ 639489.518099999986589, 257494.953600000590086 ], [ 639411.303299999795854, 257505.39919999986887 ], [ 639422.838899999856949, 257496.419600000604987 ], [ 639432.422799999825656, 257488.95920000039041 ], [ 639637.400200000032783, 257329.400100000202656 ], [ 639435.198900000192225, 257014.5 ], [ 639715.500300000421703, 257195.599700000137091 ], [ 639784.103400000371039, 256390.797800000756979 ], [ 639999.999900000169873, 256301.988800000399351 ], [ 640136.596599999815226, 256245.799799999222159 ], [ 640062.300400000065565, 256790.203900000080466 ], [ 640270.100300000049174, 256118.799699999392033 ], [ 640491.13329999987036, 256134.100899999961257 ], [ 640716.191700000315905, 256149.680800000205636 ], [ 641132.499900000169873, 256178.500099999830127 ], [ 641213.099899999797344, 256849.399700000882149 ], [ 642225.000199999660254, 256919.199999999254942 ], [ 643179.996799999848008, 256166.701500000432134 ], [ 644124.898699999786913, 256869.300599999725819 ], [ 644511.099700000137091, 256519.100299999117851 ], [ 644267.899799999780953, 256381.400100000202656 ], [ 644204.099799999967217, 256622.700899999588728 ], [ 644212.099799999967217, 256029.799900000914931 ], [ 644598.89919999986887, 255403.300599999725819 ], [ 645267.899699999950826, 255102.599799999967217 ], [ 646065.68030000012368, 255345.644400000572205 ], [ 646115.099999999627471, 255360.700200000777841 ], [ 645984.886900000274181, 254965.236099999397993 ], [ 645294.599700000137091, 252868.796399999409914 ], [ 644279.10010000038892, 251946.99970000050962 ], [ 644291.702800000086427, 250643.003900000825524 ], [ 643455.10010000038892, 249699.999800000339746 ], [ 642425.200100000016391, 249458.199799999594688 ], [ 642504.503999999724329, 248423.4989 ], [ 641614.599100000225008, 248489.100099999457598 ], [ 640690.300699999555945, 247057.600299999117851 ], [ 639999.989799999631941, 247240.60840000025928 ], [ 639426.233799999579787, 247392.716600000858307 ], [ 639307.10010000038892, 247424.300100000575185 ], [ 639310.33600000012666, 247439.726800000295043 ], [ 639596.275399999693036, 248802.924499999731779 ], [ 639613.869800000451505, 248886.804700000211596 ], [ 639203.601999999955297, 248105.399900000542402 ], [ 639258.802699999883771, 247361.602800000458956 ], [ 639915.326399999670684, 247194.332000000402331 ], [ 639999.98589999973774, 247172.762199999764562 ], [ 640053.998800000175834, 247159.000600000843406 ], [ 640045.114799999631941, 247141.6875 ], [ 639999.979000000283122, 247053.72749999910593 ], [ 639681.099499999545515, 246432.299300000071526 ], [ 638553.999900000169873, 245725.600600000470877 ], [ 637468.425300000235438, 244302.328500000759959 ], [ 637328.303999999538064, 244118.618699999526143 ], [ 637516.500199999660254, 244147.800100000575185 ], [ 636346.599799999967217, 241940.5 ], [ 635748.588899999856949, 239999.972500000149012 ], [ 635712.051699999719858, 239881.410399999469519 ], [ 634929.203200000338256, 238929.99349999986589 ], [ 634423.543200000189245, 238386.747600000351667 ], [ 634007.541000000201166, 238080.928300000727177 ], [ 633143.300400000065565, 237528.298800000920892 ], [ 633185.400899999774992, 238785.798900000751019 ], [ 632952.450100000016391, 238523.600099999457598 ], [ 632696.896599999628961, 238859.69649999961257 ], [ 633177.996199999935925, 238844.100099999457598 ], [ 631177.700199999846518, 239677.199699999764562 ], [ 631109.792299999855459, 239999.970000000670552 ], [ 630827.000500000081956, 241344.0954 ], [ 629526.300300000235438, 242260.900000000372529 ], [ 630035.999499999918044, 243056.799699999392033 ], [ 629928.098699999973178, 243880.100199999287724 ], [ 629162.499699999578297, 244683.299699999392033 ], [ 629288.799800000153482, 245914.698400000110269 ], [ 628284.099499999545515, 246388.400699999183416 ], [ 627513.696700000204146, 247671.504100000485778 ], [ 627505.401700000278652, 248378.500700000673532 ], [ 627848.244199999608099, 248626.699400000274181 ], [ 627896.385200000368059, 248661.550799999386072 ], [ 628028.097799999639392, 248756.903400000184774 ], [ 628331.697399999946356, 249209.503900000825524 ], [ 628287.799899999983609, 249689.599999999627471 ], [ 629073.799999999813735, 250091.599899999797344 ], [ 629129.101999999955297, 250131.400000000372529 ], [ 629241.985399999655783, 250222.053300000727177 ], [ 629273.764999999664724, 250247.574599999934435 ], [ 629348.746100000105798, 250307.789599999785423 ], [ 628642.9989, 250300.400699999183416 ], [ 628437.070899999700487, 250038.730299999937415 ], [ 628325.069199999794364, 249896.411000000312924 ], [ 627917.918200000189245, 249379.048800000920892 ], [ 627898.60080000013113, 249354.502399999648333 ], [ 627879.299100000411272, 248777.999299999326468 ], [ 627860.745099999941885, 248736.557099999859929 ], [ 627356.100200000219047, 248600.299599999561906 ], [ 627221.1261, 247686.823200000450015 ], [ 627180.88219999987632, 247457.659800000488758 ], [ 627168.900399999693036, 247336.699699999764562 ], [ 627167.900000000372529, 247326.599899999797344 ], [ 627096.442300000227988, 247328.551899999380112 ], [ 626505.302000000141561, 247344.699999999254942 ], [ 626734.699799999594688, 247503.699799999594688 ], [ 625916.204400000162423, 247227.119999999180436 ], [ 626096.255599999800324, 247216.082299999892712 ], [ 626117.75, 247214.79079999960959 ], [ 627427.199199999682605, 247161.700300000607967 ], [ 627825.917600000277162, 246118.567600000649691 ], [ 627934.696000000461936, 245833.980100000277162 ], [ 627964.998300000093877, 245754.702800000086427 ], [ 628016.002299999818206, 245803.198899999260902 ], [ 628027.900799999944866, 245813.596799999475479 ], [ 628638.60329999960959, 245269.901599999517202 ], [ 628729.337100000120699, 244550.802799999713898 ], [ 628744.946100000292063, 244427.096000000834465 ], [ 628776.502000000327826, 244177.004399999976158 ], [ 629653.500099999830127, 243495.599700000137091 ], [ 629695.702600000426173, 243202.003499999642372 ], [ 629389.200500000268221, 242906.699100000783801 ], [ 629127.600399999879301, 242452.698899999260902 ], [ 629451.699000000022352, 241808.801100000739098 ], [ 629059.200699999928474, 241472.299900000914931 ], [ 629531.800300000235438, 241728.399900000542402 ], [ 630373.000900000333786, 241287.400800000876188 ], [ 630599.123999999836087, 240843.974999999627471 ], [ 630616.0, 240469.200799999758601 ], [ 630404.497499999590218, 240217.39780000038445 ], [ 630576.591500000096858, 240594.96169999986887 ], [ 630362.799999999813735, 240614.099799999967217 ], [ 630271.603600000031292, 240341.102399999275804 ], [ 630517.133799999952316, 240000.013499999418855 ], [ 630987.200199999846518, 239347.000099999830127 ], [ 632141.800300000235438, 238731.199899999424815 ], [ 632129.461600000038743, 238625.095000000670552 ], [ 632109.402999999932945, 238452.603000000119209 ], [ 632322.701299999840558, 238533.999600000679493 ], [ 632707.300900000147521, 237838.199599999934435 ], [ 632423.799899999983609, 237749.000199999660254 ], [ 632950.300300000235438, 237749.2043999992311 ], [ 632829.063099999912083, 236677.931800000369549 ], [ 632753.144399999640882, 236560.790599999949336 ], [ 631120.716699999757111, 234680.215800000354648 ], [ 629921.299200000241399, 233998.699799999594688 ], [ 628343.073099999688566, 231316.091900000348687 ], [ 628277.463600000366569, 232176.655899999663234 ], [ 628272.907999999821186, 232185.128900000825524 ], [ 628271.58530000038445, 232202.452800000086427 ], [ 628197.903599999845028, 232336.001800000667572 ], [ 628178.702100000344217, 232647.404699999839067 ], [ 628075.016099999658763, 232558.736700000241399 ], [ 627958.063400000333786, 232770.714800000190735 ], [ 627861.550800000317395, 232950.22069999948144 ], [ 627956.596599999815226, 233270.39640000090003 ], [ 627934.619500000029802, 233291.162399999797344 ], [ 627940.190000000409782, 233293.720000000670552 ], [ 626681.815999999642372, 234112.989499999210238 ], [ 626546.99199999962002, 234202.099799999967217 ], [ 625592.399500000290573, 234819.503000000491738 ], [ 625301.800999999977648, 237820.399800000712276 ], [ 624179.200299999676645, 238070.400100000202656 ], [ 623746.298999999649823, 238848.999299999326468 ], [ 623676.799800000153482, 238129.69539999961853 ], [ 622345.599399999715388, 238795.100999999791384 ], [ 621737.899799999780953, 239148.900200000032783 ], [ 620783.699900000356138, 239111.099999999627471 ], [ 620407.500099999830127, 239649.299599999561906 ], [ 620000.013399999588728, 239829.642100000753999 ], [ 619615.066399999894202, 240000.00929999910295 ], [ 619516.803600000217557, 240043.497600000351667 ], [ 619128.433000000193715, 240000.033600000664592 ], [ 618881.497000000439584, 239972.398000000044703 ], [ 618854.291199999861419, 240000.028300000354648 ], [ 618192.342400000430644, 240671.881300000473857 ], [ 618168.299700000323355, 240689.302600000053644 ], [ 618114.202200000174344, 240768.425899999216199 ], [ 617530.197399999946356, 241622.595599999651313 ], [ 617292.937199999578297, 241558.859300000593066 ], [ 616901.396099999547005, 241737.302799999713898 ], [ 616898.852099999785423, 241850.908800000324845 ], [ 616875.899699999950826, 242875.898499999195337 ], [ 616880.871199999935925, 242895.264299999922514 ], [ 616997.301900000311434, 243348.800699999555945 ], [ 616773.26659999974072, 243551.683900000527501 ], [ 616524.901800000108778, 242268.400699999183416 ], [ 616195.093999999575317, 241997.653599999845028 ], [ 616162.499499999918044, 241970.895999999716878 ], [ 617010.300099999643862, 241205.700099999085069 ], [ 617394.099799999967217, 240270.701099999248981 ], [ 617701.98589999973774, 239999.962999999523163 ], [ 618702.800800000317395, 239119.901200000196695 ], [ 619971.800099999643862, 238882.900399999693036 ], [ 619999.971099999733269, 238840.832000000402331 ], [ 620563.500300000421703, 237999.300499999895692 ], [ 621919.399299999698997, 237973.301200000569224 ], [ 622733.503200000151992, 237666.281400000676513 ], [ 622736.668800000101328, 237665.087600000202656 ], [ 622759.000799999572337, 237364.604399999603629 ], [ 623026.898000000044703, 237368.320699999108911 ], [ 622842.696399999782443, 237573.404699999839067 ], [ 624434.900100000202656, 237196.801699999719858 ], [ 624654.10329999960959, 236796.497099999338388 ], [ 624756.400500000454485, 235869.401000000536442 ], [ 624510.39989999961108, 235923.700099999085069 ], [ 625381.700899999588728, 234177.900200000032783 ], [ 625211.190999999642372, 233847.277799999341369 ], [ 625037.877500000409782, 233636.372999999672174 ], [ 624744.800300000235438, 233492.500099999830127 ], [ 622896.297500000335276, 234180.695800000801682 ], [ 621341.097599999979138, 233159.997999999672174 ], [ 620793.461799999698997, 233420.142200000584126 ], [ 620670.196999999694526, 233478.69679999910295 ], [ 619999.998200000263751, 233437.710799999535084 ], [ 619102.099700000137091, 233382.799799999222159 ], [ 618407.89989999961108, 234362.50029999949038 ], [ 617377.900000000372529, 234592.700099999085069 ], [ 617396.199900000356138, 234953.300200000405312 ], [ 617173.49959999974817, 234354.995899999514222 ], [ 616716.896300000138581, 234286.395600000396371 ], [ 615308.899100000038743, 233419.400200000032783 ], [ 615195.600200000219047, 232966.100199999287724 ], [ 614373.996299999766052, 233230.697799999266863 ], [ 613281.440100000239909, 232943.896500000730157 ], [ 613098.60010000038892, 232895.900100000202656 ], [ 612134.900500000454485, 233435.900200000032783 ], [ 611006.201000000350177, 232978.600400000810623 ], [ 611250.503299999982119, 232865.402300000190735 ], [ 610977.400100000202656, 232899.199699999764562 ], [ 610802.099999999627471, 232272.599799999967217 ], [ 610272.39989999961108, 233022.798599999397993 ], [ 610638.900600000284612, 232205.700500000268221 ], [ 610533.623499999754131, 232278.585500000044703 ], [ 610530.1886, 232280.963500000536442 ], [ 609949.902599999681115, 232682.704600000753999 ], [ 610383.600999999791384, 232212.999099999666214 ], [ 610529.597500000149012, 231921.403100000694394 ], [ 611465.900000000372529, 232081.399800000712276 ], [ 611724.559899999760091, 232032.235700000077486 ], [ 612105.976800000295043, 231959.739000000059605 ], [ 613036.192999999970198, 231782.930800000205636 ], [ 614512.900500000454485, 231432.901300000026822 ], [ 615670.2023, 231531.504100000485778 ], [ 616610.099000000394881, 232175.499500000849366 ], [ 617991.799899999983609, 232469.899900000542402 ], [ 618737.101099999621511, 231807.300400000065565 ], [ 620000.003700000233948, 231947.515599999576807 ], [ 620439.400700000114739, 231996.300200000405312 ], [ 621015.096099999733269, 231747.302400000393391 ], [ 621340.396800000220537, 232273.301799999549985 ], [ 621237.999900000169873, 231701.699999999254942 ], [ 621935.599700000137091, 231693.798800000920892 ], [ 622305.870099999941885, 231839.44370000064373 ], [ 622225.298000000417233, 232299.2043999992311 ], [ 622448.300200000405312, 232166.200300000607967 ], [ 622536.869199999608099, 232242.937100000679493 ], [ 622898.60869999974966, 232556.350899999961257 ], [ 623734.030600000172853, 232632.493400000035763 ], [ 624342.901700000278652, 232520.401100000366569 ], [ 624424.531700000166893, 232453.140599999576807 ], [ 625179.099799999967217, 231831.400299999862909 ], [ 625378.535400000400841, 231895.692199999466538 ], [ 625583.29700000025332, 231961.700999999418855 ], [ 625307.697599999606609, 232428.197499999776483 ], [ 625853.199799999594688, 232490.899900000542402 ], [ 625816.655199999921024, 232650.599199999123812 ], [ 626303.339200000278652, 232982.748299999162555 ], [ 626252.103400000371039, 231741.604000000283122 ], [ 626696.777200000360608, 231482.599300000816584 ], [ 626452.260400000028312, 231569.478700000792742 ], [ 626340.92920000012964, 231610.020099999383092 ], [ 626230.4227, 231543.942299999296665 ], [ 625928.097199999727309, 231587.798000000417233 ], [ 625720.824500000104308, 231324.821000000461936 ], [ 625141.628600000403821, 230589.967199999839067 ], [ 625125.102500000037253, 230568.99970000050962 ], [ 624407.996600000187755, 229402.090500000864267 ], [ 624269.923700000159442, 229266.761900000274181 ], [ 624221.699400000274181, 229219.495999999344349 ], [ 624193.097199999727309, 229237.800699999555945 ], [ 623939.347199999727309, 229397.949899999424815 ], [ 623871.301199999637902, 229401.300799999386072 ], [ 624220.700899999588728, 229100.600099999457598 ], [ 623947.600499999709427, 227843.599799999967217 ], [ 623897.716099999845028, 227746.679999999701977 ], [ 623478.300099999643862, 226931.800200000405312 ], [ 623234.10010000038892, 227375.599999999627471 ], [ 623312.598899999633431, 227021.195199999958277 ], [ 623012.000199999660254, 226963.101099999621511 ], [ 622410.399799999780953, 227591.700699999928474 ], [ 622988.196899999864399, 227636.199899999424815 ], [ 622269.099700000137091, 227818.098999999463558 ], [ 621135.604299999773502, 226946.8421 ], [ 621096.903599999845028, 226917.095000000670552 ], [ 621565.574599999934435, 226820.652799999341369 ], [ 622345.799800000153482, 226660.099600000306964 ], [ 622238.699900000356138, 226255.799900000914931 ], [ 621152.999800000339746, 226190.599999999627471 ], [ 621154.999099999666214, 225744.200400000438094 ], [ 620251.603699999861419, 225527.402200000360608 ], [ 620527.103900000452995, 224800.899900000542402 ], [ 621068.168899999931455, 224977.907999999821186 ], [ 620766.599299999885261, 225218.400800000876188 ], [ 621111.100200000219047, 225094.500099999830127 ], [ 621094.39989999961108, 224937.400100000202656 ], [ 621023.499099999666214, 224860.399800000712276 ], [ 620156.998800000175834, 224692.400900000706315 ], [ 620342.600200000219047, 224517.500099999830127 ], [ 620000.010400000028312, 224194.545199999585748 ], [ 619855.800300000235438, 224058.600199999287724 ], [ 618885.200100000016391, 223979.700300000607967 ], [ 620000.013600000180304, 223994.854800000786781 ], [ 620922.800499999895692, 224007.399000000208616 ], [ 622020.4989, 225136.9046 ], [ 621879.904099999926984, 224183.39750000089407 ], [ 621269.901200000196695, 223919.30320000089705 ], [ 622339.896099999547005, 224262.904799999669194 ], [ 622476.60010000038892, 223754.400299999862909 ], [ 622156.600399999879301, 223401.699999999254942 ], [ 622647.799399999901652, 223202.699100000783801 ], [ 622382.04700000025332, 222738.060499999672174 ], [ 622386.675499999895692, 222731.972999999299645 ], [ 622695.802600000053644, 222325.402599999681115 ], [ 622885.299200000241399, 223049.600899999961257 ], [ 623414.099700000137091, 222819.0 ], [ 623822.498200000263751, 223181.304400000721216 ], [ 624051.999800000339746, 222817.399800000712276 ], [ 623894.667100000195205, 222595.826099999248981 ], [ 623878.599899999797344, 222573.198400000110269 ], [ 623856.303000000305474, 222541.797399999573827 ], [ 624153.198900000192225, 222722.795700000599027 ], [ 624038.199799999594688, 223351.400299999862909 ], [ 624465.398599999956787, 223343.298000000417233 ], [ 624556.521900000050664, 223333.596499999985099 ], [ 624559.970999999903142, 223333.229299999773502 ], [ 625348.300300000235438, 223249.299900000914931 ], [ 624990.599899999797344, 223193.099999999627471 ], [ 625354.500300000421703, 223059.499900000169873 ], [ 624966.799999999813735, 222517.699799999594688 ], [ 625236.303600000217557, 222068.802799999713898 ], [ 625262.0, 222549.500199999660254 ], [ 625624.596499999985099, 222433.798299999907613 ], [ 625285.600300000049174, 222652.300000000745058 ], [ 625488.601300000213087, 223234.299699999392033 ], [ 625021.799999999813735, 224882.898199999704957 ], [ 625197.263500000350177, 224884.097699999809265 ], [ 624911.699900000356138, 225344.999900000169873 ], [ 625261.599399999715388, 225449.794999999925494 ], [ 624702.501000000163913, 225499.400299999862909 ], [ 624694.298999999649823, 225883.50029999949038 ], [ 626100.963200000114739, 224890.27559999935329 ], [ 626295.398199999704957, 224891.604800000786781 ], [ 626738.799800000153482, 224212.899599999189377 ], [ 626449.003700000233948, 222960.197699999436736 ], [ 624849.979199999943376, 220758.249299999326468 ], [ 624721.697399999946356, 220581.597799999639392 ], [ 624307.96239999961108, 219999.991800000891089 ], [ 623330.378700000233948, 218625.758300000801682 ], [ 623300.602400000207126, 218583.900399999693036 ], [ 622847.000300000421703, 218109.596100000664592 ], [ 622837.736600000411272, 218102.280999999493361 ], [ 622833.040000000037253, 218098.572300000116229 ], [ 620454.803000000305474, 216220.596799999475479 ], [ 620000.020299999974668, 215969.135299999266863 ], [ 619748.324500000104308, 215829.966000000014901 ], [ 619294.798799999989569, 215579.199500000104308 ], [ 618888.6579, 215321.302300000563264 ], [ 618118.247299999929965, 214831.83390000090003 ], [ 618112.721599999815226, 214827.618000000715256 ], [ 617695.953700000420213, 214509.63539999909699 ], [ 617682.890399999916553, 214499.668400000780821 ], [ 617370.597699999809265, 214261.397700000554323 ], [ 615640.875599999912083, 213148.240299999713898 ], [ 613597.406299999915063, 212669.985799999907613 ], [ 610028.799999999813735, 212293.500099999830127 ], [ 609322.399799999780953, 213199.599899999797344 ], [ 609015.0, 214343.100099999457598 ], [ 609230.800499999895692, 214075.800000000745058 ], [ 609458.199500000104308, 214225.9989 ], [ 609518.434500000439584, 213934.833399999886751 ], [ 609860.39989999961108, 213842.099700000137091 ], [ 609571.099799999967217, 214010.199100000783801 ], [ 609551.400100000202656, 214578.799900000914931 ], [ 608157.7972999997437, 215640.802799999713898 ], [ 608364.896800000220537, 215926.700999999418855 ], [ 608997.2023, 215645.001599999144673 ], [ 610143.171900000423193, 215923.39919999986887 ], [ 609995.200500000268221, 215991.901000000536442 ], [ 611184.798100000247359, 216849.697499999776483 ], [ 611500.145299999974668, 217979.436200000345707 ], [ 611521.600899999961257, 218056.301400000229478 ], [ 611213.300699999555945, 217987.5 ], [ 610939.301699999719858, 218376.699699999764562 ], [ 611049.129800000227988, 218156.432800000533462 ], [ 611246.100399999879301, 217761.395800000056624 ], [ 611238.448400000110269, 217731.718399999663234 ], [ 611044.599999999627471, 216979.900200000032783 ], [ 609655.7023, 216253.097500000149012 ], [ 607651.799100000411272, 216173.200600000098348 ], [ 606434.200199999846518, 217324.201099999248981 ], [ 605611.499900000169873, 218936.200400000438094 ], [ 605974.708399999886751, 219553.755300000309944 ], [ 606041.900100000202656, 219667.99970000050962 ], [ 605770.299800000153482, 219783.398399999365211 ], [ 605679.086799999698997, 220000.01490000076592 ], [ 605382.399799999780953, 220704.600199999287724 ], [ 604760.997100000269711, 221008.596300000324845 ], [ 604409.151499999687076, 221166.399800000712276 ], [ 604382.400299999862909, 221178.397700000554323 ], [ 603632.800300000235438, 221409.300300000235438 ], [ 603782.982499999925494, 221326.218100000172853 ], [ 605082.702899999916553, 220607.201199999079108 ], [ 605218.308699999935925, 220000.01490000076592 ], [ 605285.803399999625981, 219697.801500000059605 ], [ 605052.798899999819696, 218648.801000000908971 ], [ 605649.200100000016391, 217397.100099999457598 ], [ 604527.802000000141561, 217899.496300000697374 ], [ 604337.800200000405312, 218640.300000000745058 ], [ 603526.101300000213087, 219084.397099999710917 ], [ 604264.199599999934435, 218555.599300000816584 ], [ 604377.099399999715388, 217861.298499999567866 ], [ 603336.599899999797344, 218115.300100000575185 ], [ 602955.100300000049174, 217822.699699999764562 ], [ 603478.403599999845028, 217978.903500000014901 ], [ 604557.60010000038892, 217584.599899999797344 ], [ 606309.999900000169873, 216292.700200000777841 ], [ 604792.699599999934435, 216846.899000000208616 ], [ 601913.598199999891222, 216153.696000000461936 ], [ 601757.302600000053644, 216231.515699999406934 ], [ 601389.303000000305474, 216172.300699999555945 ], [ 601629.102400000207126, 215987.80350000038743 ], [ 602588.100700000301003, 215992.101700000464916 ], [ 601792.500300000421703, 215608.200300000607967 ], [ 600075.304100000299513, 213990.195299999788404 ], [ 600178.300200000405312, 214388.400800000876188 ], [ 599999.997000000439584, 214135.908999999985099 ], [ 599912.0011, 214011.299699999392033 ], [ 599731.19649999961257, 214225.198000000789762 ], [ 599729.88260000012815, 214091.815400000661612 ], [ 599712.99959999974817, 212377.896800000220537 ], [ 598635.600700000301003, 213594.599500000476837 ], [ 598138.695899999700487, 213410.701199999079108 ], [ 598211.299899999983609, 213294.900100000202656 ], [ 597088.399000000208616, 213719.601399999111891 ], [ 597330.003800000064075, 213543.703099999576807 ], [ 596772.801400000229478, 213581.501700000837445 ], [ 596104.301300000399351, 213111.89670000039041 ], [ 595810.800800000317395, 213312.299200000241399 ], [ 596228.397699999623001, 212945.2043999992311 ], [ 596859.45920000039041, 213202.055299999192357 ], [ 597222.701399999670684, 213349.900000000372529 ], [ 598574.397900000214577, 212880.20299999974668 ], [ 599545.798999999649823, 211844.899599999189377 ], [ 599260.299800000153482, 211955.200200000777841 ], [ 599156.103500000201166, 211667.900000000372529 ], [ 599830.400999999605119, 211476.504799999296665 ], [ 599047.300800000317395, 211173.200699999928474 ], [ 597456.500099999830127, 211666.799699999392033 ], [ 597227.798000000417233, 212342.496899999678135 ], [ 596805.501000000163913, 212224.500600000843406 ], [ 596828.999900000169873, 211827.100099999457598 ], [ 596023.480000000447035, 212148.349999999627471 ], [ 595804.299700000323355, 212161.200200000777841 ], [ 595671.401499999687076, 211774.199799999594688 ], [ 596009.01549999974668, 212095.263399999588728 ], [ 595967.903300000354648, 211851.898199999704957 ], [ 596208.400299999862909, 211996.099799999967217 ], [ 597174.600899999961257, 211530.100299999117851 ], [ 596112.604000000283122, 211766.100899999961257 ], [ 596426.200100000016391, 211476.99970000050962 ], [ 596226.097000000067055, 211171.101800000295043 ], [ 597502.2023, 211160.795399999246001 ], [ 596817.400299999862909, 210336.200300000607967 ], [ 597583.200799999758601, 211032.300899999216199 ], [ 599047.599899999797344, 210482.199200000613928 ], [ 597281.999800000339746, 208870.300300000235438 ], [ 596744.28139999974519, 209195.137499999254942 ], [ 596658.099999999627471, 209247.199899999424815 ], [ 596722.1716, 209137.971599999815226 ], [ 597028.000099999830127, 208616.599700000137091 ], [ 595826.815200000070035, 208249.757999999448657 ], [ 595152.903699999675155, 208185.396900000050664 ], [ 594973.201200000010431, 208449.200300000607967 ], [ 594970.139999999664724, 208207.130000000819564 ], [ 594194.89989999961108, 208199.099700000137091 ], [ 592861.403300000354648, 208850.796399999409914 ], [ 592669.599200000055134, 208005.499099999666214 ], [ 593190.299999999813735, 208293.800000000745058 ], [ 592645.300300000235438, 207894.900000000372529 ], [ 591997.799100000411272, 208120.795399999246001 ], [ 591804.501899999566376, 208679.195499999448657 ], [ 591441.040000000037253, 208365.759999999776483 ], [ 591668.400700000114739, 208103.200400000438094 ], [ 591169.302400000393391, 208090.404100000858307 ], [ 590751.758600000292063, 208441.290999999269843 ], [ 590675.391800000332296, 208469.061899999156594 ], [ 590748.726400000043213, 208319.639299999922514 ], [ 590876.902999999932945, 208055.135900000110269 ], [ 590340.947499999776483, 207657.148199999704957 ], [ 590321.044300000183284, 207659.972999999299645 ], [ 589671.466799999587238, 207752.167500000447035 ], [ 589633.898900000378489, 207757.499399999156594 ], [ 589646.596300000324845, 207424.104800000786781 ], [ 589834.388399999588728, 207501.777400000020862 ], [ 589812.0, 207278.199999999254942 ], [ 589843.15610000025481, 207287.258400000631809 ], [ 590061.801300000399351, 207337.718499999493361 ], [ 589990.708499999716878, 207300.697599999606609 ], [ 589642.179399999789894, 207144.812000000849366 ], [ 589521.362900000065565, 207182.235400000587106 ], [ 589185.943300000391901, 207304.962200000882149 ], [ 589133.032800000160933, 207318.394300000742078 ], [ 589136.791899999603629, 207310.11769999936223 ], [ 589275.100200000219047, 207005.600199999287724 ], [ 589008.2966, 206958.298100000247359 ], [ 587412.799800000153482, 207791.899800000712276 ], [ 587545.2023, 207420.495799999684095 ], [ 586950.300200000405312, 206255.599799999967217 ], [ 586712.599899999797344, 206699.5011 ], [ 585857.496100000105798, 207163.299200000241399 ], [ 585831.100300000049174, 206945.499900000169873 ], [ 585606.500300000421703, 207248.400900000706315 ], [ 585659.876600000075996, 207088.676899999380112 ], [ 585777.473600000143051, 206736.778000000864267 ], [ 586522.500199999660254, 206497.099700000137091 ], [ 586399.900100000202656, 206121.00029999949038 ], [ 587445.601999999955297, 205371.702299999073148 ], [ 587380.914099999703467, 205261.013000000268221 ], [ 587323.401899999938905, 205162.60219999961555 ], [ 587740.197999999858439, 205144.297399999573827 ], [ 587842.209999999962747, 205440.651100000366569 ], [ 589876.395800000056624, 204984.052899999544024 ], [ 589673.499900000169873, 204426.602800000458956 ], [ 589952.801400000229478, 204855.400100000202656 ], [ 590204.399400000460446, 204564.103499999269843 ], [ 589837.502399999648333, 204248.70380000025034 ], [ 590195.60190000012517, 204460.603099999949336 ], [ 590236.101700000464916, 204578.399399999529123 ], [ 590412.397599999792874, 204842.103900000452995 ], [ 591422.203200000338256, 204697.795199999585748 ], [ 590119.302099999971688, 203754.395300000905991 ], [ 590444.198800000362098, 203213.300100000575185 ], [ 589943.096900000236928, 203111.499299999326468 ], [ 590051.099000000394881, 202708.304700000211596 ], [ 589505.399600000120699, 203031.202299999073148 ], [ 589478.458800000138581, 202938.841099999845028 ], [ 589358.725700000301003, 202987.043800000101328 ], [ 589349.600899999961257, 202995.502499999478459 ], [ 589351.347400000318885, 202988.55460000038147 ], [ 589422.297600000165403, 202746.30379999987781 ], [ 589463.258899999782443, 202886.731399999931455 ], [ 589619.502999999560416, 202745.304099999368191 ], [ 589344.7034, 202263.901900000870228 ], [ 589675.862099999561906, 202498.537799999117851 ], [ 590265.000599999912083, 202443.200600000098348 ], [ 590285.664599999785423, 202466.375099999830127 ], [ 590305.950000000186265, 202456.449999999254942 ], [ 590600.467799999751151, 202814.946100000292063 ], [ 590666.244500000029802, 203178.741200000047684 ], [ 590768.861499999649823, 203725.712500000372529 ], [ 591237.708599999547005, 203855.438699999824166 ], [ 591656.250599999912083, 203970.153000000864267 ], [ 591656.946899999864399, 203966.669299999251962 ], [ 591691.396200000308454, 203114.698400000110269 ], [ 591993.726300000213087, 202590.534700000658631 ], [ 591799.5, 202546.699999999254942 ], [ 592036.004999999888241, 202542.331800000742078 ], [ 591799.900000000372529, 202397.929999999701977 ], [ 592138.120000000111759, 202146.599999999627471 ], [ 592049.701799999922514, 202788.201799999922514 ], [ 591957.7034, 202846.795099999755621 ], [ 592220.201399999670684, 202994.102900000289083 ], [ 591920.229799999855459, 203042.325500000268221 ], [ 591837.138199999928474, 203334.046700000762939 ], [ 591882.79700000025332, 203960.996099999174476 ], [ 591605.903099999763072, 204226.200200000777841 ], [ 592540.10149999987334, 204716.499900000169873 ], [ 592883.796900000423193, 204524.704800000414252 ], [ 592913.800699999555945, 204832.296700000762939 ], [ 593384.097000000067055, 204726.497800000011921 ], [ 592907.699300000444055, 204970.597100000828505 ], [ 593120.395299999974668, 205753.362800000235438 ], [ 593601.648400000296533, 205865.66300000064075 ], [ 593916.800099999643862, 205844.199999999254942 ], [ 594858.802400000393391, 206246.002000000327826 ], [ 595882.401999999769032, 205607.904699999839067 ], [ 596846.999900000169873, 205724.601299999281764 ], [ 598676.299599999561906, 206848.399000000208616 ], [ 599403.099999999627471, 207752.100099999457598 ], [ 599671.098199999891222, 208689.902499999850988 ], [ 600000.025299999862909, 208922.164599999785423 ], [ 600264.198400000110269, 209108.702600000426173 ], [ 602197.799899999983609, 209545.700200000777841 ], [ 603270.499800000339746, 208663.200099999085069 ], [ 603850.799999999813735, 207687.499800000339746 ], [ 603894.803899999707937, 206803.70240000076592 ], [ 603231.900100000202656, 204074.903500000014901 ], [ 604028.101800000295043, 202423.096300000324845 ], [ 603591.700199999846518, 201156.400000000372529 ], [ 603589.83530000038445, 199999.97580000013113 ], [ 603589.600200000219047, 199854.200200000777841 ], [ 603132.900899999774992, 199891.60080000013113 ], [ 603564.803600000217557, 199820.201400000602007 ], [ 603197.900299999862909, 199775.400100000202656 ], [ 603439.199799999594688, 199692.299000000581145 ], [ 603098.0011, 199221.302799999713898 ], [ 603400.500199999660254, 199379.799699999392033 ], [ 603437.301199999637902, 199168.298900000751019 ], [ 603067.402800000272691, 199080.80379999987781 ], [ 603425.099600000306964, 199152.201400000602007 ], [ 603331.098299999721348, 198947.006699999794364 ], [ 603297.699500000104308, 198874.100899999961257 ], [ 603345.999699999578297, 197131.101199999451637 ], [ 603216.378600000403821, 196975.80320000089705 ], [ 602646.30379999987781, 196292.801100000739098 ], [ 602591.51630000025034, 196264.219499999657273 ], [ 600969.694600000046194, 195533.979699999094009 ], [ 600277.200899999588728, 195649.595200000330806 ], [ 600000.023299999535084, 195600.066099999472499 ], [ 598045.999900000169873, 195250.900000000372529 ], [ 596567.010400000028312, 195506.514799999073148 ], [ 595497.703900000080466, 195361.697599999606609 ], [ 594204.498999999836087, 195646.29619999974966 ], [ 594094.100300000049174, 196004.100299999117851 ], [ 594103.800200000405312, 195615.699999999254942 ], [ 593571.825600000098348, 195555.600299999117851 ], [ 592280.681599999777973, 196631.995100000873208 ], [ 592229.097799999639392, 196675.20160000026226 ], [ 591190.199799999594688, 197539.700300000607967 ], [ 590055.899100000038743, 197401.600199999287724 ], [ 590099.399400000460446, 197665.199200000613928 ], [ 589825.200199999846518, 197164.099899999797344 ], [ 588083.099799999967217, 197295.300000000745058 ], [ 587689.598000000230968, 196936.89670000039041 ], [ 587669.509499999694526, 196879.231200000271201 ], [ 587562.89989999961108, 196573.200200000777841 ], [ 586644.599899999797344, 196823.799900000914931 ], [ 586381.998800000175834, 196565.000099999830127 ], [ 584314.696700000204146, 196487.5954 ], [ 584138.598600000143051, 197156.203999999910593 ], [ 584487.599799999967217, 196926.499800000339746 ], [ 584606.300099999643862, 197119.599999999627471 ], [ 583457.10149999987334, 197730.699100000783801 ], [ 583474.300499999895692, 197429.299900000914931 ], [ 584035.999800000339746, 197196.499900000169873 ], [ 584018.300099999643862, 196573.099700000137091 ], [ 582053.630900000222027, 196695.432700000703335 ], [ 582056.622600000351667, 196666.596499999985099 ], [ 582117.997999999672174, 196462.502499999478459 ], [ 583250.10259999986738, 196408.398000000044703 ], [ 582983.200899999588728, 195954.9989 ], [ 581893.600300000049174, 196005.202099999412894 ], [ 580582.800200000405312, 195553.601500000804663 ], [ 580530.960400000214577, 195524.320499999448657 ], [ 580525.797399999573827, 195521.40430000051856 ], [ 580509.48589999973774, 195512.190999999642372 ], [ 580477.080799999646842, 195492.964999999850988 ], [ 580416.8761, 195457.245500000193715 ], [ 580519.306699999608099, 195474.807900000363588 ], [ 580546.403699999675155, 195479.453900000080466 ], [ 580646.844499999657273, 195496.675100000575185 ], [ 582612.500199999660254, 195833.700099999085069 ], [ 583332.357900000177324, 195663.629499999806285 ], [ 583276.997999999672174, 196049.600700000301003 ], [ 583591.596499999985099, 196340.197499999776483 ], [ 583986.21239999961108, 196037.286199999973178 ], [ 583953.96239999961108, 196275.292500000447035 ], [ 583957.319199999794364, 196275.268699999898672 ], [ 587653.839399999938905, 196249.092700000852346 ], [ 587736.9989, 196248.503799999132752 ], [ 588461.900000000372529, 196504.799900000914931 ], [ 589308.103500000201166, 196000.504799999296665 ], [ 590383.700000000186265, 196064.299799999222159 ], [ 591371.397099999710917, 196736.604100000113249 ], [ 592830.899699999950826, 195391.099999999627471 ], [ 592509.700000000186265, 194770.300100000575185 ], [ 592879.798999999649823, 195317.599999999627471 ], [ 598497.400200000032783, 194638.499900000169873 ], [ 598595.802099999971688, 192821.404799999669194 ], [ 598359.498999999836087, 192459.699699999764562 ], [ 595484.10010000038892, 192647.000199999660254 ], [ 595130.941399999894202, 193024.122300000861287 ], [ 595346.300300000235438, 192516.001000000163913 ], [ 594352.201100000180304, 191556.89670000039041 ], [ 591635.099499999545515, 190772.400200000032783 ], [ 590895.500099999830127, 191288.800200000405312 ], [ 590684.400799999944866, 191090.300100000575185 ], [ 591290.699900000356138, 190927.599899999797344 ], [ 591229.149299999698997, 190530.301599999889731 ], [ 591217.700400000438094, 190456.400299999862909 ], [ 590714.829800000414252, 190422.325300000607967 ], [ 590708.985700000077486, 190421.929300000891089 ], [ 588683.803999999538064, 190284.700899999588728 ], [ 588795.924100000411272, 190164.525699999183416 ], [ 588955.299800000153482, 189993.699999999254942 ], [ 588147.099999999627471, 189464.800300000235438 ], [ 590237.984000000171363, 190219.445000000298023 ], [ 590479.199000000022352, 190306.504699999466538 ], [ 590853.17850000038743, 190294.400299999862909 ], [ 591313.500099999830127, 190279.501299999654293 ], [ 591414.501199999824166, 190000.001700000837445 ], [ 591645.700199999846518, 190475.200099999085069 ], [ 594482.799999999813735, 191203.599700000137091 ], [ 594568.799499999731779, 190493.500600000843406 ], [ 593661.503999999724329, 190082.298800000920892 ], [ 594077.01659999974072, 189494.778899999335408 ], [ 594082.167100000195205, 189498.573200000450015 ], [ 594262.200299999676645, 189631.200200000777841 ], [ 594628.599799999967217, 189375.000099999830127 ], [ 594413.900000000372529, 189096.600199999287724 ], [ 594722.396099999547005, 189098.700200000777841 ], [ 594828.299999999813735, 189400.500099999830127 ], [ 593820.897599999792874, 189895.102399999275804 ], [ 594661.900999999605119, 190387.600899999961257 ], [ 595109.500599999912083, 190150.199899999424815 ], [ 595620.599899999797344, 188825.800300000235438 ], [ 595409.799899999983609, 188552.899800000712276 ], [ 595872.499800000339746, 188747.099999999627471 ], [ 596241.299999999813735, 188201.400100000202656 ], [ 596963.299999999813735, 188408.700200000777841 ], [ 597697.700600000098348, 188043.102600000798702 ], [ 597590.003600000403821, 187456.500499999150634 ], [ 595734.679999999701977, 186185.600199999287724 ], [ 595732.369199999608099, 186183.350199999287724 ], [ 593497.402599999681115, 184007.197799999266863 ], [ 592810.099499999545515, 184068.832200000062585 ], [ 592715.696600000374019, 184077.297800000756979 ], [ 592135.593000000342727, 184358.644099999219179 ], [ 592131.277200000360608, 184359.362299999222159 ], [ 589564.599100000225008, 184786.499900000169873 ], [ 589510.601300000213087, 184803.105900000780821 ], [ 588788.104000000283122, 185025.296399999409914 ], [ 588645.833999999798834, 185039.473600000143051 ], [ 586689.495099999941885, 185234.422499999403954 ], [ 586517.100899999961257, 185251.601600000634789 ], [ 585312.076500000432134, 185518.508099999278784 ], [ 583210.002799999900162, 185664.185200000181794 ], [ 583188.099700000137091, 185665.703099999576807 ], [ 582295.200899999588728, 185397.099999999627471 ], [ 582144.446800000034273, 185351.429800000041723 ], [ 581008.500799999572337, 185007.300200000405312 ], [ 580641.727800000458956, 185100.867499999701977 ], [ 580133.875, 185230.425599999725819 ], [ 580000.022699999623001, 185264.572599999606609 ], [ 579561.157700000330806, 185376.531300000846386 ], [ 579545.598500000312924, 185380.500600000843406 ], [ 578894.858599999919534, 185505.499199999496341 ], [ 578108.243200000375509, 185656.597699999809265 ], [ 577993.70299999974668, 185678.59940000064671 ], [ 577943.161299999803305, 185702.575300000607967 ], [ 577201.793300000019372, 186054.264699999243021 ], [ 576736.900299999862909, 186274.800100000575185 ], [ 576560.399000000208616, 186262.10190000012517 ], [ 576512.924599999561906, 186123.201199999079108 ], [ 576511.411199999973178, 186118.773199999704957 ], [ 576459.199799999594688, 184849.299699999392033 ], [ 575943.199799999594688, 184408.299900000914931 ], [ 575058.501199999824166, 184560.800200000405312 ], [ 574684.088800000026822, 184246.171399999409914 ], [ 574667.704300000332296, 184232.403000000864267 ], [ 574415.000199999660254, 184433.495799999684095 ], [ 573976.800200000405312, 184351.000099999830127 ], [ 574742.60120000038296, 183914.804300000891089 ], [ 575098.300300000235438, 182686.599999999627471 ], [ 576435.0, 182353.700300000607967 ], [ 575759.802600000053644, 181877.897299999371171 ], [ 575163.800200000405312, 181789.101500000804663 ], [ 574878.499699999578297, 182062.199799999594688 ], [ 574166.099100000225008, 181455.699200000613928 ], [ 573192.603900000452995, 181637.895999999716878 ], [ 571334.700299999676645, 181198.199899999424815 ], [ 570879.199900000356138, 181542.300000000745058 ], [ 570532.294400000013411, 181516.60329999960959 ], [ 570643.280500000342727, 181360.530200000852346 ], [ 570656.101599999703467, 181342.500600000843406 ], [ 569983.699300000444055, 180753.200099999085069 ], [ 569871.416500000283122, 180749.082000000402331 ], [ 569799.792399999685585, 180746.455099999904633 ], [ 569752.162100000306964, 180744.708200000226498 ], [ 569850.699699999764562, 180528.500099999830127 ], [ 569606.911500000394881, 179999.962700000032783 ], [ 569504.300300000235438, 179777.499600000679493 ], [ 569179.699699999764562, 176422.999800000339746 ], [ 566737.001400000415742, 175470.001599999144673 ], [ 566716.825100000016391, 175467.310900000855327 ], [ 565577.696399999782443, 175315.395800000056624 ], [ 565332.001000000163913, 175753.199799999594688 ], [ 565377.900299999862909, 175255.800100000575185 ], [ 562743.200100000016391, 175192.300300000235438 ], [ 561803.315399999730289, 177050.517899999395013 ], [ 561130.5, 177566.200699999928474 ], [ 560261.944199999794364, 177494.658800000324845 ], [ 560189.599000000394881, 177488.699799999594688 ], [ 560156.389700000174344, 177471.162100000306964 ], [ 560000.011400000192225, 177388.579500000923872 ], [ 559251.700100000016391, 176993.399800000712276 ], [ 558582.099999999627471, 176070.700200000777841 ], [ 556156.700100000016391, 177257.5 ], [ 554881.270600000396371, 178670.393999999389052 ], [ 554824.396999999880791, 178733.397399999201298 ], [ 553656.314899999648333, 179098.26410000026226 ], [ 553563.998800000175834, 179127.100299999117851 ], [ 551984.399799999780953, 178814.299699999392033 ], [ 551556.503700000233948, 179999.9847999997437 ], [ 551294.543700000271201, 180724.108899999409914 ], [ 549928.190700000151992, 181441.785800000652671 ], [ 549917.026100000366569, 181447.650000000372529 ], [ 549893.89989999961108, 181459.79700000025332 ], [ 548807.200799999758601, 181777.096200000494719 ], [ 548713.003999999724329, 181810.870699999853969 ], [ 548709.850499999709427, 181812.00139999948442 ], [ 547624.099899999797344, 182201.299900000914931 ], [ 546442.599899999797344, 181588.800000000745058 ], [ 545847.299999999813735, 181607.199699999764562 ], [ 545654.247299999929965, 181750.465700000524521 ], [ 545640.184999999590218, 181760.901399999856949 ], [ 545593.169200000353158, 181795.792199999094009 ], [ 545532.344600000418723, 181840.930600000545382 ], [ 545587.400899999774992, 181664.500099999830127 ], [ 544749.599799999967217, 181313.299900000914931 ], [ 544381.338499999605119, 180702.650299999862909 ], [ 544269.252100000157952, 180516.789000000804663 ], [ 544251.103799999691546, 180486.695599999278784 ], [ 543837.176199999637902, 179999.996400000527501 ], [ 543686.300599999725819, 179822.59569999948144 ], [ 541637.343100000172853, 179707.342700000852346 ], [ 540619.599600000306964, 179650.095000000670552 ], [ 540234.598799999803305, 180000.008899999782443 ], [ 539999.99959999974817, 180213.228000000119209 ], [ 539838.721800000406802, 180359.807800000533462 ], [ 539548.098299999721348, 180687.863600000739098 ], [ 539472.822300000116229, 180772.835200000554323 ], [ 539505.296099999919534, 180622.096799999475479 ], [ 539420.172199999913573, 180620.081199999898672 ], [ 538753.700899999588728, 180604.300400000065565 ], [ 538362.560100000351667, 180000.004799999296665 ], [ 538314.186999999918044, 179925.270400000736117 ], [ 538719.865199999883771, 178814.913599999621511 ], [ 538735.800999999977648, 178771.296599999070168 ], [ 538505.899699999950826, 178347.600199999287724 ], [ 537822.800599999725819, 178220.504200000315905 ], [ 537256.199699999764562, 178564.099899999797344 ], [ 537118.367899999953806, 179065.793199999257922 ], [ 537116.883500000461936, 179071.19620000012219 ], [ 536907.429299999959767, 179999.969399999827147 ], [ 536788.72620000038296, 180534.076700000092387 ], [ 535982.260700000450015, 180793.907400000840425 ], [ 535967.10120000038296, 180798.69620000012219 ], [ 534761.499699999578297, 179999.599099999293685 ], [ 534758.476800000295043, 180000.042400000616908 ], [ 533432.977900000289083, 180499.259500000625849 ], [ 533387.600899999961257, 180516.397099999710917 ], [ 533316.099700000137091, 180534.901799999177456 ], [ 533261.755300000309944, 180543.216600000858307 ], [ 532983.50870000012219, 180585.788699999451637 ], [ 532961.996600000187755, 180589.080099999904633 ], [ 532745.7023, 180619.532700000330806 ], [ 532508.088999999687076, 180666.978000000119209 ], [ 532484.717899999581277, 180674.4989 ], [ 532279.0011, 180740.699500000104308 ], [ 532202.310899999924004, 180755.361400000751019 ], [ 531993.172199999913573, 180795.345100000500679 ], [ 531954.996700000017881, 180802.643600000068545 ], [ 531375.852300000376999, 180794.0304000005126 ], [ 531360.198099999688566, 180793.79759999923408 ], [ 531354.587299999780953, 180793.492499999701977 ], [ 531150.186900000087917, 180782.377499999478459 ], [ 530474.599999999627471, 180392.499900000169873 ], [ 530421.109199999831617, 179999.994799999520183 ], [ 530281.413599999621511, 178974.936499999836087 ], [ 530268.371700000017881, 178935.783500000834465 ], [ 530035.683799999766052, 178247.941899999976158 ], [ 529483.427600000053644, 177916.761399999260902 ], [ 529372.583399999886751, 177850.28969999961555 ], [ 529123.727500000037253, 177866.4682 ], [ 528723.338000000454485, 177892.498199999332428 ], [ 528549.498700000345707, 177903.799799999222159 ], [ 528525.270999999716878, 177898.004200000315905 ], [ 528507.854799999855459, 177893.837999999523163 ], [ 527594.7034, 177675.400299999862909 ], [ 527557.71860000025481, 177655.834699999541044 ], [ 527119.840499999932945, 177424.189200000837445 ], [ 527006.522900000214577, 177364.242200000211596 ], [ 526953.615000000223517, 177336.253000000491738 ], [ 526370.076999999582767, 177027.551000000908971 ], [ 526225.256299999542534, 176950.938300000503659 ], [ 526219.699300000444055, 176947.998500000685453 ], [ 526290.191999999806285, 176954.203900000080466 ], [ 526528.700100000016391, 176975.199699999764562 ], [ 526526.040500000119209, 176966.064999999478459 ], [ 526340.116499999538064, 176327.473400000482798 ], [ 526204.100300000049174, 175860.300100000575185 ], [ 526104.85190000012517, 175827.581700000911951 ], [ 525904.760800000280142, 175761.619300000369549 ], [ 525314.399699999950826, 175566.999800000339746 ], [ 525268.708399999886751, 175582.28319999948144 ], [ 523962.800099999643862, 176019.100099999457598 ], [ 523551.115000000223517, 177084.140300000086427 ], [ 523437.608099999837577, 177377.785700000822544 ], [ 523414.101599999703467, 177438.597699999809265 ], [ 523232.773400000296533, 177824.093000000342727 ], [ 523158.110799999907613, 177982.822100000455976 ], [ 522675.5, 178308.480699999257922 ], [ 522049.490699999965727, 178121.955199999734759 ], [ 522039.957899999804795, 178119.114800000563264 ], [ 521975.801400000229478, 178099.998700000345707 ], [ 521624.800900000147521, 177756.596999999135733 ], [ 521286.496299999766052, 176326.595499999821186 ], [ 521277.601400000043213, 176288.997099999338388 ], [ 521240.747200000099838, 176292.283700000494719 ], [ 520306.650100000202656, 176379.269600000232458 ], [ 519999.981800000183284, 176958.054800000041723 ], [ 519886.490500000305474, 177172.250700000673532 ], [ 519730.000099999830127, 177467.600099999457598 ], [ 519258.695000000298023, 177757.068199999630451 ], [ 519251.435200000181794, 177761.527000000700355 ], [ 519040.17339999973774, 177891.280799999833107 ], [ 518999.598199999891222, 177916.201400000602007 ], [ 518831.621700000017881, 177855.261900000274181 ], [ 518769.202399999834597, 177832.527000000700355 ], [ 518455.178999999538064, 177718.150699999183416 ], [ 518258.965300000272691, 177646.684100000187755 ], [ 518206.30559999961406, 177627.503900000825524 ], [ 518197.848199999891222, 177611.382699999958277 ], [ 517844.741799999959767, 176938.301100000739098 ], [ 517842.661199999973178, 176934.335200000554323 ], [ 517674.39989999961108, 176613.600199999287724 ], [ 517577.896499999798834, 176550.125 ], [ 516841.405399999581277, 176062.925799999386072 ], [ 516772.308899999596179, 175772.473600000143051 ], [ 516677.50040000025183, 175383.79619999974966 ], [ 516700.97759999986738, 175357.618200000375509 ], [ 517236.646099999547005, 174762.714700000360608 ], [ 517242.094700000248849, 174759.026399999856949 ], [ 517800.099899999797344, 174381.299900000914931 ], [ 517829.02419999986887, 174263.640599999576807 ], [ 517923.900299999862909, 173877.699899999424815 ], [ 517825.240000000223517, 173806.432099999859929 ], [ 517136.199099999852479, 173308.699799999594688 ], [ 516491.904099999926984, 173279.698599999770522 ], [ 516120.429299999959767, 172787.791400000452995 ], [ 516094.446600000374019, 172753.385099999606609 ], [ 516067.497800000011921, 172717.699400000274181 ], [ 516286.843799999915063, 171875.872999999672174 ], [ 516874.622899999842048, 171396.94370000064373 ], [ 516892.399699999950826, 171382.601600000634789 ], [ 516956.599899999797344, 171394.893899999558926 ], [ 516996.303999999538064, 171402.495899999514222 ], [ 516465.876699999906123, 171766.214999999850988 ], [ 516396.518899999558926, 171821.018999999389052 ], [ 516166.671400000341237, 172734.6546 ], [ 517822.499900000169873, 173530.300200000405312 ], [ 518042.297199999913573, 173961.903300000354648 ], [ 517870.13300000037998, 174390.193299999460578 ], [ 517859.798999999649823, 174415.901100000366569 ], [ 517248.399299999698997, 174868.2331000007689 ], [ 517235.196399999782443, 174878.001000000163913 ], [ 516841.296799999661744, 175716.301100000739098 ], [ 517461.803600000217557, 176305.402400000020862 ], [ 517481.277300000190735, 176330.331199999898672 ], [ 518456.000599999912083, 177578.099199999123812 ], [ 519014.801199999637902, 177787.199300000444055 ], [ 519653.94510000012815, 177328.444499999284744 ], [ 519663.201100000180304, 177321.800899999216199 ], [ 519667.34250000026077, 177313.915899999439716 ], [ 519999.995500000193715, 176680.568199999630451 ], [ 520212.799100000411272, 176275.405500000342727 ], [ 520936.099600000306964, 176029.200699999928474 ], [ 521526.481800000183284, 176408.23960000090301 ], [ 521533.899100000038743, 176413.001599999144673 ], [ 521538.460900000296533, 176441.794199999421835 ], [ 521712.599799999967217, 177540.900200000032783 ], [ 522602.299800000153482, 178142.599700000137091 ], [ 523132.900200000032783, 177728.099899999797344 ], [ 523300.456699999980628, 177021.944099999964237 ], [ 523355.457899999804795, 176790.144899999722838 ], [ 523374.598899999633431, 176709.476600000634789 ], [ 523471.217600000090897, 176302.283299999311566 ], [ 523489.603699999861419, 176224.796499999240041 ], [ 524054.623999999836087, 175894.670399999246001 ], [ 524444.452100000344217, 175666.904400000348687 ], [ 524456.102900000289083, 175660.097100000828505 ], [ 525485.076299999840558, 175060.129499999806285 ], [ 525492.371199999935925, 175062.161800000816584 ], [ 525498.639999999664724, 175065.882400000467896 ], [ 526029.892500000074506, 175470.035199999809265 ], [ 526648.698099999688566, 176201.102299999445677 ], [ 526889.199799999594688, 177130.400000000372529 ], [ 527085.75800000037998, 177232.770999999716878 ], [ 527429.678999999538064, 177411.891100000590086 ], [ 528734.543700000271201, 177652.132099999114871 ], [ 529260.470200000330806, 177748.961400000378489 ], [ 529377.552500000223517, 177770.467499999329448 ], [ 529513.397300000302494, 177795.420099999755621 ], [ 530046.801099999807775, 177893.397900000214577 ], [ 530069.941599999554455, 177918.506300000473857 ], [ 530243.198400000110269, 178106.496899999678135 ], [ 530272.455900000408292, 178196.929400000721216 ], [ 530471.172500000335276, 178811.145300000905991 ], [ 530511.746799999848008, 178936.556900000199676 ], [ 530660.120199999772012, 179999.994799999520183 ], [ 530689.297399999573827, 180210.704600000753999 ], [ 531342.122299999929965, 180530.125 ], [ 531348.641400000080466, 180530.746700000017881 ], [ 531628.096599999815226, 180557.397700000554323 ], [ 532748.984699999913573, 180392.884500000625849 ], [ 532783.600700000301003, 180387.803899999707937 ], [ 533621.793399999849498, 180139.662200000137091 ], [ 533881.9222999997437, 180000.032400000840425 ], [ 533994.503299999982119, 179939.60219999961555 ], [ 533814.426500000059605, 179706.4364 ], [ 534906.943199999630451, 179778.323999999091029 ], [ 534941.498100000433624, 179780.597699999809265 ], [ 535295.89989999961108, 180000.035900000482798 ], [ 535581.006000000052154, 180169.041899999603629 ], [ 535585.75690000038594, 180173.978499999269843 ], [ 535912.60080000013113, 180513.599099999293685 ], [ 536549.103600000031292, 180404.399100000038743 ], [ 536588.794700000435114, 179999.985300000756979 ], [ 536687.714100000448525, 178992.094399999827147 ], [ 536691.0011, 178958.603000000119209 ], [ 537238.703999999910593, 178137.69789999909699 ], [ 537275.70920000039041, 178100.390699999406934 ], [ 537740.318500000052154, 177631.366699999198318 ], [ 537790.89989999961108, 177580.997899999842048 ], [ 537775.220800000242889, 177557.188300000503659 ], [ 537679.366100000217557, 177411.628100000321865 ], [ 537413.700299999676645, 177008.201099999248981 ], [ 537665.515300000086427, 177361.592599999159575 ], [ 537809.1875, 177563.218900000676513 ], [ 537931.998200000263751, 177735.802999999374151 ], [ 537729.099799999967217, 177891.900200000032783 ], [ 538208.174300000071526, 177990.081800000742078 ], [ 538638.296400000341237, 178078.231100000441074 ], [ 538643.778400000184774, 178085.055800000205636 ], [ 539120.299999999813735, 178678.300200000405312 ], [ 539022.435200000181794, 178985.582399999722838 ], [ 538762.099899999797344, 179803.000199999660254 ], [ 538842.474600000306964, 180000.004799999296665 ], [ 538963.399000000208616, 180296.400000000372529 ], [ 539300.344100000336766, 180000.001800000667572 ], [ 539999.989500000141561, 179384.549499999731779 ], [ 540022.099999999627471, 179365.099700000137091 ], [ 540952.700000000186265, 179170.70160000026226 ], [ 540990.872700000181794, 179174.338700000196695 ], [ 541001.101999999955297, 179175.313400000333786 ], [ 542113.391400000080466, 179281.293199999257922 ], [ 543173.766800000332296, 179382.326700000092387 ], [ 544139.756299999542534, 179474.367000000551343 ], [ 544200.510200000368059, 179480.1557 ], [ 544221.998700000345707, 179482.203099999576807 ], [ 544642.699099999852479, 179824.699200000613928 ], [ 544661.880699999630451, 179859.328700000420213 ], [ 544739.784799999557436, 179999.972599999979138 ], [ 545012.024299999698997, 180491.459699999541044 ], [ 545278.200100000016391, 180971.99970000050962 ], [ 547125.684799999929965, 181282.414100000634789 ], [ 547226.202100000344217, 181299.302999999374151 ], [ 547801.799100000411272, 181521.800300000235438 ], [ 549398.00069999974221, 180788.099300000816584 ], [ 549448.174100000411272, 180775.573000000789762 ], [ 550440.201200000010431, 180527.903799999505281 ], [ 550677.378999999724329, 179999.975099999457598 ], [ 550879.803100000135601, 179549.403899999335408 ], [ 550883.46750000026077, 179533.782299999147654 ], [ 550896.1875, 179479.556399999186397 ], [ 551126.199000000022352, 178499.004599999636412 ], [ 551926.708200000226498, 177991.440300000831485 ], [ 551929.381099999882281, 177989.745500000193715 ], [ 552928.799999999813735, 177818.500199999660254 ], [ 553667.697300000116229, 178293.903200000524521 ], [ 554089.200100000016391, 178052.900000000372529 ], [ 554200.222500000149012, 177962.88399999961257 ], [ 555658.899400000460446, 176780.200600000098348 ], [ 556742.854799999855459, 176168.383099999278784 ], [ 556789.599000000394881, 176141.999199999496341 ], [ 558269.999800000339746, 175189.501900000497699 ], [ 558405.878200000151992, 175222.250900000333786 ], [ 559494.801599999889731, 175484.699799999594688 ], [ 559999.988400000147521, 176073.700500000268221 ], [ 560369.400299999862909, 176504.400200000032783 ], [ 560632.799800000153482, 176395.799699999392033 ], [ 560545.298600000329316, 176751.204800000414252 ], [ 560922.514200000092387, 176544.394799999892712 ], [ 560925.310700000263751, 176542.861600000411272 ], [ 561889.60010000038892, 174999.999800000339746 ], [ 561660.797899999655783, 174936.104199999943376 ], [ 563262.269999999552965, 174594.970000000670552 ], [ 563661.178999999538064, 174509.997300000861287 ], [ 563812.800200000405312, 174477.699999999254942 ], [ 563846.198300000280142, 174477.348999999463558 ], [ 564772.919099999591708, 174467.609699999913573 ], [ 566409.221599999815226, 174383.847400000318885 ], [ 567266.390399999916553, 174339.969000000506639 ], [ 567341.99930000025779, 174336.097400000318885 ], [ 568752.083899999968708, 174743.728199999779463 ], [ 568848.503800000064075, 174771.601500000804663 ], [ 569867.692300000227988, 175110.138900000602007 ], [ 570906.917799999937415, 175784.286800000816584 ], [ 570960.797799999825656, 175819.301599999889731 ], [ 570852.394999999552965, 176069.476199999451637 ], [ 570706.666199999861419, 176405.792600000277162 ], [ 570584.599999999627471, 176687.499900000169873 ], [ 570855.599600000306964, 176981.099700000137091 ], [ 571506.100700000301003, 176801.800200000405312 ], [ 570819.099200000055134, 177084.299699999392033 ], [ 571514.601099999621511, 178869.199400000274181 ], [ 572383.099899999797344, 179387.399900000542402 ], [ 575710.482499999925494, 179282.274700000882149 ], [ 575798.871100000105798, 179279.482200000435114 ], [ 576931.599700000137091, 179530.600099999457598 ], [ 577400.000599999912083, 179312.700699999928474 ], [ 577478.197100000455976, 178917.9046 ], [ 577839.598899999633431, 179300.599899999797344 ], [ 578854.300999999977648, 179288.300300000235438 ], [ 579340.709499999880791, 178866.448999999091029 ], [ 579423.900000000372529, 178794.299699999392033 ], [ 579633.60010000038892, 179335.200200000777841 ], [ 580000.018699999898672, 179230.044600000604987 ], [ 581369.601400000043213, 178836.998999999836087 ], [ 581715.696299999952316, 178367.401300000026822 ], [ 583578.899799999780953, 178877.899900000542402 ], [ 584812.200199999846518, 178767.699899999424815 ], [ 585497.199900000356138, 178494.899900000542402 ], [ 585634.699799999594688, 177842.199799999594688 ], [ 585876.815600000321865, 177734.714999999850988 ], [ 585615.699900000356138, 178186.899900000542402 ], [ 586631.798899999819696, 178546.700500000268221 ], [ 587837.300200000405312, 178165.299799999222159 ], [ 589080.102900000289083, 176927.104499999433756 ], [ 589266.103199999779463, 176269.002900000661612 ], [ 589345.899799999780953, 175128.799900000914931 ], [ 588481.099200000055134, 174130.295099999755621 ], [ 586068.900100000202656, 173900.799799999222159 ], [ 586127.700199999846518, 174485.999900000169873 ], [ 585575.696299999952316, 175015.601600000634789 ], [ 585773.800400000065565, 175491.095499999821186 ], [ 585195.095999999903142, 174990.498800000175834 ], [ 585088.700400000438094, 175441.799499999731779 ], [ 584651.103400000371039, 175594.096000000834465 ], [ 583917.400100000202656, 174917.399700000882149 ], [ 583260.003800000064075, 175209.698200000450015 ], [ 583114.496100000105798, 174651.29590000025928 ], [ 582843.802500000223517, 174691.304500000551343 ], [ 583079.00069999974221, 175061.299599999561906 ], [ 582780.799800000153482, 174762.400299999862909 ], [ 582813.799899999983609, 174242.899800000712276 ], [ 582166.70160000026226, 174130.704900000244379 ], [ 582144.222000000067055, 173954.061300000175834 ], [ 582111.733900000341237, 173698.77140000090003 ], [ 582084.300400000065565, 173483.200300000607967 ], [ 582057.855200000107288, 173471.078400000929832 ], [ 581702.299800000153482, 173308.100199999287724 ], [ 581569.503600000403821, 172521.195699999108911 ], [ 581235.400000000372529, 172273.199899999424815 ], [ 581808.501799999736249, 172560.703999999910593 ], [ 582112.600300000049174, 173215.900000000372529 ], [ 582611.299800000153482, 172665.700200000777841 ], [ 581640.798600000329316, 171943.401000000536442 ], [ 579999.985600000247359, 171757.71169999986887 ], [ 579269.098500000312924, 171674.997899999842048 ], [ 578380.602500000037253, 170953.004499999806285 ], [ 577219.193500000052154, 171194.794700000435114 ], [ 576593.647099999710917, 171212.581199999898672 ], [ 576202.702600000426173, 171223.697100000455976 ], [ 575593.202899999916553, 169771.502699999138713 ], [ 575130.003700000233948, 169893.19789999909699 ], [ 575605.199500000104308, 169572.899599999189377 ], [ 575367.197599999606609, 168336.403500000014901 ], [ 574505.803100000135601, 169406.797100000083447 ], [ 574476.166899999603629, 169380.026599999517202 ], [ 573999.89850000012666, 168952.434200000017881 ], [ 573532.749200000427663, 168815.251499999314547 ], [ 573470.602699999697506, 168797.001599999144673 ], [ 573568.291600000113249, 168799.403899999335408 ], [ 573978.317599999718368, 168809.486800000071526 ], [ 574039.114400000311434, 168810.981899999082088 ], [ 574125.592000000178814, 168813.108500000089407 ], [ 574149.599399999715388, 168813.698899999260902 ], [ 574168.075899999588728, 168826.100099999457598 ], [ 574572.4205, 169097.49129999987781 ], [ 574595.780299999751151, 169113.170099999755621 ], [ 574621.600200000219047, 169130.500099999830127 ], [ 574634.412700000219047, 169069.57740000076592 ], [ 574658.178199999965727, 168956.574500000104308 ], [ 574819.309999999590218, 168190.404999999329448 ], [ 575016.026200000196695, 168176.445199999958277 ], [ 575508.806400000117719, 168141.47550000064075 ], [ 575623.99930000025779, 168133.301000000908971 ], [ 576225.896599999628961, 169990.504799999296665 ], [ 576544.700299999676645, 170974.199899999424815 ], [ 577323.200899999588728, 170699.800300000235438 ], [ 577796.98450000025332, 169854.049399999901652 ], [ 577843.387799999676645, 169771.214999999850988 ], [ 578095.099700000137091, 169464.699999999254942 ], [ 578314.402900000102818, 169656.095799999311566 ], [ 578259.500199999660254, 169309.300100000575185 ], [ 579465.833300000056624, 168949.243699999526143 ], [ 579739.317699999548495, 168867.616399999707937 ], [ 579766.498300000093877, 168859.503799999132752 ], [ 579999.998399999924004, 168868.147099999710917 ], [ 580482.300200000405312, 168886.0 ], [ 580634.39989999961108, 168461.500199999660254 ], [ 580791.499800000339746, 168661.400000000372529 ], [ 581140.099799999967217, 168945.399700000882149 ], [ 580804.946899999864399, 168624.69510000012815 ], [ 580931.301900000311434, 168279.799599999561906 ], [ 582175.10329999960959, 167567.503599999472499 ], [ 582548.199900000356138, 168119.399700000882149 ], [ 582337.300099999643862, 168748.999800000339746 ], [ 583406.800200000405312, 168854.300000000745058 ], [ 583431.300099999643862, 168468.5 ], [ 582755.003200000151992, 167937.497700000181794 ], [ 582616.405500000342727, 167372.103099999949336 ], [ 582796.693400000222027, 167294.734699999913573 ], [ 582927.50040000025183, 167238.600400000810623 ], [ 583848.800099999643862, 168697.500199999660254 ], [ 583751.500300000421703, 169534.400399999693036 ], [ 584303.302000000141561, 169834.204800000414252 ], [ 585135.400999999605119, 169222.400100000202656 ], [ 585214.002000000327826, 168341.801999999210238 ], [ 585409.096599999815226, 168512.103199999779463 ], [ 585376.99930000025779, 168217.79869999922812 ], [ 585672.402599999681115, 168264.903999999165535 ], [ 585673.339499999769032, 167878.353700000792742 ], [ 585673.799100000411272, 167814.899399999529123 ], [ 585690.401399999856949, 167798.447799999266863 ], [ 586032.499900000169873, 167642.700300000607967 ], [ 585935.199400000274181, 167188.006699999794364 ], [ 586773.900999999605119, 168002.699699999764562 ], [ 587003.700199999846518, 169259.000099999830127 ], [ 587805.099899999797344, 169576.900200000032783 ], [ 588161.504099999554455, 169325.700400000438094 ], [ 587605.000500000081956, 168546.200099999085069 ], [ 587663.600200000219047, 167977.298900000751019 ], [ 588916.800999999977648, 168483.100299999117851 ], [ 589292.199300000444055, 168968.201500000432134 ], [ 588320.898900000378489, 169642.899700000882149 ], [ 588367.696600000374019, 170029.198999999091029 ], [ 588287.298999999649823, 169691.295700000599027 ], [ 588050.299999999813735, 169762.399900000542402 ], [ 588233.900000000372529, 170079.599999999627471 ], [ 587938.20160000026226, 170097.899299999698997 ], [ 587593.600700000301003, 171032.100600000470877 ], [ 587771.200100000016391, 171296.601199999451637 ], [ 587892.792700000107288, 171268.3761 ], [ 587706.709800000302494, 171855.30519999936223 ], [ 587688.798299999907613, 171911.800100000575185 ], [ 587747.395899999886751, 172609.500399999320507 ], [ 588384.400000000372529, 172450.100099999457598 ], [ 589757.096599999815226, 172927.699999999254942 ], [ 589886.502799999900162, 172639.501800000667572 ], [ 588850.10010000038892, 172469.300899999216199 ], [ 589822.599899999797344, 172557.399800000712276 ], [ 590090.899000000208616, 171985.299399999901652 ], [ 589487.099899999797344, 172224.800200000405312 ], [ 589023.401600000448525, 171842.599899999797344 ], [ 589029.553700000047684, 171829.021999999880791 ], [ 589298.877100000157952, 171234.613500000908971 ], [ 589775.903599999845028, 170181.795299999415874 ], [ 589786.778300000354648, 170173.592599999159575 ], [ 590429.497800000011921, 169688.796399999409914 ], [ 590457.166799999773502, 169827.677200000733137 ], [ 590470.698400000110269, 169895.597200000658631 ], [ 590908.601800000295043, 169717.89809999987483 ], [ 591141.895899999886751, 169473.488900000229478 ], [ 592048.300300000235438, 168523.900100000202656 ], [ 592343.803100000135601, 168660.500800000503659 ], [ 592178.893500000238419, 167205.663499999791384 ], [ 592170.2034, 167128.999199999496341 ], [ 592511.605899999849498, 166417.93019999936223 ], [ 592570.099799999967217, 166296.099799999967217 ], [ 592429.598399999551475, 166227.832000000402331 ], [ 592038.70299999974668, 166037.901200000196695 ], [ 591876.893699999898672, 165132.996700000017881 ], [ 591870.099600000306964, 165095.00139999948442 ], [ 591174.305499999783933, 164447.131999999284744 ], [ 591009.022599999792874, 164292.737199999392033 ], [ 591897.100499999709427, 164855.599899999797344 ], [ 592048.620600000023842, 165344.703999999910593 ], [ 592258.100300000049174, 166020.899800000712276 ], [ 592344.5318, 166030.642799999564886 ], [ 593582.497600000351667, 166168.624600000679493 ], [ 593589.495400000363588, 166167.8454 ], [ 596038.101700000464916, 165895.202299999073148 ], [ 595709.000199999660254, 165130.0 ], [ 596016.956100000068545, 164920.656999999657273 ], [ 595844.499900000169873, 165201.800300000235438 ], [ 596244.400700000114739, 165690.200400000438094 ], [ 597672.800099999643862, 165461.699999999254942 ], [ 599418.299899999983609, 165804.800000000745058 ], [ 600000.013000000268221, 165654.817399999126792 ], [ 600337.900200000032783, 165567.700200000777841 ], [ 601898.098699999973178, 164576.899800000712276 ], [ 601854.400600000284612, 164431.192900000140071 ], [ 601755.542799999937415, 164101.561899999156594 ], [ 601620.312699999660254, 163650.651100000366569 ], [ 601594.247100000269711, 163563.737999999895692 ], [ 601716.900000000372529, 163676.399900000542402 ], [ 602032.599700000137091, 163419.499900000169873 ], [ 602690.960799999535084, 163591.024900000542402 ], [ 602794.499699999578297, 163618.000199999660254 ], [ 602602.189500000327826, 163625.22690000012517 ], [ 602243.053999999538064, 163638.722699999809265 ], [ 601848.612499999813735, 163657.640799999237061 ], [ 601848.503399999812245, 164247.004100000485778 ], [ 603383.296799999661744, 164781.601099999621511 ], [ 605557.043899999931455, 164873.730699999257922 ], [ 608856.100200000219047, 165207.800100000575185 ], [ 609792.10190000012517, 165711.2972999997437 ], [ 610643.884499999694526, 167070.747500000521541 ], [ 610685.949199999682605, 167095.7195999994874 ], [ 610870.001899999566376, 167003.695000000298023 ], [ 610749.458999999798834, 167107.436499999836087 ], [ 610731.874400000087917, 167122.570199999958277 ], [ 610918.792500000447035, 167230.449400000274181 ], [ 611239.199300000444055, 167314.096200000494719 ], [ 612643.396200000308454, 167375.795299999415874 ], [ 612704.899100000038743, 167378.497700000181794 ], [ 613742.300300000235438, 167835.899100000038743 ], [ 614606.485299999825656, 167744.236400000751019 ], [ 614644.500199999660254, 167740.204199999570847 ], [ 615534.700000000186265, 167831.299900000914931 ], [ 616006.996000000275671, 168278.818900000303984 ], [ 616030.664599999785423, 168280.413399999961257 ], [ 618408.048499999567866, 168440.571000000461936 ], [ 619999.964100000448525, 168639.476199999451637 ], [ 620405.757799999788404, 168690.229900000616908 ], [ 620445.502600000239909, 168695.200799999758601 ], [ 622734.100300000049174, 169391.200300000607967 ], [ 624465.001199999824166, 169409.199999999254942 ], [ 624511.003100000321865, 169408.11600000038743 ], [ 627188.661299999803305, 169345.455700000748038 ], [ 628364.999200000427663, 169455.203299999237061 ], [ 629038.200400000438094, 169996.299699999392033 ], [ 631102.697100000455976, 169994.600099999457598 ], [ 631167.05460000038147, 170002.416200000792742 ], [ 631891.500099999830127, 170090.399700000882149 ], [ 632132.703599999658763, 170534.504300000146031 ], [ 632833.995699999853969, 170434.707200000062585 ], [ 632855.803700000047684, 170431.603800000622869 ], [ 634869.099200000055134, 170778.204600000753999 ], [ 634892.106800000183284, 170782.278100000694394 ], [ 635184.801500000059605, 170834.099199999123812 ], [ 635146.698800000362098, 171218.300100000575185 ], [ 635772.158200000412762, 171405.503599999472499 ], [ 635840.301400000229478, 171425.89919999986887 ], [ 636837.896099999547005, 171411.703199999406934 ], [ 636901.791699999943376, 171421.711100000888109 ], [ 638356.099999999627471, 171649.50029999949038 ], [ 639062.100300000049174, 171181.998999999836087 ], [ 639087.133799999952316, 171171.883500000461936 ], [ 639094.862999999895692, 171168.760299999266863 ], [ 639581.803000000305474, 170971.999099999666214 ], [ 639653.806400000117719, 170840.04450000077486 ], [ 639640.293999999761581, 170708.005000000819564 ], [ 639810.761199999600649, 170552.406600000336766 ], [ 639999.974399999715388, 170205.651499999687076 ], [ 640156.500199999660254, 169918.799799999222159 ], [ 639999.990000000223517, 169095.008300000801682 ], [ 639956.827100000344217, 168867.81980000063777 ], [ 639945.89879999961704, 168810.298900000751019 ], [ 639831.215599999763072, 167743.920299999415874 ], [ 639416.02309999987483, 165998.409600000828505 ], [ 639005.067300000227988, 165260.718000000342727 ], [ 638708.184899999760091, 164594.370899999514222 ], [ 638686.900500000454485, 164546.598400000482798 ], [ 638691.399699999950826, 164111.799900000914931 ], [ 638560.487900000065565, 164705.465700000524521 ], [ 638216.999900000169873, 164444.199899999424815 ], [ 638473.50069999974221, 164287.401300000026822 ], [ 637980.299999999813735, 164244.799799999222159 ], [ 638055.024799999780953, 163845.740000000223517 ], [ 637791.396300000138581, 163837.648299999535084 ], [ 637779.669800000265241, 163837.288399999961257 ], [ 637612.799899999983609, 164160.200200000777841 ], [ 635344.499900000169873, 164358.598999999463558 ], [ 634598.500300000421703, 163809.600099999457598 ], [ 634334.901800000108778, 163200.003399999812245 ], [ 634469.10010000038892, 162532.499800000339746 ], [ 634254.0011, 162809.495600000023842 ], [ 634421.699900000356138, 162508.599999999627471 ], [ 634119.599200000055134, 162614.200899999588728 ], [ 634114.956699999980628, 162283.482899999246001 ], [ 634005.395999999716878, 162038.396299999207258 ], [ 634557.734699999913573, 162408.750099999830127 ], [ 634707.396999999880791, 162509.101600000634789 ], [ 634779.802799999713898, 162526.89809999987483 ], [ 634789.465599999763072, 162498.569099999964237 ], [ 635641.719399999827147, 159999.981200000271201 ], [ 636909.058400000445545, 156284.732499999925494 ], [ 637256.419599999673665, 155308.471200000494719 ], [ 637622.654400000348687, 154165.964900000020862 ], [ 637839.317900000140071, 152429.48340000025928 ], [ 637887.722400000318885, 151758.995200000703335 ], [ 637888.0, 151755.149299999698997 ], [ 637974.961799999698997, 150506.125600000843406 ], [ 638071.55379999987781, 148865.89159999974072 ], [ 637874.599399999715388, 146157.799799999222159 ], [ 637054.252500000409782, 144601.261600000783801 ], [ 636929.267500000074506, 144478.806399999186397 ], [ 636916.800900000147521, 144449.271600000560284 ], [ 636670.635099999606609, 143873.380499999970198 ], [ 636490.400100000202656, 143531.400000000372529 ], [ 634029.199500000104308, 142215.40059999935329 ], [ 634031.753899999894202, 142135.409199999645352 ], [ 634031.849200000055134, 142132.424499999731779 ], [ 634059.192200000397861, 141276.167899999767542 ], [ 634059.010599999688566, 141178.907199999317527 ], [ 634038.027700000442564, 141332.524100000038743 ], [ 633990.019999999552965, 141713.900000000372529 ], [ 633986.186200000345707, 141714.527599999681115 ], [ 633971.484299999661744, 141716.820599999278784 ], [ 633691.315999999642372, 141760.36739999987185 ], [ 633680.888000000268221, 141727.384400000795722 ], [ 633634.096199999563396, 141729.299699999392033 ], [ 633598.11600000038743, 141438.848699999973178 ], [ 633545.893000000156462, 141475.75730000063777 ], [ 633364.90500000026077, 141611.243000000715256 ], [ 633373.544800000265241, 141597.564400000497699 ], [ 633364.731100000441074, 141603.793500000610948 ], [ 633465.630199999548495, 141446.722100000828505 ], [ 633518.536700000055134, 141361.74129999987781 ], [ 633479.055100000463426, 141353.443399999290705 ], [ 633215.193500000052154, 141299.869400000199676 ], [ 633046.841900000348687, 141266.122800000011921 ], [ 632876.1557, 141519.328700000420213 ], [ 632829.743800000287592, 141495.370799999684095 ], [ 632230.759999999776483, 141224.270999999716878 ], [ 632187.716099999845028, 141132.4682 ], [ 632126.000300000421703, 141097.100700000301003 ], [ 631988.356300000101328, 140839.134700000286102 ], [ 631979.573599999770522, 140821.996700000017881 ], [ 631949.69620000012219, 140763.696100000292063 ], [ 632451.423600000329316, 140612.715600000694394 ], [ 632673.831699999980628, 140232.896900000050664 ], [ 632603.105899999849498, 140277.991200000047684 ], [ 632349.710799999535084, 140472.312100000679493 ], [ 632327.250199999660254, 140454.664200000464916 ], [ 631826.300200000405312, 140775.499800000339746 ], [ 631759.400200000032783, 140488.604900000616908 ], [ 632153.935300000011921, 140318.486099999397993 ], [ 632052.900000000372529, 140239.099999999627471 ], [ 632812.673100000247359, 140002.56110000051558 ], [ 631952.796799999661744, 140231.597699999809265 ], [ 631186.799899999983609, 140075.600299999117851 ], [ 631061.381599999964237, 140000.024100000038743 ], [ 629611.261500000022352, 139126.191600000485778 ], [ 628601.858099999837577, 138729.037699999287724 ], [ 628420.586900000460446, 138762.316099999472499 ], [ 625620.760999999940395, 138132.590199999511242 ], [ 624577.801300000399351, 137495.499500000849366 ], [ 624167.603500000201166, 136413.101500000804663 ], [ 623234.700199999846518, 135966.099799999967217 ], [ 623249.634399999864399, 135957.687999999150634 ], [ 623220.450000000186265, 135948.849999999627471 ], [ 623893.39850000012666, 135593.699300000444055 ], [ 623847.516200000420213, 135589.869799999520183 ], [ 622745.789499999955297, 135541.938500000163913 ], [ 622741.155799999833107, 135541.736899999901652 ], [ 622682.898400000296533, 135539.20240000076592 ], [ 621676.696299999952316, 135149.603199999779463 ], [ 621654.645299999974668, 135146.927799999713898 ], [ 621649.936999999918044, 135146.356599999591708 ], [ 620000.019100000150502, 134946.18099999986589 ], [ 619007.743200000375509, 134825.793600000441074 ], [ 619001.572200000286102, 134825.044900000095367 ], [ 615611.677299999631941, 133853.634700000286102 ], [ 615597.596300000324845, 133849.595300000160933 ], [ 612818.968999999575317, 131921.189999999478459 ], [ 612802.701999999582767, 131909.900499999523163 ], [ 610289.500599999912083, 129353.900800000876188 ], [ 609049.534400000236928, 126962.759899999946356 ], [ 609040.358, 126945.064200000837445 ], [ 608964.201000000350177, 126798.203700000420213 ], [ 608216.099399999715388, 122922.903000000864267 ], [ 608218.881099999882281, 122900.413899999111891 ], [ 608439.700100000016391, 121115.199899999424815 ], [ 608797.815100000239909, 120000.017699999734759 ], [ 609626.200000000186265, 117420.398900000378489 ], [ 609465.494900000281632, 116825.61849999986589 ], [ 606766.746299999766052, 116658.362999999895692 ], [ 605466.526300000026822, 116843.831599999219179 ], [ 600724.632799999788404, 117688.9054000005126 ], [ 600706.717199999839067, 117692.258400000631809 ], [ 600000.019399999640882, 117824.518899999558926 ], [ 596003.398199999704957, 118572.498299999162555 ], [ 594882.799899999983609, 118304.900200000032783 ], [ 595080.200199999846518, 117904.499500000849366 ], [ 593357.79839999973774, 117236.699999999254942 ], [ 590631.402900000102818, 114887.903000000864267 ], [ 590614.449400000274181, 114870.846899999305606 ], [ 590606.75719999987632, 114863.1081000007689 ], [ 588779.100399999879301, 113024.39640000090003 ], [ 587914.901300000026822, 111616.599700000137091 ], [ 587162.735799999907613, 111195.111300000920892 ], [ 583701.672899999655783, 109937.519700000062585 ], [ 583503.348299999721348, 109790.527499999850988 ], [ 582355.596499999985099, 109272.697499999776483 ], [ 582195.025799999944866, 109249.919399999082088 ], [ 582169.496700000017881, 109246.297900000587106 ], [ 581110.688000000081956, 109099.500399999320507 ], [ 579999.994400000199676, 108879.813500000163913 ], [ 579154.599399999715388, 108712.600700000301003 ], [ 579135.307799999602139, 108706.594900000840425 ], [ 578596.114199999719858, 108538.733500000089407 ], [ 577458.884600000455976, 108289.332599999383092 ], [ 577434.684000000357628, 108283.813999999314547 ], [ 577021.639999999664724, 108048.569199999794364 ], [ 576318.909799999557436, 107829.5932 ], [ 574481.288499999791384, 107113.1402000002563 ], [ 574448.104100000113249, 107100.202199999243021 ], [ 573589.647699999623001, 106948.732400000095367 ], [ 573525.201200000010431, 106937.36119999922812 ], [ 571047.875599999912083, 106433.650699999183416 ], [ 571025.496799999848008, 106429.10050000064075 ], [ 567609.4375, 105019.592499999329448 ], [ 567584.667200000025332, 105009.371999999508262 ], [ 567562.20380000025034, 105000.10329999960959 ], [ 566321.524699999950826, 104200.297399999573827 ], [ 566237.799999999813735, 104156.990000000223517 ], [ 566221.74280000012368, 104135.972799999639392 ], [ 565659.000199999660254, 103773.199799999594688 ], [ 564937.979100000113249, 102563.222699999809265 ], [ 564726.664800000376999, 102067.485799999907613 ], [ 564468.459999999962747, 101620.169999999925494 ], [ 564505.481399999931455, 101548.596300000324845 ], [ 564320.580599999986589, 101114.824599999934435 ], [ 563673.566700000315905, 100661.779100000858307 ], [ 563349.501600000075996, 100498.201999999582767 ], [ 563337.252299999818206, 100485.271199999377131 ], [ 562877.536399999633431, 99999.980900000780821 ], [ 561706.5, 98763.798499999567866 ], [ 561696.387699999846518, 98752.529600000008941 ], [ 561694.387299999594688, 98750.300400000065565 ], [ 560331.299999999813735, 97231.300200000405312 ], [ 559999.999699999578297, 96604.434399999678135 ], [ 559441.300599999725819, 95547.299599999561906 ], [ 558228.799200000241399, 95209.196000000461936 ], [ 556031.339700000360608, 95528.396999999880791 ], [ 554507.399100000038743, 96532.397199999541044 ], [ 551747.773599999956787, 97665.362800000235438 ], [ 551661.700600000098348, 97700.700099999085069 ], [ 550889.202399999834597, 97308.595000000670552 ], [ 549902.121600000187755, 97542.004699999466538 ], [ 548496.403300000354648, 98388.795800000429153 ], [ 548470.529099999926984, 98409.495699999853969 ], [ 547583.434000000357628, 99117.838999999687076 ], [ 546034.970599999651313, 100000.013199999928474 ], [ 545810.021099999547005, 100128.169099999591708 ], [ 545794.002000000327826, 100137.295299999415874 ], [ 545193.000300000421703, 100101.099999999627471 ], [ 545129.716799999587238, 100032.050699999555945 ], [ 545023.5, 100021.599999999627471 ], [ 544997.15639999974519, 99982.884500000625849 ], [ 544785.201299999840558, 99911.400000000372529 ], [ 544875.128600000403821, 99803.547900000587106 ], [ 544858.697100000455976, 99776.985700000077486 ], [ 545060.623399999924004, 99552.89159999974072 ], [ 544811.999699999578297, 99809.49970000050962 ], [ 543807.350999999791384, 100000.004200000315905 ], [ 543177.70380000025034, 100119.399800000712276 ], [ 543149.705000000074506, 100127.057600000873208 ], [ 541304.419200000353158, 100631.752800000831485 ], [ 541063.298999999649823, 100697.700400000438094 ], [ 540195.216699999757111, 101038.229100000113249 ], [ 540169.797199999913573, 101048.200600000098348 ], [ 539999.997600000351667, 101120.904100000858307 ], [ 538358.82120000012219, 101823.609300000593066 ], [ 538342.14809999987483, 101826.250499999150634 ], [ 538326.796299999579787, 101793.600700000301003 ], [ 538091.14740000013262, 101824.957299999892712 ], [ 535659.234199999831617, 102605.792199999094009 ], [ 535599.545300000347197, 102631.080700000748038 ], [ 534526.659500000067055, 103085.632699999958277 ], [ 534216.097599999979138, 102723.494999999180436 ], [ 534176.800099999643862, 102705.599999999627471 ], [ 533526.596099999733269, 102820.997099999338388 ], [ 534195.903199999593198, 102726.350700000301003 ], [ 534273.083899999968708, 102810.18779999949038 ], [ 534375.793899999931455, 102966.439600000157952 ], [ 533447.050099999643862, 103044.229599999263883 ], [ 533514.401700000278652, 102677.198300000280142 ], [ 533409.199799999594688, 103047.399900000542402 ], [ 533422.098199999891222, 103180.204299999400973 ], [ 533381.085500000044703, 103196.968699999153614 ], [ 533028.63150000013411, 103341.037900000810623 ], [ 532256.520299999974668, 103545.557700000703335 ], [ 531334.384200000204146, 103768.428999999538064 ], [ 531326.710699999704957, 103770.158700000494719 ], [ 529914.546400000341237, 104088.47550000064075 ], [ 529207.86629999987781, 104218.255300000309944 ], [ 529136.019500000402331, 104226.456399999558926 ], [ 528193.28139999974519, 104334.081599999219179 ], [ 527652.711900000460446, 104418.988900000229478 ], [ 527458.496799999848008, 104449.494300000369549 ], [ 526279.532599999569356, 104545.551400000229478 ], [ 526276.554299999959767, 104546.025100000202656 ], [ 525737.297399999573827, 104631.799300000071526 ], [ 525696.344100000336766, 104633.387199999764562 ], [ 524186.854000000283122, 104691.275499999523163 ], [ 523696.10080000013113, 104653.601099999621511 ], [ 523643.517400000244379, 104521.942900000140071 ], [ 523599.634399999864399, 104514.508099999278784 ], [ 523624.299899999983609, 104687.900200000032783 ], [ 524156.687699999660254, 104916.752399999648333 ], [ 523480.302500000223517, 104746.296000000089407 ], [ 523188.699599999934435, 104962.900399999693036 ], [ 523174.322999999858439, 104962.715700000524521 ], [ 521553.799800000153482, 104941.899900000542402 ], [ 521122.953499999828637, 105224.141200000420213 ], [ 521096.297500000335276, 105241.603199999779463 ], [ 520671.201100000180304, 105953.700500000268221 ], [ 520823.330599999986589, 105161.845300000160933 ], [ 521206.099999999627471, 104942.699699999764562 ], [ 520929.297100000083447, 104713.195499999448657 ], [ 523230.119500000029802, 104871.173499999567866 ], [ 523232.984000000171363, 104867.055700000375509 ], [ 523484.167100000195205, 104269.354299999773502 ], [ 521733.198800000362098, 104468.695499999448657 ], [ 520518.57039999961853, 104247.033099999651313 ], [ 520496.596300000324845, 104243.022900000214577 ], [ 519999.985500000417233, 104096.895999999716878 ], [ 518201.853199999779463, 103567.798499999567866 ], [ 518186.461600000038743, 103563.269600000232458 ], [ 518163.103799999691546, 103556.396600000560284 ], [ 517574.857599999755621, 103324.914899999275804 ], [ 517560.164200000464916, 103319.13289999961853 ], [ 517547.103600000031292, 103313.993400000035763 ], [ 515632.2807, 102584.959799999371171 ], [ 515628.750500000081956, 102583.871700000017881 ], [ 514357.681900000199676, 102192.086899999529123 ], [ 514345.578200000338256, 102189.331399999558926 ], [ 513650.103600000031292, 102031.001900000497699 ], [ 513627.174599999561906, 102028.32740000076592 ], [ 513603.339999999850988, 102025.544700000435114 ], [ 512429.083599999547005, 101888.450999999418855 ], [ 512422.974999999627471, 101887.51799999922514 ], [ 510308.113699999637902, 101564.497899999842048 ], [ 510302.683299999684095, 101564.028999999165535 ], [ 509115.606999999843538, 101461.529500000178814 ], [ 509088.483500000089407, 101461.051400000229478 ], [ 506133.064199999906123, 101408.931199999526143 ], [ 505271.306099999696016, 101385.915400000289083 ], [ 504216.862599999643862, 101323.790300000458956 ], [ 504193.199900000356138, 101322.396099999547005 ], [ 503183.722099999897182, 101312.986300000920892 ], [ 503109.996799999848008, 101312.299000000581145 ], [ 502844.700199999846518, 101221.198999999091029 ], [ 502620.542500000447035, 101614.586100000888109 ], [ 502842.403300000354648, 101090.402499999850988 ], [ 501612.398400000296533, 101011.066400000825524 ], [ 501552.397599999792874, 101007.196299999952316 ], [ 499999.985100000165403, 100459.170499999076128 ], [ 499174.948400000110269, 100167.919600000604987 ], [ 499161.416100000031292, 100163.142500000074506 ], [ 499125.604399999603629, 100150.500399999320507 ], [ 498419.88370000012219, 100000.04450000077486 ], [ 496848.904799999669194, 99665.200799999758601 ], [ 495795.110399999655783, 99521.106899999082088 ], [ 495776.21059999987483, 99514.617000000551343 ], [ 494681.090200000442564, 99138.570000000298023 ], [ 494643.786600000225008, 99125.760600000619888 ], [ 494594.10190000012517, 99108.699699999764562 ], [ 493730.101999999955297, 98869.998099999502301 ], [ 493666.155399999581277, 98853.742799999192357 ], [ 492582.09250000026077, 98578.17200000025332 ], [ 490606.91330000013113, 97973.444099999964237 ], [ 490600.956600000150502, 97971.620200000703335 ], [ 489760.958200000226498, 97612.010900000110269 ], [ 489472.887600000016391, 97357.731599999591708 ], [ 489053.240000000223517, 97067.049000000581145 ], [ 488974.834800000302494, 96916.790400000289083 ], [ 488752.014200000092387, 96719.520600000396371 ], [ 488586.791000000201166, 96673.496999999508262 ], [ 488693.944099999964237, 96668.109400000423193 ], [ 488082.284099999815226, 96126.710400000214577 ], [ 487997.653500000014901, 96281.877399999648333 ], [ 487960.298899999819696, 96350.39919999986887 ], [ 488088.525299999862909, 96416.904999999329448 ], [ 488275.76659999974072, 96514.019300000742078 ], [ 488210.90610000025481, 96598.752100000157952 ], [ 488134.577499999664724, 96698.46680000051856 ], [ 487759.700100000016391, 97188.200899999588728 ], [ 487858.599999999627471, 97665.199799999594688 ], [ 487423.247000000439584, 97746.83559999987483 ], [ 487312.501199999824166, 97767.60219999961555 ], [ 487034.754900000058115, 97654.171000000089407 ], [ 487004.698599999770522, 97641.895999999716878 ], [ 487052.876899999566376, 97646.451400000602007 ], [ 487297.700199999846518, 97669.599899999797344 ], [ 487323.078900000080466, 97531.350199999287724 ], [ 487374.800300000235438, 97249.600099999457598 ], [ 486013.200199999846518, 97251.300100000575185 ], [ 486330.497700000181794, 97094.79619999974966 ], [ 485741.998200000263751, 96319.898000000044703 ], [ 485660.701899999752641, 96292.29590000025928 ], [ 486648.800099999643862, 96502.100099999457598 ], [ 487444.001400000415742, 95347.296399999409914 ], [ 487461.099999999627471, 95654.199799999594688 ], [ 488194.956000000238419, 96030.64949999935925 ], [ 488199.953099999576807, 96033.212899999693036 ], [ 488258.803100000135601, 96063.401399999856949 ], [ 488227.133100000210106, 96011.615299999713898 ], [ 488224.111499999649823, 96006.674399999901652 ], [ 488017.737200000323355, 95669.215500000864267 ], [ 487777.229000000283122, 95444.105000000447035 ], [ 487828.093799999915063, 95359.114700000733137 ], [ 487740.119199999608099, 95215.260500000789762 ], [ 487637.195000000298023, 95232.601999999955297 ], [ 487636.067400000058115, 95228.39949999935925 ], [ 487619.199199999682605, 95017.536100000143051 ], [ 486218.752999999560416, 92729.528999999165535 ], [ 485565.900200000032783, 92115.20160000026226 ], [ 484465.802899999544024, 93030.89949999935925 ], [ 483508.379800000227988, 93990.002800000831485 ], [ 483439.596699999645352, 94058.906600000336766 ], [ 483247.100399999879301, 94211.001700000837445 ], [ 482599.910500000230968, 94768.023499999195337 ], [ 482344.559999999590218, 95006.099999999627471 ], [ 482264.860799999907613, 95056.393200000748038 ], [ 481721.797100000083447, 95523.79590000025928 ], [ 479999.9847999997437, 96493.362800000235438 ], [ 479883.665599999949336, 96558.980900000780821 ], [ 479376.596699999645352, 96844.397900000214577 ], [ 477515.499800000339746, 97599.099700000137091 ], [ 476460.699900000356138, 98427.398700000718236 ], [ 476752.696700000204146, 99377.802699999883771 ], [ 477043.599799999967217, 99120.700099999085069 ], [ 476545.300300000235438, 98435.401200000196695 ], [ 477272.198699999600649, 98623.600199999287724 ], [ 477541.599899999797344, 99502.300300000235438 ], [ 478019.998800000175834, 99543.300200000405312 ], [ 478124.6409, 100000.007099999114871 ], [ 478266.099799999967217, 100617.400100000202656 ], [ 479166.001299999654293, 101507.503100000321865 ], [ 479805.700000000186265, 101563.799799999222159 ], [ 480000.013899999670684, 101376.199400000274181 ], [ 480405.003100000321865, 100985.202600000426173 ], [ 481510.599799999967217, 100607.199899999424815 ], [ 482187.700799999758601, 101224.304199999198318 ], [ 482878.199900000356138, 101247.097599999979138 ], [ 482881.041799999773502, 101340.1402000002563 ], [ 482895.900000000372529, 101826.599899999797344 ], [ 483614.199799999594688, 102317.700099999085069 ], [ 483438.501199999824166, 102875.700699999928474 ], [ 483927.301500000059605, 103749.401399999856949 ], [ 484057.599200000055134, 104123.300300000235438 ], [ 483797.900299999862909, 104111.399900000542402 ], [ 483844.39740000013262, 104425.897700000554323 ], [ 483695.796699999831617, 104115.596499999985099 ], [ 483754.097699999809265, 104494.797800000756979 ], [ 483371.200199999846518, 103891.000399999320507 ], [ 483239.900200000032783, 102589.400200000032783 ], [ 481511.700299999676645, 101225.700200000777841 ], [ 480633.696399999782443, 101511.60190000012517 ], [ 480707.704800000414252, 101818.403000000864267 ], [ 481205.300699999555945, 101876.298499999567866 ], [ 480077.999699999578297, 101966.099899999797344 ], [ 480000.013299999758601, 102075.431600000709295 ], [ 479704.799800000153482, 102489.301100000739098 ], [ 480000.005800000391901, 102993.297900000587106 ], [ 480172.096599999815226, 103287.103700000792742 ], [ 481008.400999999605119, 103773.104599999263883 ], [ 480297.298899999819696, 103788.500199999660254 ], [ 480501.800099999643862, 105062.195599999278784 ], [ 480234.396300000138581, 104883.596699999645352 ], [ 479999.964900000020862, 104984.436300000175834 ], [ 479596.699400000274181, 105157.899000000208616 ], [ 479744.600300000049174, 104472.099899999797344 ], [ 479386.700299999676645, 104271.900000000372529 ], [ 479981.099899999797344, 103660.499900000169873 ], [ 479590.003800000064075, 103325.20160000026226 ], [ 479224.399799999780953, 101927.599799999967217 ], [ 478125.300200000405312, 102693.100199999287724 ], [ 477775.496500000357628, 103839.995400000363588 ], [ 478081.801099999807775, 104496.643999999389052 ], [ 477900.302000000141561, 104921.195900000631809 ], [ 476938.400200000032783, 104814.596400000154972 ], [ 476618.401100000366569, 105069.30350000038743 ], [ 476335.500199999660254, 104680.300200000405312 ], [ 476695.302799999713898, 103694.996899999678135 ], [ 476992.000300000421703, 103138.999900000169873 ], [ 477127.10010000038892, 100731.00029999949038 ], [ 477052.700799999758601, 100462.801100000739098 ], [ 476837.200299999676645, 100628.104800000786781 ], [ 475361.300300000235438, 102113.599799999967217 ], [ 474589.596599999815226, 102294.797700000926852 ], [ 474865.300200000405312, 102566.599700000137091 ], [ 474588.5, 103289.800000000745058 ], [ 474880.900000000372529, 104100.399900000542402 ], [ 475222.700899999588728, 105363.799699999392033 ], [ 475429.496199999935925, 105237.49860000051558 ], [ 475277.965200000442564, 105643.406400000676513 ], [ 475270.897499999962747, 105662.338700000196695 ], [ 475251.798700000159442, 105713.499099999666214 ], [ 475275.560700000263751, 105422.24970000050962 ], [ 474895.899699999950826, 105526.099999999627471 ], [ 474728.0, 105245.300100000575185 ], [ 473934.799899999983609, 105468.499500000849366 ], [ 473592.702800000086427, 104982.898299999535084 ], [ 473547.892400000244379, 104992.349300000816584 ], [ 473472.295699999667704, 105008.293400000780821 ], [ 472302.100300000049174, 105255.099799999967217 ], [ 471823.197200000286102, 104428.197100000455976 ], [ 471680.299800000153482, 104794.400100000202656 ], [ 471383.000599999912083, 104980.999399999156594 ], [ 471498.003800000064075, 104745.69620000012219 ], [ 471239.900299999862909, 104723.901200000196695 ], [ 470877.158699999563396, 105013.952600000426173 ], [ 470418.000099999830127, 105381.099899999797344 ], [ 470733.100700000301003, 105715.799300000071526 ], [ 470435.899799999780953, 105516.2956000007689 ], [ 470435.112599999643862, 106150.382099999114871 ], [ 470435.001000000163913, 106240.298299999907613 ], [ 470420.615899999625981, 106133.567500000819564 ], [ 470309.197900000028312, 105306.895500000566244 ], [ 470278.220599999651313, 105307.003299999982119 ], [ 469100.700199999846518, 105311.100099999457598 ], [ 469056.402099999599159, 104850.196299999952316 ], [ 469019.828900000080466, 104765.968699999153614 ], [ 468971.601400000043213, 104654.901699999347329 ], [ 468982.244400000199676, 104659.30460000038147 ], [ 468991.0954, 104662.966199999675155 ], [ 469208.498700000345707, 104752.904100000858307 ], [ 469793.299800000153482, 104403.899800000712276 ], [ 469317.999699999578297, 104612.100199999287724 ], [ 468829.571000000461936, 104172.397099999710917 ], [ 468822.726999999955297, 104166.23589999973774 ], [ 468828.39989999961108, 103430.699999999254942 ], [ 468065.799800000153482, 103752.700099999085069 ], [ 467959.10010000038892, 104425.998700000345707 ], [ 467412.200100000016391, 104058.799799999222159 ], [ 466694.387500000186265, 104244.537200000137091 ], [ 464963.39879999961704, 104592.699300000444055 ], [ 464244.600899999961257, 103624.896999999880791 ], [ 464293.369900000281632, 103810.644400000572205 ], [ 464329.174200000241399, 103932.335200000554323 ], [ 463831.901300000026822, 103924.500800000503659 ], [ 463027.301099999807775, 104640.700200000777841 ], [ 463226.700000000186265, 105592.699699999764562 ], [ 462482.57120000012219, 105628.11710000038147 ], [ 462629.500599999912083, 105263.098099999129772 ], [ 462331.106100000441074, 105298.254100000485778 ], [ 462332.002299999818206, 105011.200200000777841 ], [ 462458.495500000193715, 104693.247800000011921 ], [ 462548.259899999946356, 104467.616800000891089 ], [ 462555.588399999774992, 104449.195900000631809 ], [ 462558.943799999542534, 104440.761800000444055 ], [ 461905.60080000013113, 104382.900000000372529 ], [ 460866.578300000168383, 104666.33420000039041 ], [ 459999.983099999837577, 104902.732100000604987 ], [ 459794.535600000061095, 104958.775900000706315 ], [ 459780.161500000394881, 104965.172499999403954 ], [ 459673.304399999789894, 105369.755599999800324 ], [ 459670.581500000320375, 105368.7820999994874 ], [ 458697.660500000230968, 105020.958699999377131 ], [ 458348.697900000028312, 104896.203099999576807 ], [ 458127.034799999557436, 105506.339800000190735 ], [ 458054.497600000351667, 105706.001299999654293 ], [ 458095.395700000226498, 105709.078900000080466 ], [ 458579.401600000448525, 105745.5 ], [ 458647.1705, 105975.281700000166893 ], [ 458704.472500000149012, 106169.573799999430776 ], [ 458733.50069999974221, 106267.9989 ], [ 458570.69620000012219, 105890.198599999770522 ], [ 458077.250300000421703, 105825.352099999785423 ], [ 457895.393299999646842, 105801.453299999237061 ], [ 457893.478099999949336, 105786.478900000452995 ], [ 458130.20380000025034, 105056.2972999997437 ], [ 457882.5943, 104538.029200000688434 ], [ 457880.728400000371039, 104534.123700000345707 ], [ 457949.165400000289083, 104597.117000000551343 ], [ 457991.775700000114739, 104635.39919999986887 ], [ 458105.596300000324845, 104739.8277000002563 ], [ 458109.00719999987632, 104738.99070000089705 ], [ 458790.300099999643862, 104571.800200000405312 ], [ 458790.302799999713898, 104241.401699999347329 ], [ 459317.338899999856949, 104666.113299999386072 ], [ 459347.603500000201166, 104690.502000000327826 ], [ 459835.594200000166893, 104190.395899999886751 ], [ 459948.000300000421703, 104075.199100000783801 ], [ 459947.596499999985099, 103991.440700000151992 ], [ 459944.603699999861419, 103370.599799999967217 ], [ 459627.969200000166893, 103119.065899999812245 ], [ 459610.925999999977648, 103105.526799999177456 ], [ 459465.001000000163913, 102989.604199999943376 ], [ 460000.015100000426173, 103188.621700000017881 ], [ 460260.99959999974817, 103285.70409999974072 ], [ 460614.10259999986738, 102214.800599999725819 ], [ 460667.744300000369549, 102165.872199999168515 ], [ 460704.453200000338256, 102132.38880000077188 ], [ 461834.099899999797344, 101102.000199999660254 ], [ 461314.58490000013262, 100985.488800000399351 ], [ 460973.10080000013113, 100908.904400000348687 ], [ 461090.213800000026822, 100642.272199999541044 ], [ 461134.144299999810755, 100658.118400000035763 ], [ 461842.19620000012219, 100874.604299999773502 ], [ 461947.902700000442564, 100417.497199999168515 ], [ 461982.68790000025183, 100377.533600000664592 ], [ 462013.976300000213087, 100341.587300000712276 ], [ 462311.291400000452995, 100000.011499999091029 ], [ 462358.304100000299513, 99946.000099999830127 ], [ 462215.400700000114739, 99442.904100000858307 ], [ 461538.299800000153482, 99496.800000000745058 ], [ 461635.599999999627471, 99221.600199999287724 ], [ 461372.799999999813735, 99164.199999999254942 ], [ 460980.397699999623001, 99331.296000000089407 ], [ 461139.323599999770522, 99160.488700000569224 ], [ 461295.903199999593198, 98992.203099999576807 ], [ 460817.389999999664724, 98756.286000000312924 ], [ 460923.882500000298023, 98755.355799999088049 ], [ 461216.297199999913573, 98752.801599999889731 ], [ 461642.38260000012815, 99110.999800000339746 ], [ 461778.321600000374019, 99225.279799999669194 ], [ 461817.599799999967217, 99258.299900000914931 ], [ 461839.161000000312924, 99251.781700000166893 ], [ 461893.57050000037998, 99235.333000000566244 ], [ 462379.60010000038892, 99088.400000000372529 ], [ 462609.000099999830127, 99462.199899999424815 ], [ 462671.7352, 99232.533600000664592 ], [ 461857.279699999839067, 98442.806099999696016 ], [ 461798.833399999886751, 98430.555299999192357 ], [ 460868.223899999633431, 97499.579600000753999 ], [ 460034.534900000318885, 97983.623400000855327 ], [ 460027.002799999900162, 97989.727299999445677 ], [ 460000.026700000278652, 98011.588300000876188 ], [ 459215.199799999594688, 98647.599799999967217 ], [ 458184.859899999573827, 98866.946100000292063 ], [ 457827.317200000397861, 99020.36119999922812 ], [ 457621.833200000226498, 99123.884199999272823 ], [ 456978.236499999649823, 99448.892500000074506 ], [ 456546.065200000070035, 99999.987299999222159 ], [ 455465.498999999836087, 101377.900200000032783 ], [ 455448.031200000084937, 101386.319599999114871 ], [ 453429.801599999889731, 102359.099300000816584 ], [ 453411.783900000154972, 102350.004599999636412 ], [ 453199.599899999797344, 102242.901399999856949 ], [ 451728.610999999567866, 103333.336799999698997 ], [ 451707.117600000463426, 103349.269799999892712 ], [ 448932.400200000032783, 104802.699999999254942 ], [ 448815.197599999606609, 105309.904699999839067 ], [ 449140.498200000263751, 105682.698000000789762 ], [ 448816.345499999821186, 107296.029500000178814 ], [ 448809.299700000323355, 107331.096999999135733 ], [ 448943.108900000341237, 108552.473600000143051 ], [ 448966.980399999767542, 108577.712200000882149 ], [ 449600.000099999830127, 109099.199999999254942 ], [ 449194.700799999758601, 109583.100999999791384 ], [ 449329.597199999727309, 109784.095100000500679 ], [ 449419.400299999862909, 109917.900800000876188 ], [ 449476.715300000272691, 109960.556900000199676 ], [ 450191.999699999578297, 110492.900000000372529 ], [ 450231.798799999989569, 110896.500199999660254 ], [ 451748.701299999840558, 111176.599700000137091 ], [ 451767.078900000080466, 111194.619999999180436 ], [ 452410.537499999627471, 111825.570499999448657 ], [ 451985.798600000329316, 111844.94370000064373 ], [ 452047.821600000374019, 111759.778500000014901 ], [ 452058.2027000002563, 111745.202600000426173 ], [ 451935.202899999916553, 111404.700099999085069 ], [ 450795.101099999621511, 111113.500199999660254 ], [ 450670.500199999660254, 111346.496700000017881 ], [ 450714.002199999988079, 111101.496799999848008 ], [ 450094.798999999649823, 110983.700400000438094 ], [ 450044.006799999624491, 110720.280600000172853 ], [ 450012.099399999715388, 110554.801500000059605 ], [ 449953.019899999722838, 110567.535299999639392 ], [ 449784.315700000151992, 110603.897199999541044 ], [ 449701.698300000280142, 110621.704199999570847 ], [ 448979.300099999643862, 109517.799900000914931 ], [ 449327.900100000202656, 109119.700300000607967 ], [ 448438.200199999846518, 108775.601500000804663 ], [ 448338.380800000391901, 108431.089099999517202 ], [ 448406.532700000330806, 108322.351099999621511 ], [ 448465.104000000283122, 108228.899100000038743 ], [ 448672.743700000457466, 107949.638199999928474 ], [ 448692.403900000266731, 107923.196599999442697 ], [ 448671.535500000230968, 107889.962799999862909 ], [ 448433.700000000186265, 107511.198799999430776 ], [ 448493.401100000366569, 106366.002399999648333 ], [ 448120.799399999901652, 106297.301100000739098 ], [ 448654.000300000421703, 105910.599799999967217 ], [ 448484.499699999578297, 105709.099799999967217 ], [ 447120.400200000032783, 106612.800899999216199 ], [ 444839.804399999789894, 109058.423499999567866 ], [ 444761.496799999848008, 109142.397600000724196 ], [ 443485.498300000093877, 110170.902499999850988 ], [ 443504.235100000165403, 111046.191899999976158 ], [ 443505.650299999862909, 111112.30379999987781 ], [ 443524.8136, 111125.477900000289083 ], [ 443519.901100000366569, 111144.454299999400973 ], [ 443351.700000000186265, 111794.199200000613928 ], [ 444261.599799999967217, 112688.2027000002563 ], [ 444234.725599999539554, 112724.918400000780821 ], [ 444222.836199999786913, 112741.161699999123812 ], [ 443908.800099999643862, 113170.199799999594688 ], [ 443292.599000000394881, 112982.999199999496341 ], [ 443141.597900000400841, 113241.40430000051856 ], [ 443892.400600000284612, 113784.499500000849366 ], [ 443657.533200000412762, 114748.195499999448657 ], [ 443611.439799999818206, 114936.766200000420213 ], [ 443606.646200000308454, 114956.377000000327826 ], [ 443607.946899999864399, 114932.472899999469519 ], [ 443673.999099999666214, 113718.598500000312924 ], [ 443031.303700000047684, 113479.096300000324845 ], [ 443026.435100000351667, 113408.73200000077486 ], [ 443026.235799999907613, 113405.852299999445677 ], [ 443000.500199999660254, 113033.903699999675155 ], [ 443859.503600000403821, 112612.004499999806285 ], [ 443108.450199999846518, 111907.628200000151992 ], [ 443108.904799999669194, 111890.949300000444055 ], [ 443137.500099999830127, 110841.800100000575185 ], [ 442795.700299999676645, 110777.199799999594688 ], [ 443110.600200000219047, 110701.399800000712276 ], [ 442815.497499999590218, 110056.196100000292063 ], [ 442549.600999999791384, 110516.299399999901652 ], [ 442777.702100000344217, 109461.196399999782443 ], [ 442335.501699999906123, 110044.399700000882149 ], [ 442362.700299999676645, 110735.899700000882149 ], [ 442240.000199999660254, 110260.79869999922812 ], [ 442043.900299999862909, 110853.39919999986887 ], [ 441112.299300000071526, 111394.901200000196695 ], [ 441035.980000000447035, 111431.612900000065565 ], [ 441006.093700000084937, 111445.989099999889731 ], [ 439999.96860000025481, 111929.963600000366569 ], [ 439438.422199999913573, 112200.083300000056624 ], [ 439401.596900000236928, 112217.7972999997437 ], [ 439397.031700000166893, 112214.849300000816584 ], [ 438700.700799999758601, 111765.196900000795722 ], [ 437738.013700000010431, 112418.547100000083447 ], [ 437727.010999999940395, 112436.212899999693036 ], [ 437108.0329, 113475.896099999547005 ], [ 437099.584400000050664, 113490.086799999698997 ], [ 437051.850700000301003, 113570.264000000432134 ], [ 436998.858300000429153, 113659.274100000038743 ], [ 436978.74129999987781, 113693.064099999144673 ], [ 436733.198300000280142, 114105.496999999508262 ], [ 436728.427500000223517, 114124.135900000110269 ], [ 436694.293200000189245, 114257.495799999684095 ], [ 436451.901200000196695, 114063.900100000202656 ], [ 436868.799899999983609, 113604.60050000064075 ], [ 436877.297600000165403, 113562.552600000053644 ], [ 436885.816100000403821, 113520.401699999347329 ], [ 437071.097400000318885, 112603.596899999305606 ], [ 436717.998700000345707, 113128.294800000265241 ], [ 436765.300099999643862, 112699.699699999764562 ], [ 436777.599600000306964, 112631.499199999496341 ], [ 437940.360999999567866, 111705.320699999108911 ], [ 437958.599899999797344, 111690.792799999937415 ], [ 438609.100300000049174, 111351.699899999424815 ], [ 439336.403199999593198, 111546.799399999901652 ], [ 439999.99930000025779, 111184.895800000056624 ], [ 440408.896099999547005, 110961.896800000220537 ], [ 440486.134800000116229, 110747.85840000025928 ], [ 440756.903599999845028, 110776.199999999254942 ], [ 440861.495900000445545, 110404.347899999469519 ], [ 440885.501799999736249, 110319.000800000503659 ], [ 442266.292500000447035, 108783.330600000917912 ], [ 442487.599999999627471, 108537.199699999764562 ], [ 442260.299899999983609, 108221.5 ], [ 442620.196700000204146, 107908.001000000163913 ], [ 442651.684600000269711, 107876.507500000298023 ], [ 443143.403599999845028, 107384.700799999758601 ], [ 443167.247299999929965, 107372.132099999114871 ], [ 443172.587600000202656, 107369.316999999806285 ], [ 443437.581100000068545, 107227.970100000500679 ], [ 443791.700000000186265, 106920.899800000712276 ], [ 443623.299999999813735, 106794.499800000339746 ], [ 444202.102400000207126, 106572.80320000089705 ], [ 443964.800800000317395, 106227.601199999451637 ], [ 444274.299999999813735, 106381.300100000575185 ], [ 445665.200100000016391, 105603.100199999287724 ], [ 445120.700899999588728, 105016.599999999627471 ], [ 445737.802699999883771, 105421.7027000002563 ], [ 445574.900200000032783, 104909.199899999424815 ], [ 445818.801199999637902, 105399.49970000050962 ], [ 446412.799899999983609, 105186.499900000169873 ], [ 446952.902099999599159, 104426.197599999606609 ], [ 446549.702100000344217, 104082.895899999886751 ], [ 446634.300400000065565, 103204.301400000229478 ], [ 447562.302799999713898, 103329.901399999856949 ], [ 447401.600200000219047, 102923.900200000032783 ], [ 447713.275799999944866, 103305.461300000548363 ], [ 447839.7182, 102759.843499999493361 ], [ 447463.300099999643862, 102925.400000000372529 ], [ 447862.964200000278652, 102659.533500000834465 ], [ 447886.148900000378489, 102559.487999999895692 ], [ 447639.563299999572337, 102191.893300000578165 ], [ 447614.171299999579787, 102158.610799999907613 ], [ 447575.049700000323355, 102107.201400000602007 ], [ 447586.819299999624491, 102110.260500000789762 ], [ 447578.900000000372529, 102099.599999999627471 ], [ 447606.521800000220537, 102115.381400000303984 ], [ 448184.223000000230968, 102265.5329 ], [ 448125.899699999950826, 102347.099899999797344 ], [ 448195.052500000223517, 102451.631100000813603 ], [ 448209.928000000305474, 102460.130000000819564 ], [ 448517.858099999837577, 102377.597200000658631 ], [ 448668.949500000104308, 102195.498500000685453 ], [ 448659.208200000226498, 102158.101999999955297 ], [ 448424.703200000338256, 102036.301699999719858 ], [ 448570.763700000010431, 101818.567199999466538 ], [ 448562.50800000037998, 101786.873999999836087 ], [ 448572.659799999557436, 101815.74070000089705 ], [ 448601.600399999879301, 101772.598500000312924 ], [ 448882.042799999937415, 102417.6706000007689 ], [ 448899.264299999922514, 102403.692600000649691 ], [ 448806.10329999960959, 101928.502599999308586 ], [ 447464.600200000219047, 100593.900299999862909 ], [ 447155.857400000095367, 100000.014599999412894 ], [ 446792.510400000028312, 99301.094399999827147 ], [ 446454.416400000452995, 98691.435499999672174 ], [ 445739.098799999803305, 98470.99970000050962 ], [ 445614.221199999563396, 98480.410099999979138 ], [ 445587.403699999675155, 98482.43099999986589 ], [ 443213.799899999983609, 98661.298900000751019 ], [ 442146.300099999643862, 98376.700600000098348 ], [ 441871.799800000153482, 98581.699999999254942 ], [ 442356.700000000186265, 98479.300200000405312 ], [ 441776.496100000105798, 98732.597400000318885 ], [ 442030.5, 99259.799699999392033 ], [ 441825.533900000154972, 100000.011600000783801 ], [ 441744.100200000219047, 100294.099899999797344 ], [ 441384.896900000050664, 100508.799000000581145 ], [ 441519.497499999590218, 100755.998199999332428 ], [ 440964.600499999709427, 100243.40059999935329 ], [ 441024.299999999813735, 100996.199699999764562 ], [ 440506.299899999983609, 101048.499800000339746 ], [ 440315.99959999974817, 101442.301100000739098 ], [ 439999.995799999684095, 101353.346400000154972 ], [ 439834.999200000427663, 101306.900100000202656 ], [ 439677.399299999698997, 101917.098899999633431 ], [ 438933.799899999983609, 102434.000900000333786 ], [ 438753.200100000016391, 102323.598799999803305 ], [ 439045.39989999961108, 102266.799900000914931 ], [ 439153.800099999643862, 101708.799900000914931 ], [ 439587.803399999625981, 101761.200500000268221 ], [ 439555.800099999643862, 101348.600299999117851 ], [ 439999.997200000099838, 101186.610999999567866 ], [ 440939.201899999752641, 100844.103000000119209 ], [ 440769.400200000032783, 100203.699999999254942 ], [ 441510.0, 100225.800000000745058 ], [ 441551.039499999955297, 100000.02250000089407 ], [ 441705.003200000151992, 99152.997099999338388 ], [ 441479.302199999801815, 98429.304500000551343 ], [ 442540.399799999780953, 97585.00029999949038 ], [ 442937.000199999660254, 97660.299900000914931 ], [ 442876.856200000271201, 97622.648399999365211 ], [ 442554.235600000247359, 97502.381699999794364 ], [ 442550.995900000445545, 97501.099899999797344 ], [ 442292.298899999819696, 97320.101700000464916 ], [ 442297.660299999639392, 97321.38230000063777 ], [ 442286.259999999776483, 97313.339999999850988 ], [ 442320.790699999779463, 97326.906999999657273 ], [ 442456.050200000405312, 97359.214099999517202 ], [ 441082.424200000241399, 96499.292600000277162 ], [ 440922.69539999961853, 96454.857200000435114 ], [ 440904.06290000025183, 96449.784900000318885 ], [ 440000.002600000239909, 96254.608200000599027 ], [ 438034.599499999545515, 95830.299300000071526 ], [ 437830.799100000411272, 96276.799699999392033 ], [ 437655.191100000403821, 95714.376800000667572 ], [ 434394.701100000180304, 94961.596799999475479 ], [ 433242.361299999989569, 95477.628200000151992 ], [ 432869.496799999848008, 95644.601299999281764 ], [ 432920.909699999727309, 95781.320900000631809 ], [ 432996.599999999627471, 95982.600199999287724 ], [ 432762.527400000020862, 96047.770999999716878 ], [ 432766.264600000344217, 96028.760900000110269 ], [ 432768.745699999853969, 95925.078400000929832 ], [ 432776.799999999813735, 95588.50029999949038 ], [ 433422.401100000366569, 94952.799699999392033 ], [ 433137.000199999660254, 94453.20130000077188 ], [ 433545.200199999846518, 94538.199699999764562 ], [ 433544.602400000207126, 93987.595599999651313 ], [ 433212.599899999797344, 93754.099899999797344 ], [ 432739.70299999974668, 94049.69789999909699 ], [ 432889.49930000025779, 93681.303300000727177 ], [ 432472.629599999636412, 93473.808800000697374 ], [ 432459.336199999786913, 93467.192099999636412 ], [ 432475.849299999885261, 93472.204700000584126 ], [ 432950.816700000315905, 93616.38289999961853 ], [ 433018.097500000149012, 93637.195900000631809 ], [ 433186.601800000295043, 93150.895099999383092 ], [ 432172.896300000138581, 92031.695499999448657 ], [ 431679.799800000153482, 92108.100199999287724 ], [ 431550.598299999721348, 91671.625800000503659 ], [ 431536.501199999824166, 91624.002199999988079 ], [ 431129.203499999828637, 91367.895500000566244 ], [ 430630.33420000039041, 91518.564400000497699 ], [ 430805.297600000165403, 91351.600299999117851 ], [ 430374.400200000032783, 91039.600099999457598 ], [ 429778.500599999912083, 90984.699300000444055 ], [ 431628.185499999672174, 89759.02170000039041 ], [ 431538.785799999721348, 90495.357499999925494 ], [ 431776.17850000038743, 90234.301200000569224 ], [ 431973.72649999987334, 89929.174699999392033 ], [ 431782.410000000149012, 89702.502000000327826 ], [ 431502.406000000424683, 89705.281999999657273 ], [ 429601.940799999982119, 91041.741399999707937 ], [ 429539.671299999579787, 91085.106799999251962 ], [ 429484.396399999968708, 91121.595899999141693 ], [ 426339.180499999783933, 92206.019600000232458 ], [ 426192.389600000344217, 92257.430400000885129 ], [ 424998.225999999791384, 92688.108999999240041 ], [ 424338.871199999935925, 92769.756899999454618 ], [ 424218.012199999764562, 92803.213199999183416 ], [ 421848.277300000190735, 93120.833399999886751 ], [ 421791.803700000047684, 93128.401599999517202 ], [ 420000.005699999630451, 92864.478099999949336 ], [ 419703.889899999834597, 92820.861600000411272 ], [ 418368.899500000290573, 91638.298100000247359 ], [ 418342.344399999827147, 91619.183399999514222 ], [ 418282.222099999897182, 91598.951500000432134 ], [ 418204.898900000378489, 92103.699999999254942 ], [ 417447.199099999852479, 92006.300400000065565 ], [ 417240.10010000038892, 92313.900100000202656 ], [ 417211.700299999676645, 91578.499800000339746 ], [ 416895.399799999780953, 91768.800200000405312 ], [ 417016.601099999621511, 91496.299499999731779 ], [ 416731.099799999967217, 91550.400200000032783 ], [ 416633.155199999921024, 92169.412499999627471 ], [ 416288.600200000219047, 92324.100099999457598 ], [ 416366.040000000037253, 92036.146199999377131 ], [ 416366.78139999974519, 92033.389200000092387 ], [ 416543.599700000137091, 91375.903200000524521 ], [ 416976.500199999660254, 91193.900100000202656 ], [ 416635.205400000326335, 91164.597500000149012 ], [ 416796.599399999715388, 91025.303600000217557 ], [ 417953.001299999654293, 90965.700200000777841 ], [ 417736.900100000202656, 90898.000099999830127 ], [ 418026.088899999856949, 90682.00730000063777 ], [ 418259.499800000339746, 91355.598899999633431 ], [ 418371.059100000187755, 91548.301799999549985 ], [ 418090.416000000201166, 90525.891000000759959 ], [ 417829.25899999961257, 90187.724999999627471 ], [ 416557.622999999672174, 90746.752000000327826 ], [ 416430.772599999792874, 90767.464600000530481 ], [ 416384.5, 90786.800000000745058 ], [ 414033.40749999973923, 91171.308499999344349 ], [ 413565.697999999858439, 91247.799900000914931 ], [ 413059.373999999836087, 91257.185200000181794 ], [ 412023.2659, 91202.626900000497699 ], [ 411540.397699999623001, 91177.200600000098348 ], [ 411122.496700000017881, 91105.000800000503659 ], [ 411095.322499999776483, 91100.937599999830127 ], [ 409634.794599999673665, 90882.554300000891089 ], [ 409612.999200000427663, 90879.295399999246001 ], [ 408836.297899999655783, 90653.799900000914931 ], [ 408620.497800000011921, 90570.720799999311566 ], [ 407093.10219999961555, 89982.701500000432134 ], [ 406989.495900000445545, 89910.052200000733137 ], [ 405707.199900000356138, 89010.899800000712276 ], [ 403782.999900000169873, 87004.800300000235438 ], [ 403537.700000000186265, 87442.599700000137091 ], [ 404333.600300000049174, 87719.199699999764562 ], [ 404889.499800000339746, 88503.598999999463558 ], [ 403812.201200000010431, 89676.899399999529123 ], [ 403569.886699999682605, 89429.955399999395013 ], [ 403529.450600000098348, 89389.488399999216199 ], [ 403523.276999999769032, 89383.310100000351667 ], [ 403539.021499999798834, 89409.949799999594688 ], [ 403757.802099999971688, 89756.796800000593066 ], [ 403619.973799999803305, 89583.016100000590086 ], [ 403463.399799999780953, 89385.599899999797344 ], [ 403400.700199999846518, 89809.701500000432134 ], [ 403650.896599999628961, 89725.595599999651313 ], [ 403699.60010000038892, 89770.502800000831485 ], [ 403715.785500000230968, 90059.906600000336766 ], [ 403714.287299999967217, 90063.623099999502301 ], [ 403674.536299999803305, 90177.787299999967217 ], [ 403661.289900000207126, 90186.591499999165535 ], [ 403608.7972999997437, 90209.097200000658631 ], [ 403356.80350000038743, 89856.398199999704957 ], [ 402893.002299999818206, 90257.403400000184774 ], [ 403089.597500000149012, 90626.297800000756979 ], [ 402702.2489, 90679.869400000199676 ], [ 402024.500300000421703, 90089.100700000301003 ], [ 400667.087500000372529, 90315.85700000077486 ], [ 400830.999800000339746, 91024.100099999457598 ], [ 401186.299399999901652, 91187.896999999880791 ], [ 400642.599799999967217, 91532.599999999627471 ], [ 400637.255099999718368, 92213.60249999910593 ], [ 400172.799899999983609, 92255.599999999627471 ], [ 400000.0, 92244.062899999320507 ], [ 399738.370799999684095, 92226.595000000670552 ], [ 400000.0, 92261.044999999925494 ], [ 400149.301599999889731, 92280.704199999570847 ], [ 400663.800099999643862, 92242.100199999287724 ], [ 400380.897199999541044, 93098.499399999156594 ], [ 400000.0, 92921.100199999287724 ], [ 399366.803999999538064, 92626.195299999788404 ], [ 399353.864299999549985, 92565.664499999955297 ], [ 399262.100200000219047, 92136.400100000202656 ], [ 399705.898699999786913, 92221.401200000196695 ], [ 399291.199900000356138, 91886.0 ], [ 399580.903500000014901, 91915.598699999973178 ], [ 399872.699799999594688, 90903.100299999117851 ], [ 400000.0, 90903.119500000029802 ], [ 400534.300099999643862, 90903.200099999085069 ], [ 400479.599899999797344, 90394.400100000202656 ], [ 400576.429999999701977, 90289.78999999910593 ], [ 400953.504200000315905, 90065.705299999564886 ], [ 401024.7652000002563, 90023.356899999082088 ], [ 401026.654500000178814, 90009.054099999368191 ], [ 401048.800300000235438, 89841.399800000712276 ], [ 400337.099700000137091, 89740.699999999254942 ], [ 400078.500199999660254, 90128.699699999764562 ], [ 400000.0, 90124.021800000220537 ], [ 399350.198699999600649, 90085.299799999222159 ], [ 397256.099899999797344, 91050.399900000542402 ], [ 397622.200100000016391, 91467.199899999424815 ], [ 397529.539800000376999, 91741.058599999174476 ], [ 397500.798299999907613, 91826.004399999976158 ], [ 398199.501299999654293, 92191.199899999424815 ], [ 397612.296299999579787, 92030.595799999311566 ], [ 397640.701000000350177, 92280.903400000184774 ], [ 397091.499900000169873, 92478.00029999949038 ], [ 396569.32010000012815, 91852.726299999281764 ], [ 396567.113400000147521, 91850.084000000730157 ], [ 396604.436200000345707, 91787.79079999960959 ], [ 396792.950199999846518, 91529.540100000798702 ], [ 396853.899400000460446, 91836.200699999928474 ], [ 397121.401800000108778, 91652.004200000315905 ], [ 397101.514600000344217, 91577.45549999922514 ], [ 396979.400100000202656, 91119.699200000613928 ], [ 397217.189399999566376, 91152.974700000137091 ], [ 396781.903199999593198, 90878.09569999948144 ], [ 397157.003999999724329, 90490.896600000560284 ], [ 396170.4989, 90910.896299999207258 ], [ 395655.100200000219047, 90770.996400000527501 ], [ 395092.700299999676645, 90034.599799999967217 ], [ 395058.099899999797344, 89782.600199999287724 ], [ 396026.202100000344217, 89556.304099999368191 ], [ 395000.095999999903142, 89493.202099999412894 ], [ 395077.60010000038892, 88700.700099999085069 ], [ 394218.002500000409782, 88188.195699999108911 ], [ 394488.49930000025779, 88307.801400000229478 ], [ 394556.602400000207126, 87678.101700000464916 ], [ 394145.503700000233948, 87885.402400000020862 ], [ 394359.801300000399351, 87407.399800000712276 ], [ 395453.000300000421703, 87455.199999999254942 ], [ 396245.496000000275671, 88909.299300000071526 ], [ 397058.0, 89266.900299999862909 ], [ 397280.200000000186265, 89726.500099999830127 ], [ 398242.399799999780953, 89756.900000000372529 ], [ 398818.800200000405312, 89105.00029999949038 ], [ 397751.102300000376999, 89165.396199999377131 ], [ 398035.201299999840558, 89061.598999999463558 ], [ 397957.099899999797344, 88602.800200000405312 ], [ 398255.600200000219047, 88731.799900000914931 ], [ 398400.799899999983609, 87892.900200000032783 ], [ 398127.599899999797344, 87692.700300000607967 ], [ 398368.203499999828637, 87555.196900000795722 ], [ 397488.900100000202656, 86762.299000000581145 ], [ 396818.503299999982119, 86866.600199999287724 ], [ 396374.299899999983609, 86482.400000000372529 ], [ 396812.799899999983609, 86595.199100000783801 ], [ 396484.100499999709427, 86470.798499999567866 ], [ 396752.599799999967217, 86045.099700000137091 ], [ 396808.996500000357628, 86493.300899999216199 ], [ 397615.700799999758601, 86605.399399999529123 ], [ 398318.489099999889731, 87192.484300000593066 ], [ 398349.396499999798834, 87218.303300000727177 ], [ 398316.305200000293553, 87177.451199999079108 ], [ 397989.903599999845028, 86774.500399999320507 ], [ 398194.900399999693036, 86873.500900000333786 ], [ 398216.529400000348687, 86490.320000000298023 ], [ 397785.289200000464916, 85974.870799999684095 ], [ 397965.0329, 86042.05350000038743 ], [ 398014.269999999552965, 86060.456800000742078 ], [ 398059.600200000219047, 86077.399900000542402 ], [ 398337.902900000102818, 85883.795299999415874 ], [ 398169.398599999956787, 85367.703099999576807 ], [ 398485.100999999791384, 85865.100400000810623 ], [ 398258.499900000169873, 86118.50029999949038 ], [ 398456.10010000038892, 86439.099799999967217 ], [ 398609.899799999780953, 86286.899700000882149 ], [ 398536.89740000013262, 86939.003299999982119 ], [ 399287.000099999830127, 87013.900900000706315 ], [ 399813.499800000339746, 86461.099899999797344 ], [ 399179.598899999633431, 86060.904400000348687 ], [ 399430.300099999643862, 86116.899399999529123 ], [ 399419.101599999703467, 85694.910199999809265 ], [ 399589.499900000169873, 86194.899800000712276 ], [ 400000.0, 86287.128699999302626 ], [ 400196.600300000049174, 86331.299799999222159 ], [ 400393.701000000350177, 85969.700500000268221 ], [ 400000.0, 85701.608999999240041 ], [ 399962.10010000038892, 85675.801000000908971 ], [ 400000.0, 85641.114000000059605 ], [ 400397.403699999675155, 85277.399700000882149 ], [ 400667.000599999912083, 85894.60080000013113 ], [ 401624.400799999944866, 86366.298599999397993 ], [ 401138.198800000362098, 85582.900800000876188 ], [ 401454.502999999560416, 84910.80379999987781 ], [ 401883.303899999707937, 85054.302799999713898 ], [ 401636.299100000411272, 84400.099999999627471 ], [ 402020.500799999572337, 84955.100099999457598 ], [ 402349.200199999846518, 84537.500099999830127 ], [ 402138.000300000421703, 85528.900100000202656 ], [ 402676.297399999573827, 85647.302999999374151 ], [ 402827.499900000169873, 86139.200200000777841 ], [ 403059.89879999961704, 85854.403699999675155 ], [ 403640.598500000312924, 86720.095899999141693 ], [ 404193.42090000025928, 85961.795800000429153 ], [ 404210.360000000335276, 85927.995100000873208 ], [ 403467.799300000071526, 84084.700099999085069 ], [ 403537.423200000077486, 83687.530500000342727 ], [ 403500.411000000312924, 83378.79700000025332 ], [ 403618.751199999824166, 83223.595200000330806 ], [ 403673.899799999780953, 82908.999900000169873 ], [ 404280.001500000245869, 82336.199799999594688 ], [ 405486.799499999731779, 82486.798800000920892 ], [ 404978.329900000244379, 81521.774700000882149 ], [ 404823.121100000105798, 81249.227900000289083 ], [ 404604.536999999545515, 81186.957800000905991 ], [ 404071.273699999786913, 81055.038899999111891 ], [ 403369.49309999961406, 79999.979499999433756 ], [ 403138.499900000169873, 79652.299599999561906 ], [ 403146.8909, 79622.577099999412894 ], [ 403124.502000000327826, 79588.514000000432134 ], [ 403240.0, 78733.310000000521541 ], [ 403402.031499999575317, 78718.832499999552965 ], [ 403420.900600000284612, 78651.995400000363588 ], [ 404052.099799999967217, 78640.699300000444055 ], [ 403923.368400000035763, 78487.082699999213219 ], [ 403571.179999999701977, 78222.030999999493361 ], [ 403569.211199999786913, 78064.462799999862909 ], [ 403451.003299999982119, 77923.403999999165535 ], [ 403541.221599999815226, 77197.942700000479817 ], [ 402859.735999999567866, 76809.273000000044703 ], [ 400936.10259999986738, 76799.276300000026822 ], [ 398230.809999999590218, 76587.300000000745058 ], [ 398212.884999999776483, 76574.271099999547005 ], [ 397289.403199999593198, 75606.097300000488758 ], [ 396895.069299999624491, 75460.460999999195337 ], [ 396176.368599999696016, 75204.784800000488758 ], [ 395877.536700000055134, 75547.682499999180436 ], [ 395713.140599999576807, 75756.592700000852346 ], [ 395610.700500000268221, 77053.902899999171495 ], [ 395564.39670000039041, 77047.17820000089705 ], [ 395556.900999999605119, 77115.246999999508262 ], [ 395147.746000000275671, 76986.668199999257922 ], [ 394935.199799999594688, 76955.800200000405312 ], [ 394731.718999999575317, 77199.754200000315905 ], [ 394661.275000000372529, 77308.814999999478459 ], [ 393513.737099999561906, 77429.032199999317527 ], [ 393132.559999999590218, 77606.069900000467896 ], [ 392864.028400000184774, 77497.096400000154972 ], [ 392804.400999999605119, 77503.343000000342727 ], [ 392826.638700000010431, 77853.6722999997437 ], [ 392770.677099999971688, 77517.173499999567866 ], [ 391091.095999999903142, 78292.198400000110269 ], [ 390716.386400000192225, 78980.718599999323487 ], [ 390653.200000000186265, 79184.099999999627471 ], [ 390616.022499999962747, 79165.134999999776483 ], [ 390585.400999999605119, 79221.401300000026822 ], [ 389762.399799999780953, 78764.600199999287724 ], [ 389663.313799999654293, 78856.74100000038743 ], [ 389669.290000000037253, 78990.599999999627471 ], [ 389517.342600000090897, 78992.480699999257922 ], [ 388933.5, 79535.399800000712276 ], [ 387337.545599999837577, 79491.543700000271201 ], [ 386834.059999999590218, 79485.381799999624491 ], [ 387020.298799999989569, 79851.199899999424815 ], [ 386996.755599999800324, 79871.822799999266863 ], [ 386998.509999999776483, 79875.46000000089407 ], [ 386811.348299999721348, 79991.496400000527501 ], [ 386798.666299999691546, 80000.011499999091029 ], [ 386438.225700000301003, 80242.023700000718236 ], [ 386435.757299999706447, 80243.68099999986589 ], [ 385438.299200000241399, 80315.400000000372529 ], [ 384503.902400000020862, 80074.298299999907613 ], [ 384483.723799999803305, 80051.963400000706315 ], [ 384478.339999999850988, 80050.53999999910593 ], [ 384476.899799999780953, 80036.131799999624491 ], [ 384451.324099999852479, 79999.982100000604987 ], [ 384233.002600000239909, 79691.397900000214577 ], [ 383652.044800000265241, 79651.080199999734759 ], [ 383148.593100000172853, 79635.825200000777841 ], [ 382817.999200000427663, 79675.334499999880791 ], [ 382691.388799999840558, 79907.528599999845028 ], [ 382689.899699999950826, 79989.898900000378489 ], [ 382667.301400000229478, 79966.441600000485778 ], [ 382665.209999999962747, 79993.839999999850988 ], [ 382653.385300000198185, 79977.224199999123812 ], [ 382641.692999999970198, 79998.666999999433756 ], [ 382538.865699999965727, 79833.123800000175834 ], [ 382442.192300000227988, 79732.775699999183416 ], [ 381777.015100000426173, 79957.376700000837445 ], [ 381656.342199999839067, 79999.989199999719858 ], [ 380778.999099999666214, 80309.800400000065565 ], [ 379999.971699999645352, 80386.782800000160933 ], [ 377162.159699999727309, 80667.937599999830127 ], [ 376138.499200000427663, 81421.299799999222159 ], [ 374235.099799999967217, 81318.301000000908971 ], [ 372260.300099999643862, 81962.299000000581145 ], [ 372199.232400000095367, 81948.486400000751019 ], [ 372181.0, 81954.400000000372529 ], [ 371912.816499999724329, 81883.703400000929832 ], [ 371017.662399999797344, 81684.020099999383092 ], [ 371012.060999999754131, 81685.340099999681115 ], [ 370155.899699999950826, 81887.100299999117851 ], [ 368908.041899999603629, 80867.052799999713898 ], [ 368698.2027000002563, 80594.599300000816584 ], [ 368685.135599999688566, 80568.427500000223517 ], [ 368401.347900000400841, 80000.035499999299645 ], [ 368074.999699999578297, 79346.400200000032783 ], [ 368221.201200000010431, 78866.504000000655651 ], [ 368689.849799999967217, 78907.323000000789762 ], [ 368692.881599999964237, 78906.357100000604987 ], [ 368198.299700000323355, 78403.200300000607967 ], [ 368199.219899999909103, 78377.827899999916553 ], [ 368193.299999999813735, 78374.779999999329448 ], [ 368279.186700000427663, 78139.203900000080466 ], [ 368286.715800000354648, 78118.265300000086427 ], [ 368289.049999999813735, 78112.150000000372529 ], [ 368961.362599999643862, 77759.475400000810623 ], [ 369418.111800000071526, 77513.280500000342727 ], [ 369214.814899999648333, 77601.95920000039041 ], [ 368258.196700000204146, 78044.799200000241399 ], [ 368235.096199999563396, 78029.315500000491738 ], [ 368092.270100000314415, 77906.302999999374151 ], [ 367196.002000000327826, 77158.20299999974668 ], [ 367094.002399999648333, 77003.697200000286102 ], [ 366726.701399999670684, 76209.30460000038147 ], [ 366651.696100000292063, 76195.598500000312924 ], [ 365566.279400000348687, 76934.414000000804663 ], [ 364788.701200000010431, 77642.199799999594688 ], [ 365016.099100000225008, 78244.801000000908971 ], [ 364616.298999999649823, 78692.499800000339746 ], [ 364233.502600000239909, 78612.697200000286102 ], [ 364124.900000000372529, 79181.199899999424815 ], [ 363901.381000000052154, 79114.372400000691414 ], [ 363752.299800000153482, 79069.800200000405312 ], [ 363485.501000000163913, 79923.500700000673532 ], [ 362481.000199999660254, 79886.999900000169873 ], [ 362364.340400000102818, 79999.974999999627471 ], [ 361505.796799999661744, 80831.401699999347329 ], [ 361273.000099999830127, 80720.900000000372529 ], [ 361061.60080000013113, 81005.401200000196695 ], [ 361422.604399999603629, 81029.30460000038147 ], [ 361529.996600000187755, 81386.50139999948442 ], [ 360626.699699999764562, 81387.300899999216199 ], [ 360461.098100000061095, 82312.89750000089407 ], [ 360000.001199999824166, 82198.971599999815226 ], [ 359769.403400000184774, 82141.996400000527501 ], [ 357786.499800000339746, 83443.299799999222159 ], [ 357806.799200000241399, 83985.299499999731779 ], [ 356871.5, 83998.299699999392033 ], [ 360000.006099999882281, 81408.009500000625849 ], [ 361700.635700000450015, 79999.949500000104308 ], [ 363526.886300000362098, 78487.879799999296665 ], [ 364524.941300000064075, 77661.526200000196695 ], [ 366821.198800000362098, 75483.802699999883771 ], [ 366853.79839999973774, 75961.198899999260902 ], [ 367407.809100000187755, 74849.784900000318885 ], [ 367478.200000000186265, 74693.300000000745058 ], [ 367482.835099999792874, 74691.6706000007689 ], [ 368513.900500000454485, 74379.599300000816584 ], [ 368670.333899999968708, 74432.643500000238419 ], [ 368800.879999999888241, 74404.099999999627471 ], [ 368863.035099999979138, 74497.985600000247359 ], [ 369010.757699999958277, 74548.076099999248981 ], [ 368992.599999999627471, 74495.699999999254942 ], [ 369325.428199999965727, 74635.596599999815226 ], [ 369027.700100000016391, 74495.895099999383092 ], [ 369173.271900000050664, 74421.707000000402331 ], [ 369118.71999999973923, 74375.96000000089407 ], [ 369240.59389999974519, 74387.39750000089407 ], [ 369406.197800000198185, 74303.00029999949038 ], [ 370179.519500000402331, 74472.353399999439716 ], [ 369738.901300000026822, 74232.500199999660254 ], [ 369789.542999999597669, 74149.835100000724196 ], [ 369756.599999999627471, 74123.400000000372529 ], [ 370353.910199999809265, 72978.700899999588728 ], [ 370645.701200000010431, 72241.900200000032783 ], [ 370462.101599999703467, 71525.295399999246001 ], [ 369652.898299999535084, 70780.898499999195337 ], [ 369536.002700000070035, 70568.0320999994874 ], [ 369112.400000000372529, 70137.699999999254942 ], [ 368732.817300000227988, 69105.434299999848008 ], [ 368707.099100000225008, 69058.601500000804663 ], [ 368632.353099999949336, 68996.927899999544024 ], [ 367675.080000000074506, 68278.550599999725819 ], [ 367592.205699999816716, 68460.105399999767542 ], [ 367557.378399999812245, 68612.707699999213219 ], [ 367653.86670000012964, 69230.786199999973178 ], [ 367796.099999999627471, 69626.400000000372529 ], [ 367782.459300000220537, 70054.516499999910593 ], [ 367947.199699999764562, 71109.799799999222159 ], [ 367755.000300000421703, 71510.799699999392033 ], [ 368242.902200000360608, 72977.399700000882149 ], [ 368231.486999999731779, 73043.747700000181794 ], [ 368322.0, 73334.5 ], [ 368308.138100000098348, 73349.394600000232458 ], [ 368312.150000000372529, 73362.699999999254942 ], [ 368146.030100000090897, 73540.445299999788404 ], [ 368116.497100000269711, 73712.09940000064671 ], [ 364423.705500000156462, 77547.948699999600649 ], [ 364104.191800000146031, 77819.783399999141693 ], [ 363474.747399999760091, 78400.656500000506639 ], [ 362461.806599999777973, 79217.085999999195337 ], [ 361541.631299999542534, 79999.949500000104308 ], [ 360000.00690000038594, 81311.527200000360608 ], [ 358316.400200000032783, 82743.900100000202656 ], [ 356477.832700000144541, 84040.164499999955297 ], [ 355883.209999999962747, 84519.429999999701977 ], [ 355331.146900000050664, 84848.624399999156594 ], [ 353981.898199999704957, 85799.899299999698997 ], [ 346415.596800000406802, 90191.171700000762939 ], [ 346217.394600000232458, 90292.167799999937415 ], [ 346314.860000000335276, 90459.599999999627471 ], [ 346202.589200000278652, 90299.709899999201298 ], [ 345252.89989999961108, 90783.49970000050962 ], [ 345085.630900000222027, 90827.339400000870228 ], [ 345048.850999999791384, 90851.010999999940395 ], [ 344447.455599999986589, 90994.59940000064671 ], [ 343701.049800000153482, 91190.225700000301003 ], [ 341423.888299999758601, 91787.049300000071526 ], [ 341237.093999999575317, 91873.016000000759959 ], [ 341158.70380000025034, 91856.551799999549985 ], [ 339999.978699999861419, 92160.243300000205636 ], [ 336971.801199999637902, 92953.901499999687076 ], [ 336948.497299999929965, 92952.895600000396371 ], [ 335104.400200000032783, 92873.299900000914931 ], [ 334821.109899999573827, 92625.235200000926852 ], [ 334639.885999999940395, 92529.300000000745058 ], [ 334633.444299999624491, 92460.904799999669194 ], [ 333947.900299999862909, 91860.604499999433756 ], [ 333861.300099999643862, 91491.599999999627471 ], [ 334147.519000000320375, 91471.572699999436736 ], [ 333215.436499999836087, 91391.819099999964237 ], [ 333189.395899999886751, 91389.599300000816584 ], [ 330638.721900000236928, 89910.282400000840425 ], [ 330516.252100000157952, 89918.360799999907613 ], [ 329825.200100000016391, 90010.300200000405312 ], [ 329543.801500000059605, 89822.564999999478459 ], [ 328647.365799999795854, 89394.348699999973178 ], [ 328048.2818, 89285.021099999547005 ], [ 327203.324599999934435, 89429.519200000911951 ], [ 325400.496100000105798, 89914.848799999803305 ], [ 325604.599899999797344, 89741.300100000575185 ], [ 325180.414599999785423, 89804.642400000244379 ], [ 324763.861600000411272, 89784.676599999889731 ], [ 324343.197300000116229, 89793.582399999722838 ], [ 324178.300200000405312, 89755.936799999326468 ], [ 323837.300300000235438, 89739.200200000777841 ], [ 323768.055399999953806, 89662.278799999505281 ], [ 323654.700000000186265, 89636.400000000372529 ], [ 323183.43819999974221, 89159.32179999910295 ], [ 322945.098399999551475, 89008.10050000064075 ], [ 322673.10010000038892, 87859.999900000169873 ], [ 319999.998800000175834, 87888.309499999508262 ], [ 316399.162100000306964, 87925.638599999248981 ], [ 312923.69469999987632, 87285.756899999454618 ], [ 312906.995299999602139, 87282.682299999520183 ], [ 310944.033800000324845, 86566.567199999466538 ], [ 310930.699099999852479, 86561.70130000077188 ], [ 310316.6091, 85805.619999999180436 ], [ 309634.28000000026077, 85069.25 ], [ 309573.447300000116229, 84890.622600000351667 ], [ 309279.899699999950826, 84529.200200000777841 ], [ 308962.800900000147521, 83151.197499999776483 ], [ 307719.999900000169873, 81902.799900000914931 ], [ 307707.202100000344217, 81946.801799999549985 ], [ 307630.004200000315905, 82125.297700000926852 ], [ 307542.300400000065565, 82348.098300000652671 ], [ 307499.898900000378489, 82448.692600000649691 ], [ 307469.212799999862909, 82525.362900000065565 ], [ 307573.599999999627471, 82081.100199999287724 ], [ 307305.999900000169873, 82067.899800000712276 ], [ 307657.099799999967217, 81913.899800000712276 ], [ 306564.200199999846518, 81803.100199999287724 ], [ 304726.531299999915063, 80947.217399999499321 ], [ 304651.383600000292063, 80913.510600000619888 ], [ 303976.356999999843538, 80400.075999999418855 ], [ 303978.495099999941885, 80372.943199999630451 ], [ 303932.500199999660254, 80336.100099999457598 ], [ 303933.071800000034273, 79999.972799999639392 ], [ 303933.830199999734759, 79553.966199999675155 ], [ 303868.761800000444055, 79501.186899999156594 ], [ 303444.703099999576807, 79799.496899999678135 ], [ 302059.301199999637902, 79473.800300000235438 ], [ 300831.081000000238419, 80000.021099999547005 ], [ 300182.744099999777973, 80278.083599999547005 ], [ 300035.530100000090897, 80351.880000000819564 ], [ 299999.995000000111759, 80372.89640000090003 ], [ 299248.510099999606609, 80817.344399999827147 ], [ 299886.500099999830127, 81162.99970000050962 ], [ 299951.574500000104308, 82004.343800000846386 ], [ 299980.467699999921024, 82012.434000000357628 ], [ 299958.521300000138581, 82035.872099999338388 ], [ 299956.066100000403821, 82038.342000000178814 ], [ 299955.50040000025183, 82055.101299999281764 ], [ 299498.974000000394881, 83021.217299999669194 ], [ 299463.399699999950826, 83096.500800000503659 ], [ 298794.900500000454485, 83916.09940000064671 ], [ 297544.100399999879301, 87602.303400000557303 ], [ 297543.941100000403821, 87627.166699999943376 ], [ 297541.600899999961257, 87992.401000000536442 ], [ 297527.948300000280142, 87959.318299999460578 ], [ 297298.278500000014901, 87402.786199999973178 ], [ 297193.999800000339746, 87150.099799999967217 ], [ 297127.818799999542534, 87223.177600000053644 ], [ 295564.601099999621511, 88949.299499999731779 ], [ 295282.107699999585748, 88925.298800000920892 ], [ 295481.298899999819696, 88814.39949999935925 ], [ 295711.595800000242889, 88305.250900000333786 ], [ 295753.503999999724329, 88212.598699999973178 ], [ 296254.69649999961257, 87985.103800000622869 ], [ 296338.500199999660254, 85949.899900000542402 ], [ 296587.448099999688566, 85676.46820000000298 ], [ 296591.703599999658763, 85671.794199999421835 ], [ 296671.202800000086427, 85584.476399999111891 ], [ 296704.2193, 85548.212700000032783 ], [ 297146.803899999707937, 85062.10050000064075 ], [ 297395.084099999628961, 83539.541300000622869 ], [ 297398.303000000305474, 83519.801999999210238 ], [ 297733.670800000429153, 80709.035000000149012 ], [ 297734.4375, 80702.265399999916553 ], [ 297813.975899999961257, 80000.013900000602007 ], [ 297876.675499999895692, 79446.434200000017881 ], [ 297929.300699999555945, 78981.800499999895692 ], [ 299023.149600000120699, 79680.396999999880791 ], [ 299055.775500000454485, 80000.017300000414252 ], [ 299078.700199999846518, 80224.599899999797344 ], [ 299293.42989999987185, 80005.072499999776483 ], [ 299037.58600000012666, 79563.381999999284744 ], [ 298226.509999999776483, 78723.429999999701977 ], [ 298199.039900000207126, 78624.604699999094009 ], [ 297970.097599999979138, 78338.495300000533462 ], [ 297941.998800000175834, 77925.303400000557303 ], [ 296867.099799999967217, 77144.200300000607967 ], [ 296488.757500000298023, 76610.862999999895692 ], [ 296416.74959999974817, 76547.816800000146031 ], [ 296335.175900000147521, 76394.363800000399351 ], [ 296194.103600000031292, 76195.49860000051558 ], [ 296188.160600000061095, 76117.80489999987185 ], [ 296096.389999999664724, 75945.169999999925494 ], [ 296097.747800000011921, 74935.833799999207258 ], [ 296082.20160000026226, 74732.597300000488758 ], [ 296025.313699999824166, 74685.557399999350309 ], [ 295477.247299999929965, 74436.32149999961257 ], [ 295224.368400000035763, 74023.265000000596046 ], [ 295060.300499999895692, 73887.599199999123812 ], [ 295077.10120000038296, 73878.60329999960959 ], [ 295090.897900000214577, 73868.604599999263883 ], [ 294060.801199999637902, 72395.896199999377131 ], [ 293786.800300000235438, 72309.800200000405312 ], [ 293755.674100000411272, 72881.591499999165535 ], [ 293753.300200000405312, 72925.200300000607967 ], [ 293333.001400000415742, 72912.798200000077486 ], [ 292461.696299999952316, 72906.400100000202656 ], [ 292432.959800000302494, 72906.46309999935329 ], [ 289636.500599999912083, 72912.599199999123812 ], [ 289084.213200000114739, 72635.854299999773502 ], [ 288346.000900000333786, 72567.896999999880791 ], [ 288116.49959999974817, 72262.304400000721216 ], [ 288093.495900000445545, 72253.796900000423193 ], [ 287368.103699999861419, 72218.696900000795722 ], [ 287870.697900000028312, 72172.00029999949038 ], [ 287915.742700000293553, 72152.920399999246001 ], [ 288186.478900000452995, 72038.243300000205636 ], [ 290191.995900000445545, 72411.001900000497699 ], [ 290936.302299999631941, 72063.70130000077188 ], [ 290974.145600000396371, 72180.072799999266863 ], [ 290977.286600000225008, 72189.731799999251962 ], [ 291018.901100000366569, 72317.699999999254942 ], [ 293118.003200000151992, 72545.203500000759959 ], [ 294033.937400000169873, 71988.984200000762939 ], [ 293443.771200000308454, 70436.472599999979138 ], [ 293102.769799999892712, 69626.235999999567866 ], [ 292626.399799999780953, 67355.700099999085069 ], [ 292735.406700000166893, 66511.29839999973774 ], [ 292772.300999999977648, 66225.503200000151992 ], [ 292759.515700000338256, 66215.379899999126792 ], [ 292760.36739999987185, 66184.542700000107288 ], [ 292743.378600000403821, 66170.850199999287724 ], [ 292722.013799999840558, 66162.869100000709295 ], [ 292706.772499999962747, 66155.821000000461936 ], [ 292664.268500000238419, 65956.235200000926852 ], [ 292623.599899999797344, 65750.700300000607967 ], [ 293067.873300000093877, 65536.508099999278784 ], [ 293288.997499999590218, 65429.900200000032783 ], [ 293561.508200000040233, 65227.090500000864267 ], [ 293584.134200000204146, 65209.514399999752641 ], [ 293852.500199999660254, 65074.799799999222159 ], [ 293573.200100000016391, 64638.100299999117851 ], [ 294217.201700000092387, 64470.904699999839067 ], [ 294413.400799999944866, 63724.999399999156594 ], [ 294994.99959999974817, 63738.404400000348687 ], [ 294801.800900000147521, 63335.301000000908971 ], [ 294240.898000000044703, 63104.495799999684095 ], [ 293330.198099999688566, 63280.895300000905991 ], [ 292476.999099999666214, 62651.495500000193715 ], [ 291969.901999999769032, 63063.194199999794364 ], [ 291929.269299999810755, 63061.524000000208616 ], [ 291832.336199999786913, 63057.539499999955297 ], [ 291568.698499999940395, 63046.70240000076592 ], [ 291695.773000000044703, 63196.430900000035763 ], [ 291956.213700000196695, 63503.301400000229478 ], [ 291470.20299999974668, 63487.896099999547005 ], [ 291487.396300000138581, 63408.360200000926852 ], [ 291551.886699999682605, 63110.028400000184774 ], [ 291419.298000000417233, 63248.304700000211596 ], [ 291448.761300000362098, 63447.653899999335408 ], [ 291453.635200000368059, 63480.630699999630451 ], [ 291217.097500000149012, 63710.999600000679493 ], [ 290776.748399999924004, 63434.550799999386072 ], [ 290758.014399999752641, 63390.695000000298023 ], [ 290449.39850000012666, 62607.698000000789762 ], [ 290426.533499999903142, 62588.575899999588728 ], [ 289865.80559999961406, 62230.95409999974072 ], [ 289826.401600000448525, 62205.903000000864267 ], [ 289478.050499999895692, 61187.531199999153614 ], [ 289475.975300000049174, 61181.464600000530481 ], [ 289368.700799999758601, 60414.895500000566244 ], [ 289472.195000000298023, 60381.398499999195337 ], [ 289581.357599999755621, 60344.470499999821186 ], [ 289614.899600000120699, 60346.698000000789762 ], [ 289618.799200000241399, 60207.058599999174476 ], [ 289624.580900000408292, 60000.020600000396371 ], [ 289626.853699999861419, 59918.632999999448657 ], [ 289628.467600000090897, 59860.841299999505281 ], [ 289568.794200000353158, 59858.885999999940395 ], [ 289502.834999999962747, 59860.098600000143051 ], [ 289355.699300000444055, 59808.799200000241399 ], [ 289486.400100000202656, 58535.403699999675155 ], [ 289490.824000000022352, 58489.305299999192357 ], [ 289588.700199999846518, 57469.399800000712276 ], [ 289888.668100000359118, 57355.537499999627471 ], [ 290166.700000000186265, 57250.001700000837445 ], [ 290294.0784, 56989.656700000166893 ], [ 290318.400000000372529, 56945.0 ], [ 290701.776899999938905, 57090.962300000712276 ], [ 290977.39989999961108, 57195.899700000882149 ], [ 291146.699799999594688, 57229.29759999923408 ], [ 291238.413599999621511, 57224.306700000539422 ], [ 291374.641400000080466, 57216.893500000238419 ], [ 291504.999200000427663, 57209.799699999392033 ], [ 291589.698599999770522, 57156.798299999907613 ], [ 291795.346800000406802, 56996.046499999240041 ], [ 291870.995699999853969, 56936.91300000064075 ], [ 291873.43059999961406, 56935.009600000455976 ], [ 291898.636699999682605, 56939.598500000312924 ], [ 292108.800200000405312, 57025.599999999627471 ], [ 292527.44469999987632, 56531.266000000759959 ], [ 292546.885800000280142, 56508.880300000309944 ], [ 292726.898699999786913, 56409.902100000530481 ], [ 293037.833300000056624, 56598.586500000208616 ], [ 293124.700100000016391, 56651.299799999222159 ], [ 293071.039499999955297, 56714.420800000429153 ], [ 292978.015300000086427, 56825.048100000247359 ], [ 292672.393500000238419, 57188.989199999719858 ], [ 293172.000099999830127, 56650.80320000089705 ], [ 293958.001799999736249, 56776.2972999997437 ], [ 293974.299700000323355, 56778.099099999293685 ], [ 294179.299200000241399, 56731.900000000372529 ], [ 294224.508200000040233, 56710.295499999076128 ], [ 294369.239000000059605, 56709.203999999910593 ], [ 294375.061700000427663, 56712.743000000715256 ], [ 294389.800200000405312, 56721.700899999588728 ], [ 294435.953700000420213, 56720.537100000306964 ], [ 294456.443799999542534, 56713.695800000801682 ], [ 294473.346499999985099, 56714.457599999383092 ], [ 294487.908499999903142, 56689.641799999400973 ], [ 294532.896900000050664, 56688.252499999478459 ], [ 294618.699099999852479, 56678.299200000241399 ], [ 294649.399600000120699, 56672.29700000025332 ], [ 294667.464700000360608, 56647.822599999606609 ], [ 294677.749800000339746, 56645.203099999576807 ], [ 294692.474000000394881, 56640.505000000819564 ], [ 294724.083399999886751, 56609.035700000822544 ], [ 294740.722699999809265, 56625.983999999240041 ], [ 294740.045599999837577, 56606.517799999564886 ], [ 294736.698699999600649, 56583.601099999621511 ], [ 294736.513000000268221, 56506.776100000366569 ], [ 294721.997399999760091, 56483.001199999824166 ], [ 294700.67949999962002, 56471.944399999454618 ], [ 294649.392300000414252, 56448.478000000119209 ], [ 294620.713000000454485, 56434.665599999949336 ], [ 294587.800699999555945, 56410.402000000700355 ], [ 294576.277900000102818, 56400.717599999159575 ], [ 294557.324699999764562, 56400.363700000569224 ], [ 294474.793100000359118, 56407.900200000032783 ], [ 294429.276999999769032, 56400.084499999880791 ], [ 294355.404799999669194, 56396.47550000064075 ], [ 294337.299700000323355, 56395.796800000593066 ], [ 294243.979799999855459, 56257.688100000843406 ], [ 294229.00040000025183, 56213.898199999704957 ], [ 294224.996100000105798, 56153.304800000041723 ], [ 294242.801799999549985, 56143.59940000064671 ], [ 294264.509100000374019, 56034.300799999386072 ], [ 294268.700000000186265, 56013.198799999430776 ], [ 294289.098699999973178, 56003.098600000143051 ], [ 294233.106599999591708, 55994.94539999961853 ], [ 294195.698699999600649, 55990.002299999818206 ], [ 294181.950000000186265, 55994.001199999824166 ], [ 294173.090499999932945, 55981.133500000461936 ], [ 294077.583700000308454, 55910.99210000038147 ], [ 294032.019399999640882, 55919.543199999257922 ], [ 294021.700400000438094, 55935.399599999189377 ], [ 294032.86849999986589, 55810.791899999603629 ], [ 293978.000099999830127, 55780.050599999725819 ], [ 293993.321899999864399, 55763.424599999561906 ], [ 293994.648900000378489, 55747.833599999547005 ], [ 293982.952399999834597, 55735.833499999716878 ], [ 293909.161700000055134, 55700.54839999973774 ], [ 293839.701299999840558, 55698.899800000712276 ], [ 293839.800599999725819, 55713.351500000804663 ], [ 293370.302000000141561, 55503.301599999889731 ], [ 293354.37430000025779, 55441.44789999909699 ], [ 293353.442300000227988, 55437.828500000759959 ], [ 293318.355299999937415, 55301.571699999272823 ], [ 293275.425099999643862, 55134.856200000271201 ], [ 293227.900700000114739, 54950.299900000914931 ], [ 293307.038399999961257, 54930.955000000074506 ], [ 293574.080599999986589, 54865.677799999713898 ], [ 293619.526999999769032, 54796.671099999919534 ], [ 293715.695899999700487, 54628.701999999582767 ], [ 293702.933500000275671, 54617.683000000193715 ], [ 293723.00069999974221, 54608.398399999365211 ], [ 293723.67200000025332, 54587.163799999281764 ], [ 293694.503399999812245, 54570.994100000709295 ], [ 293641.312199999578297, 54551.236700000241399 ], [ 292901.100399999879301, 54339.904699999839067 ], [ 292892.649799999780953, 54329.321299999952316 ], [ 292883.824400000274181, 54318.268699999898672 ], [ 292330.499800000339746, 53625.300200000405312 ], [ 292353.227099999785423, 53568.825300000607967 ], [ 292311.867999999783933, 53512.0 ], [ 292331.309100000187755, 53482.850099999457598 ], [ 292280.21999999973923, 53409.5 ], [ 292491.301699999719858, 53225.724500000476837 ], [ 292506.400999999605119, 53188.204299999400973 ], [ 291899.599799999967217, 52092.199999999254942 ], [ 291946.399699999950826, 52026.708599999547005 ], [ 291936.068699999712408, 52003.917099999263883 ], [ 291934.959999999962747, 52000.0 ], [ 292062.654099999926984, 51864.02280000038445 ], [ 292333.053100000135601, 51485.628000000491738 ], [ 292269.9079, 51266.364800000563264 ], [ 292171.529099999926984, 50938.709300000220537 ], [ 292094.898299999535084, 50724.499600000679493 ], [ 291153.300099999643862, 50503.299799999222159 ], [ 290909.685700000263751, 49715.223300000652671 ], [ 290753.480399999767542, 49670.327800000086427 ], [ 290204.998399999924004, 49533.500499999150634 ], [ 289344.501400000415742, 50404.800499999895692 ], [ 289115.030100000090897, 50278.286699999123812 ], [ 288449.446000000461936, 50741.052400000393391 ], [ 288323.273400000296533, 50829.245100000873208 ], [ 288135.496299999766052, 50968.699699999764562 ], [ 288824.297399999573827, 51489.101500000804663 ], [ 288482.288200000301003, 51381.618000000715256 ], [ 288474.850599999539554, 51379.823499999940395 ], [ 288071.010599999688566, 52364.331100000068545 ], [ 287981.700899999588728, 52655.596699999645352 ], [ 287977.1239, 52691.811599999666214 ], [ 288158.509999999776483, 53166.900000000372529 ], [ 288156.223699999973178, 53173.751599999144673 ], [ 288366.181099999696016, 53235.313200000673532 ], [ 288415.696399999782443, 53250.796399999409914 ], [ 288233.676199999637902, 53232.411100000143051 ], [ 288137.584499999880791, 53229.610999999567866 ], [ 287877.029000000096858, 54010.462999999523163 ], [ 287822.112200000323355, 54052.661299999803305 ], [ 287763.701000000350177, 54259.898800000548363 ], [ 286934.900399999693036, 54818.398800000548363 ], [ 288131.10080000013113, 56000.399800000712276 ], [ 286171.200400000438094, 56279.00029999949038 ], [ 285677.099999999627471, 55954.099799999967217 ], [ 284748.600300000049174, 56929.199899999424815 ], [ 284697.899400000460446, 56602.596999999135733 ], [ 284078.100599999539554, 56841.898499999195337 ], [ 284246.39989999961108, 57214.800699999555945 ], [ 283971.700400000438094, 57826.69679999910295 ], [ 283057.896800000220537, 57575.19679999910295 ], [ 283011.399799999780953, 57562.399800000712276 ], [ 283006.583599999547005, 57512.271600000560284 ], [ 282994.403800000436604, 57385.502900000661612 ], [ 283983.003200000151992, 57399.398900000378489 ], [ 283251.400000000372529, 56517.299799999222159 ], [ 281623.901499999687076, 56292.795700000599027 ], [ 281233.803000000305474, 56568.996600000187755 ], [ 281872.803999999538064, 56049.999199999496341 ], [ 283865.501500000245869, 56627.400000000372529 ], [ 284513.807099999859929, 55939.902699999511242 ], [ 285817.799100000411272, 55556.000199999660254 ], [ 285325.498200000263751, 55010.603099999949336 ], [ 285914.899799999780953, 55166.400900000706315 ], [ 286346.199699999764562, 55833.199799999594688 ], [ 286780.601099999621511, 55644.600700000301003 ], [ 286528.400899999774992, 55085.200699999928474 ], [ 286721.999699999578297, 54628.700200000777841 ], [ 287697.200299999676645, 53658.700200000777841 ], [ 287282.899400000460446, 52616.699400000274181 ], [ 287048.799899999983609, 52758.600299999117851 ], [ 286260.010800000280142, 52011.15430000051856 ], [ 286200.735999999567866, 51954.986300000920892 ], [ 286184.50040000025183, 51939.601700000464916 ], [ 287650.301500000059605, 52333.769300000742078 ], [ 287758.933600000105798, 52314.543700000271201 ], [ 287869.52419999986887, 51300.935399999842048 ], [ 287909.71999999973923, 50764.070000000298023 ], [ 287931.459699999541044, 50733.270899999886751 ], [ 287935.199000000022352, 50698.998299999162555 ], [ 288137.400899999774992, 50360.30379999987781 ], [ 288689.303999999538064, 50276.455199999734759 ], [ 288802.500300000421703, 49700.014399999752641 ], [ 288823.901100000366569, 49558.403400000184774 ], [ 288180.598799999803305, 48990.699300000444055 ], [ 288279.211500000208616, 48781.587600000202656 ], [ 288323.032800000160933, 48651.245500000193715 ], [ 287693.615299999713898, 48511.692600000649691 ], [ 286987.5011, 48509.400100000202656 ], [ 286434.76410000026226, 47878.167600000277162 ], [ 286339.144399999640882, 47866.613099999725819 ], [ 285451.596900000236928, 47831.697599999606609 ], [ 285409.211400000378489, 47781.931900000199676 ], [ 283741.299499999731779, 45823.601299999281764 ], [ 282814.688799999654293, 43859.519400000572205 ], [ 282722.060499999672174, 43395.380499999970198 ], [ 281776.097000000067055, 38863.220000000670552 ], [ 281802.4205, 38779.358599999919534 ], [ 281785.099799999967217, 38692.399700000882149 ], [ 282100.001699999906123, 37712.404600000008941 ], [ 283067.93680000025779, 37043.05350000038743 ], [ 282406.300800000317395, 37060.100099999457598 ], [ 281921.399799999780953, 36624.995500000193715 ], [ 281716.89879999961704, 36922.800200000405312 ], [ 280159.702399999834597, 37176.097699999809265 ], [ 279999.995199999772012, 36981.787200000137091 ], [ 279972.739799999631941, 36948.626499999314547 ], [ 278901.653900000266731, 36148.270899999886751 ], [ 278554.801199999637902, 35971.501000000163913 ], [ 278196.602800000458956, 35330.396099999547005 ], [ 277575.502299999818206, 35368.295199999585748 ], [ 277530.874499999918044, 35295.160499999299645 ], [ 277264.84250000026077, 35070.406600000336766 ], [ 276929.402900000102818, 35667.89949999935925 ], [ 276526.823599999770522, 35566.664599999785423 ], [ 276350.72719999961555, 35922.601399999111891 ], [ 276139.200100000016391, 36422.100199999287724 ], [ 273594.578200000338256, 37515.838600000366569 ], [ 273599.837299999780953, 37524.562100000679493 ], [ 274467.89879999961704, 38842.900200000032783 ], [ 275950.400500000454485, 39191.5 ], [ 277002.5, 38856.100199999287724 ], [ 276083.300300000235438, 39346.799799999222159 ], [ 276374.480999999679625, 39507.958499999716878 ], [ 275134.300300000235438, 39223.300200000405312 ], [ 274852.621600000187755, 39600.949999999254942 ], [ 274849.251000000163913, 39657.964400000870228 ], [ 275136.000300000421703, 39844.700200000777841 ], [ 275096.69539999961853, 40000.031700000166893 ], [ 274953.914499999955297, 40564.297399999573827 ], [ 274963.66330000013113, 40575.21000000089407 ], [ 275536.099999999627471, 40530.600099999457598 ], [ 275523.100599999539554, 41073.300499999895692 ], [ 276283.50069999974221, 41188.399800000712276 ], [ 275710.499800000339746, 41477.299900000914931 ], [ 276822.101599999703467, 41807.701999999582767 ], [ 276831.08739999961108, 41853.727800000458956 ], [ 276832.676199999637902, 41861.86570000089705 ], [ 276897.501199999824166, 42193.901200000196695 ], [ 277524.900799999944866, 42592.599999999627471 ], [ 276892.70409999974072, 42422.895899999886751 ], [ 276629.299100000411272, 41932.896099999547005 ], [ 275702.999499999918044, 41690.995400000363588 ], [ 274853.296500000171363, 40909.99890000000596 ], [ 275041.598500000312924, 41535.300100000575185 ], [ 274506.698800000362098, 41659.804300000891089 ], [ 274734.546500000171363, 43297.990399999544024 ], [ 274741.575100000016391, 43348.524900000542402 ], [ 274847.499099999666214, 44110.100099999457598 ], [ 274306.599799999967217, 42799.899100000038743 ], [ 273789.200199999846518, 43197.599799999967217 ], [ 273570.702200000174344, 44021.297800000756979 ], [ 273411.103400000371039, 43653.303700000047684 ], [ 273516.824500000104308, 43598.230000000447035 ], [ 273677.000199999660254, 43514.789200000464916 ], [ 273695.599999999627471, 43505.099999999627471 ], [ 273688.292999999597669, 43443.344799999147654 ], [ 273593.002799999900162, 42638.00109999999404 ], [ 273960.5, 42575.799200000241399 ], [ 274120.400600000284612, 41817.699400000274181 ], [ 273803.700199999846518, 41515.09569999948144 ], [ 272820.401200000196695, 42166.599500000476837 ], [ 272879.600499999709427, 41779.899900000542402 ], [ 273449.499699999578297, 41608.699500000104308 ], [ 273632.400299999862909, 41181.100600000470877 ], [ 272640.800099999643862, 40976.799799999222159 ], [ 274088.412899999879301, 40841.751499999314547 ], [ 274294.61629999987781, 40771.767500000074506 ], [ 274499.520800000056624, 40000.004399999976158 ], [ 274677.700000000186265, 39328.900699999183416 ], [ 274413.299700000323355, 39232.099799999967217 ], [ 274028.700500000268221, 39758.999299999326468 ], [ 273515.199900000356138, 39702.999800000339746 ], [ 274019.102400000207126, 39563.904200000688434 ], [ 274143.209099999628961, 38857.084400000050664 ], [ 273311.74280000012368, 38114.358599999919534 ], [ 273003.399799999780953, 38143.300699999555945 ], [ 273012.797799999825656, 37847.514000000432134 ], [ 272956.700000000186265, 37797.439999999478459 ], [ 272956.955000000074506, 37793.989099999889731 ], [ 272945.457999999634922, 37783.860999999567866 ], [ 273036.507699999958277, 36586.753499999642372 ], [ 272622.800300000235438, 36542.400100000202656 ], [ 272749.744500000029802, 36093.674100000411272 ], [ 272753.391800000332296, 36067.135900000110269 ], [ 272374.600200000219047, 35970.202899999916553 ], [ 271718.796299999579787, 36521.495100000873208 ], [ 270957.581600000150502, 36658.793500000610948 ], [ 270032.768000000156462, 36842.031999999657273 ], [ 270026.73589999973774, 36849.445299999788404 ], [ 269757.700000000186265, 37551.600199999287724 ], [ 269185.208700000308454, 37947.008099999278784 ], [ 269158.900000000372529, 37982.599999999627471 ], [ 269056.496799999848008, 38041.84569999948144 ], [ 268983.11600000038743, 38132.028999999165535 ], [ 268633.316700000315905, 38328.188500000163913 ], [ 267963.096800000406802, 38791.095499999821186 ], [ 267804.684999999590218, 38792.86629999987781 ], [ 267038.2341, 39222.674499999731779 ], [ 266810.615799999795854, 39461.808599999174476 ], [ 266763.719600000418723, 39586.76549999974668 ], [ 267539.000099999830127, 39727.699999999254942 ], [ 267445.674599999561906, 39887.648800000548363 ], [ 267404.923600000329316, 40330.182099999859929 ], [ 267656.298899999819696, 41742.700400000438094 ], [ 267371.497200000099838, 42140.39670000039041 ], [ 266954.099200000055134, 42073.695800000801682 ], [ 266891.700100000016391, 42500.900100000202656 ], [ 266078.447499999776483, 43143.262599999085069 ], [ 266040.107099999673665, 43379.626900000497699 ], [ 266156.099799999967217, 44117.800100000575185 ], [ 266585.166299999691546, 43966.244200000539422 ], [ 266606.830199999734759, 43958.592000000178814 ], [ 266820.513799999840558, 43883.114199999719858 ], [ 266824.076100000180304, 43881.855900000780821 ], [ 266994.099999999627471, 43821.799699999392033 ], [ 267296.599899999797344, 44692.300300000235438 ], [ 268150.399799999780953, 45096.40059999935329 ], [ 267994.780399999581277, 45120.82909999974072 ], [ 267973.307400000281632, 45124.199899999424815 ], [ 267720.400299999862909, 45163.900200000032783 ], [ 267749.89989999961108, 45950.000099999830127 ], [ 267828.39850000012666, 46024.987299999222159 ], [ 267845.070199999958277, 46040.91330000013113 ], [ 268187.026999999769032, 46367.573899999260902 ], [ 268925.699400000274181, 47073.204700000584126 ], [ 269182.799999999813735, 46877.200300000607967 ], [ 270091.5, 47230.400100000202656 ], [ 269156.299999999813735, 47015.5 ], [ 269498.699599999934435, 47279.09569999948144 ], [ 269219.000500000081956, 47203.698599999770522 ], [ 269282.298299999907613, 47445.098300000652671 ], [ 269103.900000000372529, 47164.799699999392033 ], [ 269088.600300000049174, 47472.699799999594688 ], [ 268412.700000000186265, 46816.798100000247359 ], [ 268055.781700000166893, 47098.138000000268221 ], [ 268030.463299999944866, 47121.914000000804663 ], [ 268038.580400000326335, 47106.668899999931455 ], [ 268280.399699999950826, 46652.495200000703335 ], [ 267416.499800000339746, 45923.699699999764562 ], [ 267568.500300000421703, 45159.500099999830127 ], [ 267296.461400000378489, 44767.448000000789762 ], [ 267292.902800000272691, 44762.319499999284744 ], [ 266996.742700000293553, 44335.505000000819564 ], [ 266793.500199999660254, 44042.599700000137091 ], [ 266175.098799999803305, 44431.699799999594688 ], [ 265071.800300000235438, 44143.600199999287724 ], [ 264870.695899999700487, 44862.29759999923408 ], [ 264437.306400000117719, 45123.536800000816584 ], [ 264033.200000000186265, 45538.800000000745058 ], [ 263366.773000000044703, 45768.834300000220537 ], [ 263172.399799999780953, 45885.998800000175834 ], [ 261655.501500000245869, 45805.598999999463558 ], [ 261628.899400000460446, 45964.746200000867248 ], [ 261619.0, 46339.800000000745058 ], [ 261559.933299999684095, 46377.335500000044703 ], [ 261457.596800000406802, 46989.56279999949038 ], [ 261472.312699999660254, 47034.049699999392033 ], [ 261744.03830000013113, 47578.477099999785423 ], [ 262059.691899999976158, 48209.02170000039041 ], [ 262209.187599999830127, 48507.652000000700355 ], [ 262327.684899999760091, 48744.360400000587106 ], [ 262364.999699999578297, 48818.899800000712276 ], [ 262859.099399999715388, 48945.099700000137091 ], [ 263448.700299999676645, 49736.899800000712276 ], [ 262824.601599999703467, 49094.696100000292063 ], [ 262284.2027000002563, 49019.197200000286102 ], [ 262973.301199999637902, 50308.598600000143051 ], [ 263016.802199999801815, 50648.101399999111891 ], [ 262991.186700000427663, 50574.293199999257922 ], [ 262973.681900000199676, 50524.036699999123812 ], [ 262867.365799999795854, 50218.801100000739098 ], [ 262817.799399999901652, 50076.494999999180436 ], [ 262678.506799999624491, 50024.759999999776483 ], [ 262419.595900000073016, 49928.597400000318885 ], [ 262193.540000000037253, 49526.486500000581145 ], [ 262120.291600000113249, 49396.191400000825524 ], [ 262116.848399999551475, 49390.066600000485778 ], [ 262040.299300000071526, 49253.900200000032783 ], [ 261969.596099999733269, 48077.556199999526143 ], [ 261968.0, 48050.999900000169873 ], [ 261928.443099999800324, 48017.506699999794364 ], [ 260872.205799999646842, 47123.180600000545382 ], [ 260453.673299999907613, 46794.42200000025332 ], [ 260000.002399999648333, 46874.658099999651313 ], [ 259794.063900000415742, 46911.080299999564886 ], [ 259509.200000000186265, 47055.199999999254942 ], [ 258578.301199999637902, 47126.09940000064671 ], [ 258259.400200000032783, 47182.500099999830127 ], [ 257576.727500000037253, 46680.214199999347329 ], [ 257116.979700000025332, 46611.527799999341369 ], [ 256669.803600000217557, 46685.395700000226498 ], [ 256586.372299999929965, 46532.254899999126792 ], [ 256573.242999999783933, 46530.293400000780821 ], [ 256508.900000000372529, 46520.699999999254942 ], [ 256364.129900000058115, 46124.321599999442697 ], [ 256205.770899999886751, 45833.648600000888109 ], [ 256051.733300000429153, 45899.690400000661612 ], [ 255864.901100000366569, 46030.099799999967217 ], [ 254883.700100000016391, 45653.00029999949038 ], [ 254789.628100000321865, 45672.903100000694394 ], [ 254758.308000000193715, 45818.885999999940395 ], [ 254696.120099999941885, 45805.348699999973178 ], [ 254207.563299999572337, 45823.955099999904633 ], [ 253946.318500000052154, 46112.617900000885129 ], [ 253908.599999999627471, 46236.300000000745058 ], [ 253624.700100000016391, 46129.699699999764562 ], [ 253376.499800000339746, 46541.199999999254942 ], [ 253004.527499999850988, 46686.647700000554323 ], [ 252924.376000000163913, 46770.265000000596046 ], [ 252917.296699999831617, 46771.283800000324845 ], [ 252904.504999999888241, 46772.323499999940395 ], [ 252742.495199999772012, 46789.106899999082088 ], [ 252301.099799999967217, 46961.700099999085069 ], [ 252532.201100000180304, 47498.702899999916553 ], [ 252622.17339999973774, 47533.794099999591708 ], [ 253634.276700000278652, 47629.019500000402331 ], [ 253889.601999999955297, 47532.80320000089705 ], [ 254232.300200000405312, 47895.100299999117851 ], [ 254811.400100000202656, 47593.5 ], [ 255428.700000000186265, 48013.700699999928474 ], [ 254521.2972999997437, 47835.296599999070168 ], [ 253915.999699999578297, 48141.999800000339746 ], [ 254667.000199999660254, 49113.200200000777841 ], [ 254434.79839999973774, 49213.502100000157952 ], [ 254715.517, 49787.332000000402331 ], [ 254739.972000000067055, 49825.769500000402331 ], [ 256662.399500000290573, 50958.301200000569224 ], [ 255184.462000000290573, 50789.855499999597669 ], [ 255038.660799999721348, 50590.344399999827147 ], [ 254806.71030000038445, 50272.948599999770522 ], [ 254513.700199999846518, 49872.000199999660254 ], [ 254130.200000000186265, 50343.099199999123812 ], [ 254113.999800000339746, 50761.500099999830127 ], [ 253625.709699999541044, 50711.400299999862909 ], [ 254026.404000000096858, 50550.799300000071526 ], [ 254388.700199999846518, 49558.300100000575185 ], [ 254275.695299999788404, 49271.822399999946356 ], [ 254103.533900000154972, 48835.377800000831485 ], [ 253859.861800000071526, 48217.64670000039041 ], [ 253858.669200000353158, 48214.623299999162555 ], [ 253671.999900000169873, 47741.399800000712276 ], [ 252757.900500000454485, 47856.900499999523163 ], [ 252692.07660000026226, 47895.941600000485778 ], [ 252257.626000000163913, 48285.755999999120831 ], [ 252213.293899999931455, 48274.466900000348687 ], [ 252207.070000000298023, 48279.410000000149012 ], [ 252140.104199999943376, 48255.829299999400973 ], [ 252101.788099999539554, 48246.072200000286102 ], [ 251705.888299999758601, 48483.048100000247359 ], [ 251705.485000000335276, 48487.302999999374151 ], [ 251699.596199999563396, 48486.768300000578165 ], [ 251653.899699999950826, 48511.700300000607967 ], [ 251251.145200000144541, 48446.053099999204278 ], [ 250537.899000000208616, 48381.29700000025332 ], [ 250527.167000000365078, 48362.534900000318885 ], [ 250473.700000000186265, 48356.800000000745058 ], [ 250449.47510000038892, 48315.384600000455976 ], [ 250056.300099999643862, 48251.298900000751019 ], [ 249677.900600000284612, 48735.499399999156594 ], [ 249246.099700000137091, 48749.599899999797344 ], [ 249038.100200000219047, 49443.200099999085069 ], [ 249102.28249999973923, 49769.786499999463558 ], [ 249241.209999999962747, 49878.380000000819564 ], [ 249229.245600000023842, 49957.855200000107288 ], [ 249246.820000000298023, 49976.400000000372529 ], [ 249219.698900000192225, 50021.270600000396371 ], [ 249190.206399999558926, 50217.179800000041723 ], [ 249259.799899999983609, 50571.300200000405312 ], [ 248800.422500000335276, 50714.944499999284744 ], [ 248621.007100000046194, 51011.779200000688434 ], [ 248627.616100000217557, 51158.274599999189377 ], [ 248990.278400000184774, 51744.086600000038743 ], [ 249046.377199999988079, 51802.488700000569224 ], [ 248876.499699999578297, 52949.299900000914931 ], [ 248747.653699999675155, 53005.562999999150634 ], [ 248741.307000000029802, 53032.331000000238419 ], [ 248422.367700000293553, 53147.605399999767542 ], [ 248213.297899999655783, 53238.899800000712276 ], [ 248717.302000000141561, 53369.302500000223517 ], [ 249264.100200000219047, 53034.600099999457598 ], [ 249578.799800000153482, 53306.300300000235438 ], [ 249745.499900000169873, 52614.300200000405312 ], [ 250335.938099999912083, 52856.940500000491738 ], [ 249839.100300000049174, 53193.502800000831485 ], [ 250118.50040000025183, 53980.098999999463558 ], [ 250886.894899999722838, 53989.194900000467896 ], [ 250170.997000000439584, 54126.095899999141693 ], [ 250837.099000000394881, 55424.604199999943376 ], [ 251794.66260000038892, 56068.403400000184774 ], [ 251948.599999999627471, 56171.900200000032783 ], [ 251616.999800000339746, 56343.599999999627471 ], [ 250479.477900000289083, 55446.59429999999702 ], [ 249742.097099999897182, 53540.703400000929832 ], [ 249217.499699999578297, 53434.599999999627471 ], [ 248387.301699999719858, 54009.999099999666214 ], [ 248354.711400000378489, 53664.804199999198318 ], [ 248351.402700000442564, 53671.243300000205636 ], [ 248211.355200000107288, 53686.872099999338388 ], [ 247494.0, 53797.300000000745058 ], [ 247463.842600000090897, 53770.291699999943376 ], [ 247457.100999999791384, 53771.043999999761581 ], [ 247032.479000000283122, 53591.595399999991059 ], [ 246978.097099999897182, 53595.797700000926852 ], [ 246960.799999999813735, 54010.100099999457598 ], [ 246156.996199999935925, 53244.698200000450015 ], [ 246139.338200000114739, 53254.813799999654293 ], [ 246093.982599999755621, 53548.606799999251962 ], [ 246285.500199999660254, 53757.900200000032783 ], [ 246040.29700000025332, 54107.532400000840425 ], [ 246024.280100000090897, 54080.840299999341369 ], [ 246011.000900000333786, 54097.903899999335408 ], [ 245870.700000000186265, 53830.75 ], [ 244675.310200000181794, 54206.634600000455976 ], [ 244907.076000000350177, 54433.073999999091029 ], [ 244731.442099999636412, 54405.050100000575185 ], [ 244986.813299999572337, 55305.92259999923408 ], [ 244930.677899999544024, 55374.589400000870228 ], [ 244935.96999999973923, 55398.330000000074506 ], [ 244684.826100000180304, 55891.347200000658631 ], [ 244811.030299999751151, 56109.281500000506639 ], [ 244594.023400000296533, 56069.600700000301003 ], [ 244233.565000000409782, 56777.211899999529123 ], [ 245022.571700000204146, 57360.112099999561906 ], [ 245176.996399999596179, 57474.197499999776483 ], [ 244944.212799999862909, 57429.403200000524521 ], [ 244107.199799999594688, 56993.195199999958277 ], [ 243533.934399999678135, 57486.218000000342727 ], [ 243412.573699999600649, 57728.653799999505281 ], [ 243462.158599999733269, 57928.820800000801682 ], [ 243784.199900000356138, 58206.000199999660254 ], [ 243732.569899999536574, 58770.422900000587106 ], [ 244158.490299999713898, 59999.977600000798702 ], [ 244370.703700000420213, 60612.599099999293685 ], [ 244801.200199999846518, 60493.799799999222159 ], [ 244832.200199999846518, 60480.900000000372529 ], [ 245531.800300000235438, 60277.300100000575185 ], [ 245969.800300000235438, 60291.700999999418855 ], [ 245987.346599999815226, 60307.761399999260902 ], [ 245481.296900000423193, 60344.795800000429153 ], [ 245386.877299999818206, 60445.865399999544024 ], [ 245382.377000000327826, 60450.682700000703335 ], [ 245177.668600000441074, 60669.808700000867248 ], [ 244778.60329999960959, 60580.998199999332428 ], [ 244559.200000000186265, 61026.599899999797344 ], [ 245591.200000000186265, 61591.299699999392033 ], [ 246553.699000000022352, 63296.800799999386072 ], [ 246987.399799999780953, 62963.000199999660254 ], [ 246601.700299999676645, 63412.39919999986887 ], [ 246858.426400000229478, 63721.149299999698997 ] ] ], [ [ [ 213180.910400000400841, 146392.17710000090301 ], [ 213221.703999999910593, 146406.375600000843406 ], [ 213186.089599999599159, 146839.372999999672174 ], [ 213206.203099999576807, 146851.903400000184774 ], [ 212856.299200000241399, 147295.396500000730157 ], [ 212922.685499999672174, 147603.482100000604987 ], [ 213057.696299999952316, 148210.389699999243021 ], [ 213314.062400000169873, 148118.897700000554323 ], [ 213545.216000000014901, 148033.762000000104308 ], [ 213549.403800000436604, 147355.999099999666214 ], [ 214078.808400000445545, 146379.700799999758601 ], [ 214078.848699999973178, 146364.811799999326468 ], [ 214010.699300000444055, 144240.50029999949038 ], [ 214153.424399999901652, 144098.961500000208616 ], [ 214354.394000000320375, 143784.762900000438094 ], [ 214480.393400000408292, 143774.710200000554323 ], [ 214565.919900000095367, 143689.894600000232458 ], [ 214491.669200000353158, 143666.164100000634789 ], [ 213820.799200000241399, 143655.499600000679493 ], [ 213329.104000000283122, 143304.598799999803305 ], [ 212711.202600000426173, 144881.39750000089407 ], [ 213243.821999999694526, 145714.966900000348687 ], [ 213265.179100000299513, 145722.688500000163913 ], [ 213066.790900000371039, 146118.647299999371171 ], [ 212976.899699999950826, 146308.898800000548363 ], [ 213217.597799999639392, 146319.195900000631809 ], [ 213180.910400000400841, 146392.17710000090301 ] ] ], [ [ [ 329170.089599999599159, 148190.593100000172853 ], [ 329228.299999999813735, 147589.798900000751019 ], [ 328966.800099999643862, 148185.899900000542402 ], [ 329170.089599999599159, 148190.593100000172853 ] ] ], [ [ [ 323116.415599999949336, 160702.570800000801682 ], [ 322441.472500000149012, 160654.344699999317527 ], [ 323057.789499999955297, 160841.246400000527501 ], [ 323116.415599999949336, 160702.570800000801682 ] ] ], [ [ [ 341524.402400000020862, 455205.098300000652671 ], [ 341196.499699999578297, 455010.00029999949038 ], [ 341084.400000000372529, 455319.899900000542402 ], [ 341524.402400000020862, 455205.098300000652671 ] ] ], [ [ [ 323255.103199999779463, 464033.00139999948442 ], [ 323297.903300000354648, 463519.898199999704957 ], [ 323068.599899999797344, 463703.195800000801682 ], [ 323255.103199999779463, 464033.00139999948442 ] ] ], [ [ [ 319055.80530000012368, 466312.301100000739098 ], [ 319642.298799999989569, 466540.203700000420213 ], [ 319423.202800000086427, 466053.702899999916553 ], [ 319999.981999999843538, 465755.325300000607967 ], [ 320220.2034, 465641.401000000536442 ], [ 319999.977400000207126, 465477.357999999076128 ], [ 319853.299200000241399, 465368.099700000137091 ], [ 320000.010800000280142, 464374.017699999734759 ], [ 320033.899000000208616, 464144.399700000882149 ], [ 320895.003899999894202, 463915.605000000447035 ], [ 321160.200799999758601, 462483.900200000032783 ], [ 321786.89989999961108, 462081.300000000745058 ], [ 322946.799800000153482, 462790.400299999862909 ], [ 323221.599899999797344, 462008.099700000137091 ], [ 323317.699900000356138, 462780.299900000914931 ], [ 323286.170699999667704, 461871.879899999126792 ], [ 321807.900000000372529, 461581.599199999123812 ], [ 320892.399799999780953, 461960.300200000405312 ], [ 320000.010200000368059, 463561.401100000366569 ], [ 317443.398699999786913, 468148.403300000354648 ], [ 317417.536700000055134, 468299.97690000012517 ], [ 316696.000099999830127, 472528.800200000405312 ], [ 317059.797199999913573, 473227.799399999901652 ], [ 317988.000199999660254, 473712.700200000777841 ], [ 318325.499699999578297, 473492.900299999862909 ], [ 317502.902999999932945, 473175.80320000089705 ], [ 317468.001199999824166, 472151.600199999287724 ], [ 317734.699799999594688, 472142.799900000914931 ], [ 317716.110100000165403, 472065.254899999126792 ], [ 318025.299999999813735, 471769.399900000542402 ], [ 317803.303899999707937, 471767.197499999776483 ], [ 318089.300200000405312, 471413.100099999457598 ], [ 317846.800099999643862, 471398.004300000146031 ], [ 318117.099700000137091, 471386.001199999824166 ], [ 318355.699099999852479, 470710.199999999254942 ], [ 318634.854799999855459, 468641.835100000724196 ], [ 318816.902200000360608, 467725.204500000923872 ], [ 318178.500199999660254, 467766.200200000777841 ], [ 318506.900000000372529, 467634.600299999117851 ], [ 318250.200100000016391, 467440.000199999660254 ], [ 318524.103600000031292, 467269.604900000616908 ], [ 318501.800300000235438, 467540.798599999397993 ], [ 318795.299800000153482, 467562.300200000405312 ], [ 318541.799200000241399, 467168.300100000575185 ], [ 319055.80530000012368, 466312.301100000739098 ] ] ], [ [ [ 347512.89740000013262, 469674.296599999070168 ], [ 347557.792700000107288, 469927.903200000524521 ], [ 347724.583499999716878, 469919.026100000366569 ], [ 347768.651100000366569, 469916.656500000506639 ], [ 347512.89740000013262, 469674.296599999070168 ] ] ], [ [ [ 334589.301099999807775, 473152.799799999222159 ], [ 335142.296500000171363, 472900.903200000524521 ], [ 334650.395999999716878, 473178.803400000557303 ], [ 334744.800200000405312, 473414.100099999457598 ], [ 334847.699699999764562, 473446.800100000575185 ], [ 335079.502000000327826, 473071.404100000858307 ], [ 335629.399100000038743, 472950.999199999496341 ], [ 336582.700299999676645, 472622.302699999883771 ], [ 336182.099799999967217, 472010.199899999424815 ], [ 334726.102099999785423, 471180.995300000533462 ], [ 333679.799999999813735, 471224.000099999830127 ], [ 334158.89989999961108, 472101.301000000908971 ], [ 334772.595999999903142, 471969.299599999561906 ], [ 334337.200100000016391, 472343.101199999451637 ], [ 334589.301099999807775, 473152.799799999222159 ] ] ], [ [ [ 328611.493200000375509, 565071.595000000670552 ], [ 328495.754900000058115, 565000.053300000727177 ], [ 328526.609199999831617, 565044.224099999293685 ], [ 328611.493200000375509, 565071.595000000670552 ] ] ], [ [ [ 329514.542200000025332, 565362.783900000154972 ], [ 329751.676099999807775, 565239.621300000697374 ], [ 329443.621399999596179, 565339.915400000289083 ], [ 329514.542200000025332, 565362.783900000154972 ] ] ], [ [ [ 330443.149100000038743, 565376.469200000166893 ], [ 330515.399799999780953, 565384.685000000521541 ], [ 330434.218299999833107, 565347.206700000911951 ], [ 330443.149100000038743, 565376.469200000166893 ] ] ], [ [ [ 331854.944299999624491, 566048.201799999922514 ], [ 331953.054299999959767, 566146.980900000780821 ], [ 332056.079400000162423, 566154.570499999448657 ], [ 332039.7341, 566145.926400000229478 ], [ 331854.944299999624491, 566048.201799999922514 ] ] ], [ [ [ 400112.00040000025183, 87131.698999999091029 ], [ 400000.0, 86925.240800000727177 ], [ 399901.299800000153482, 86743.299799999222159 ], [ 399887.496100000105798, 87138.496200000867248 ], [ 400000.0, 87135.089999999850988 ], [ 400112.00040000025183, 87131.698999999091029 ] ] ], [ [ [ 398776.699699999764562, 88270.401300000026822 ], [ 399064.000300000421703, 87917.300300000235438 ], [ 398835.206799999810755, 87738.101099999621511 ], [ 399231.60149999987334, 87591.596499999985099 ], [ 398868.001400000415742, 87198.100299999117851 ], [ 398541.597099999897182, 88257.096000000834465 ], [ 398776.699699999764562, 88270.401300000026822 ] ] ], [ [ [ 400529.803000000305474, 87025.39949999935925 ], [ 400424.703099999576807, 86775.600099999457598 ], [ 401006.699799999594688, 86624.701199999079108 ], [ 400757.901200000196695, 86378.699999999254942 ], [ 400328.698800000362098, 86702.500499999150634 ], [ 400529.803000000305474, 87025.39949999935925 ] ] ], [ [ [ 400873.696100000292063, 86891.896800000220537 ], [ 400721.699599999934435, 87167.29869999922812 ], [ 401073.599299999885261, 87223.900399999693036 ], [ 401505.499200000427663, 87097.698999999091029 ], [ 400873.696100000292063, 86891.896800000220537 ] ] ], [ [ [ 400937.199599999934435, 88090.60359999909997 ], [ 401920.200199999846518, 88621.800899999216199 ], [ 403051.299200000241399, 88366.904500000178814 ], [ 403150.000199999660254, 87620.699200000613928 ], [ 402451.998999999836087, 87364.100199999287724 ], [ 401258.199699999764562, 87492.600199999287724 ], [ 400937.199599999934435, 88090.60359999909997 ] ] ], [ [ [ 421821.534199999645352, 635949.936699999496341 ], [ 421618.6091, 635978.075400000438094 ], [ 421786.753299999982119, 636025.292099999263883 ], [ 421828.700500000268221, 636031.198899999260902 ], [ 421821.534199999645352, 635949.936699999496341 ] ] ], [ [ [ 413104.700199999846518, 641919.501000000163913 ], [ 412998.99930000025779, 641641.700600000098348 ], [ 412526.300800000317395, 641659.796299999579787 ], [ 412294.5, 642760.700699999928474 ], [ 411694.802899999544024, 643229.696900000795722 ], [ 410724.697300000116229, 643340.795099999755621 ], [ 410010.303999999538064, 642814.295800000429153 ], [ 409401.200400000438094, 643121.499299999326468 ], [ 409218.800300000235438, 643582.200099999085069 ], [ 409414.999900000169873, 643864.300100000575185 ], [ 411002.400299999862909, 643479.700999999418855 ], [ 411835.397699999623001, 643525.302300000563264 ], [ 412596.899100000038743, 644000.300200000405312 ], [ 412837.997100000269711, 643768.602600000798702 ], [ 413146.60149999987334, 643939.503699999302626 ], [ 413342.701200000010431, 643526.700999999418855 ], [ 413981.298999999649823, 643594.301200000569224 ], [ 413986.609299999661744, 643209.734300000593066 ], [ 413868.067999999970198, 642613.009999999776483 ], [ 414002.116600000299513, 642086.690099999308586 ], [ 414008.799800000153482, 641602.699799999594688 ], [ 413104.700199999846518, 641919.501000000163913 ] ] ], [ [ [ 450281.232599999755621, 89238.926200000569224 ], [ 450158.321000000461936, 89898.67879999987781 ], [ 450153.898900000378489, 89923.100299999117851 ], [ 450180.777800000272691, 89994.348400000482798 ], [ 450236.77280000038445, 90123.164100000634789 ], [ 450278.610399999655783, 90253.674499999731779 ], [ 451187.609699999913573, 92666.375199999660254 ], [ 451217.789900000207126, 92707.676000000908971 ], [ 451200.607400000095367, 92731.171700000762939 ], [ 450449.800099999643862, 93681.799799999222159 ], [ 450434.990899999625981, 93756.731699999421835 ], [ 450149.919499999843538, 95199.136800000444055 ], [ 450147.000900000333786, 95213.90430000051856 ], [ 450287.769700000062585, 96172.852900000289083 ], [ 450863.706899999640882, 96456.065700000151992 ], [ 451168.215900000184774, 96491.63399999961257 ], [ 451722.850200000219047, 96183.733500000089407 ], [ 452495.593399999663234, 95386.74970000050962 ], [ 452518.526399999856949, 95344.990599999204278 ], [ 452534.315200000070035, 95316.240599999204278 ], [ 452638.565100000239909, 95261.200600000098348 ], [ 453326.598899999633431, 94722.904500000178814 ], [ 453376.33559999987483, 94651.606799999251962 ], [ 453773.200100000016391, 94082.699899999424815 ], [ 453814.697999999858439, 94068.237400000914931 ], [ 453817.689500000327826, 94067.19480000063777 ], [ 455545.343999999575317, 93465.085100000724196 ], [ 455523.21999999973923, 93402.093299999833107 ], [ 454894.599499999545515, 92704.407700000330806 ], [ 454837.252899999730289, 92367.376199999824166 ], [ 454791.473100000061095, 92098.323499999940395 ], [ 454767.001199999824166, 91954.499299999326468 ], [ 454803.019399999640882, 92030.726500000804663 ], [ 455151.866600000299513, 92769.011099999770522 ], [ 455157.656899999827147, 92781.265399999916553 ], [ 455312.902999999932945, 93109.821000000461936 ], [ 455408.087199999950826, 93104.524599999189377 ], [ 455414.02489999961108, 93104.194199999794364 ], [ 457777.129599999636412, 92972.703500000759959 ], [ 458344.000199999660254, 92966.833100000396371 ], [ 459247.866499999538064, 92957.591299999505281 ], [ 459364.299800000153482, 92956.400800000876188 ], [ 459665.443500000052154, 92840.634199999272823 ], [ 459680.965200000442564, 92834.667300000786781 ], [ 460000.030500000342727, 92712.011199999600649 ], [ 460050.478000000119209, 92692.618000000715256 ], [ 460059.261800000444055, 92689.24129999987781 ], [ 460447.306699999608099, 92540.067800000309944 ], [ 460528.509399999864399, 92508.851600000634789 ], [ 460960.689100000075996, 92317.776300000026822 ], [ 460965.253899999894202, 92315.758099999278784 ], [ 461018.403800000436604, 92292.259500000625849 ], [ 462941.432000000029802, 91705.498999999836087 ], [ 463535.118400000035763, 90167.478700000792742 ], [ 463547.500500000081956, 90135.401200000196695 ], [ 463803.0, 90000.099999999627471 ], [ 463936.083999999798834, 88677.848999999463558 ], [ 463386.360000000335276, 88897.0 ], [ 463456.300300000235438, 89289.499900000169873 ], [ 463101.257799999788404, 88625.499299999326468 ], [ 463081.099799999967217, 88587.799900000914931 ], [ 463788.199900000356138, 88262.399100000038743 ], [ 463981.32079999987036, 88615.431199999526143 ], [ 464027.301799999549985, 88699.486099999397993 ], [ 464112.099799999967217, 88854.499800000339746 ], [ 464809.723500000312924, 88731.61879999935627 ], [ 464941.236999999731779, 88683.815400000661612 ], [ 465743.767, 87999.210999999195337 ], [ 465808.599700000137091, 87549.900000000372529 ], [ 464067.800099999643862, 86205.199899999424815 ], [ 463868.901800000108778, 85518.387800000607967 ], [ 463840.45380000025034, 85450.972400000318885 ], [ 463070.185499999672174, 85473.060200000181794 ], [ 463064.174200000241399, 85471.622899999842048 ], [ 463044.106700000353158, 85466.824799999594688 ], [ 461403.230000000447035, 85074.5 ], [ 460048.737099999561906, 84197.72829999960959 ], [ 460025.578499999828637, 84175.841199999675155 ], [ 460023.405500000342727, 84173.787599999457598 ], [ 460000.033900000154972, 84151.699100000783801 ], [ 459476.308100000023842, 83656.726999999955297 ], [ 459450.401899999938905, 83632.243200000375509 ], [ 459064.814000000245869, 83034.842299999669194 ], [ 458860.723399999551475, 82236.018999999389052 ], [ 458748.830099999904633, 81622.08420000039041 ], [ 458748.259499999694526, 81616.66499999910593 ], [ 458578.04839999973774, 80000.022600000724196 ], [ 458459.411000000312924, 78894.567399999126792 ], [ 458458.018600000068545, 78892.002199999988079 ], [ 457946.71999999973923, 77950.03999999910593 ], [ 456987.281000000424683, 77574.814999999478459 ], [ 456382.530299999751151, 77338.040200000628829 ], [ 453204.910000000149012, 75952.35700000077486 ], [ 451846.280500000342727, 75792.729000000283122 ], [ 449686.960199999623001, 75364.369899999350309 ], [ 449413.754399999976158, 75426.768300000578165 ], [ 448361.900299999862909, 76858.89919999986887 ], [ 446841.820299999788404, 78216.934699999168515 ], [ 446049.418499999679625, 78641.274800000712276 ], [ 444901.14740000013262, 79540.213600000366569 ], [ 443252.777999999932945, 81014.30599999986589 ], [ 442128.014000000432134, 81483.743599999696016 ], [ 439999.998700000345707, 82426.95920000039041 ], [ 439177.999900000169873, 82791.299699999392033 ], [ 437990.494500000029802, 83762.999600000679493 ], [ 437975.306200000457466, 83779.255200000479817 ], [ 436957.034400000236928, 84869.081100000068545 ], [ 436527.592000000178814, 85358.79700000025332 ], [ 436493.678600000217557, 85364.996999999508262 ], [ 436479.099999999627471, 85380.599999999627471 ], [ 434649.799999999813735, 85708.0 ], [ 433140.468399999663234, 85341.22859999909997 ], [ 429860.099999999627471, 84582.699999999254942 ], [ 429318.744300000369549, 84910.38289999961853 ], [ 430495.099000000394881, 85166.479000000283122 ], [ 430495.08490000013262, 85172.95299999974668 ], [ 430498.207999999634922, 85187.752299999818206 ], [ 430533.122299999929965, 85195.949400000274181 ], [ 430510.999900000169873, 86073.400200000032783 ], [ 431963.200000000186265, 86565.300200000405312 ], [ 432014.543399999849498, 86654.935499999672174 ], [ 432031.52280000038445, 86661.792300000786781 ], [ 432041.488099999725819, 86701.975700000301003 ], [ 432712.996399999596179, 87874.296499999240041 ], [ 432716.2489, 87890.075200000777841 ], [ 432757.697100000455976, 88091.153400000184774 ], [ 432898.564199999906123, 88147.493699999526143 ], [ 433142.586500000208616, 89255.845200000330806 ], [ 433193.558600000105798, 89297.876900000497699 ], [ 433722.512900000438094, 89734.052699999883771 ], [ 435191.282700000330806, 89796.343699999153614 ], [ 434719.950000000186265, 89690.869999999180436 ], [ 435080.790000000037253, 89566.661000000312924 ], [ 435057.599999999627471, 89194.609999999403954 ], [ 435207.600200000219047, 89383.400100000202656 ], [ 435170.53899999987334, 88727.122099999338388 ], [ 435247.639999999664724, 88996.140000000596046 ], [ 435420.339999999850988, 88821.339999999850988 ], [ 435169.080099999904633, 88701.287399999797344 ], [ 434843.077100000344217, 88603.612600000575185 ], [ 435136.3277000002563, 88506.625499999150634 ], [ 435052.309999999590218, 88342.187000000849366 ], [ 435477.916500000283122, 88406.374199999496341 ], [ 435273.339999999850988, 88519.03999999910593 ], [ 435549.305700000375509, 88828.458000000566244 ], [ 435560.161700000055134, 88840.629899999126792 ], [ 435311.129999999888241, 89155.740000000223517 ], [ 435403.378200000151992, 89128.200400000438094 ], [ 435587.937400000169873, 89073.10249999910593 ], [ 435634.161000000312924, 89351.103700000792742 ], [ 435334.660400000400841, 89240.393899999558926 ], [ 435126.799899999983609, 89677.799699999392033 ], [ 435864.198599999770522, 89819.431099999696016 ], [ 436140.754300000146031, 89815.471999999135733 ], [ 436315.070000000298023, 89812.919999999925494 ], [ 437080.341799999587238, 90053.014399999752641 ], [ 437509.799899999983609, 90135.499900000169873 ], [ 439999.992999999783933, 91671.971200000494719 ], [ 440512.501000000163913, 91988.193199999630451 ], [ 441261.568400000222027, 91907.820000000298023 ], [ 441596.199799999594688, 91825.600199999287724 ], [ 440953.050400000065565, 91833.003299999982119 ], [ 441549.78870000038296, 91444.400800000876188 ], [ 441606.300200000405312, 91407.599899999797344 ], [ 441528.093100000172853, 91369.334899999201298 ], [ 441163.199799999594688, 91190.800799999386072 ], [ 441479.147699999623001, 91199.98589999973774 ], [ 441572.500300000421703, 91202.699799999594688 ], [ 441359.8125, 90787.091000000014901 ], [ 441274.536799999885261, 90620.455600000917912 ], [ 441323.692499999888241, 90662.117300000041723 ], [ 441500.300099999643862, 90811.800300000235438 ], [ 441545.599799999967217, 89487.99970000050962 ], [ 441548.200000000186265, 90373.899800000712276 ], [ 441965.730000000447035, 90048.740000000223517 ], [ 441595.589999999850988, 90689.189999999478459 ], [ 442288.46100000012666, 90133.294800000265241 ], [ 442479.200199999846518, 90299.899700000882149 ], [ 441798.866200000047684, 90865.033299999311566 ], [ 441755.500199999660254, 90929.599700000137091 ], [ 441897.10010000038892, 91460.699200000613928 ], [ 442201.751400000415742, 91818.971300000324845 ], [ 441835.895100000314415, 91089.567500000819564 ], [ 441806.511500000022352, 90885.214199999347329 ], [ 442172.300200000405312, 91417.500099999830127 ], [ 442461.899699999950826, 90946.399800000712276 ], [ 442633.570000000298023, 91235.0 ], [ 443001.599799999967217, 90833.0 ], [ 443900.400299999862909, 90930.099999999627471 ], [ 444106.800200000405312, 90298.900299999862909 ], [ 443912.919999999925494, 91055.259999999776483 ], [ 444574.60010000038892, 91323.400200000032783 ], [ 443213.900000000372529, 90957.28999999910593 ], [ 442789.699900000356138, 91299.700099999085069 ], [ 443177.134300000034273, 91332.125399999320507 ], [ 442959.10010000038892, 91630.799900000914931 ], [ 443427.099999999627471, 91626.5 ], [ 442441.799899999983609, 91786.400100000202656 ], [ 442729.199699999764562, 92030.699999999254942 ], [ 442363.299899999983609, 92127.000199999660254 ], [ 441896.799999999813735, 91744.899800000712276 ], [ 441777.951200000010431, 91889.522199999541044 ], [ 441826.7171, 91941.471699999645352 ], [ 445727.357200000435114, 93475.568499999120831 ], [ 446228.922199999913573, 94300.409299999475479 ], [ 446239.802199999801815, 94318.301699999719858 ], [ 446475.799999999813735, 94989.500199999660254 ], [ 447490.100200000219047, 95589.300100000575185 ], [ 448030.562699999660254, 96399.537200000137091 ], [ 448071.966799999587238, 96422.235500000417233 ], [ 448649.148599999956787, 96571.464700000360608 ], [ 448889.5307, 96632.457499999552965 ], [ 449465.968500000424683, 96607.918800000101328 ], [ 449790.469600000418723, 95840.102900000289083 ], [ 449794.6398, 95836.104499999433756 ], [ 449982.031700000166893, 95656.435499999672174 ], [ 450021.598899999633431, 95618.498999999836087 ], [ 449998.492999999783933, 95445.018100000917912 ], [ 449913.521300000138581, 94807.045499999076128 ], [ 449911.596599999815226, 94792.594399999827147 ], [ 450359.397900000214577, 92967.897399999201298 ], [ 450381.060600000433624, 92937.364900000393391 ], [ 450705.700199999846518, 92479.800100000575185 ], [ 450159.463999999687076, 90143.582100000232458 ], [ 450075.327200000174344, 89783.734400000423193 ], [ 450123.299100000411272, 89379.300400000065565 ], [ 450131.759300000034273, 89345.525000000372529 ], [ 450210.694799999706447, 89030.392400000244379 ], [ 450238.473299999721348, 88918.614000000059605 ], [ 450259.29619999974966, 89075.213300000876188 ], [ 450279.334699999541044, 89224.830299999564886 ], [ 450281.232599999755621, 89238.926200000569224 ] ] ], [ [ [ 472590.903099999763072, 101737.797199999913573 ], [ 473250.300699999555945, 101594.599099999293685 ], [ 473011.79700000025332, 101285.296700000762939 ], [ 472599.590499999932945, 101440.505200000479817 ], [ 472576.498999999836087, 101449.199799999594688 ], [ 472429.201000000350177, 101530.296599999070168 ], [ 472568.244800000451505, 101265.010199999436736 ], [ 472610.600899999961257, 101184.197599999606609 ], [ 472749.799899999983609, 100861.200300000607967 ], [ 473476.999800000339746, 101089.401399999856949 ], [ 473510.970599999651313, 101057.101600000634789 ], [ 473581.932699999772012, 100989.630000000819564 ], [ 473895.799899999983609, 100691.201199999079108 ], [ 473873.865399999544024, 100675.156099999323487 ], [ 473594.499699999578297, 100470.799900000914931 ], [ 473641.054100000299513, 100237.602399999275804 ], [ 473663.788800000213087, 100123.721300000324845 ], [ 473688.482599999755621, 100000.026499999687076 ], [ 473714.300499999895692, 99870.700799999758601 ], [ 473209.900100000202656, 99390.299699999392033 ], [ 472847.499099999666214, 99462.098799999803305 ], [ 472889.003299999982119, 99129.403799999505281 ], [ 473574.700000000186265, 99432.100099999457598 ], [ 474019.400000000372529, 99117.900200000032783 ], [ 474031.603900000452995, 98819.002699999138713 ], [ 473313.699099999852479, 98587.299399999901652 ], [ 474168.900000000372529, 98699.00029999949038 ], [ 474590.800200000405312, 99104.500199999660254 ], [ 475034.096099999733269, 98645.902200000360608 ], [ 475041.599700000137091, 99121.899800000712276 ], [ 475079.30379999987781, 98159.601399999111891 ], [ 474376.89879999961704, 98035.29700000025332 ], [ 472095.012900000438094, 98614.890799999237061 ], [ 471784.85840000025928, 98646.151399999856949 ], [ 471217.816300000064075, 98703.303700000047684 ], [ 470092.517, 98850.395999999716878 ], [ 469986.405299999751151, 98827.417999999597669 ], [ 469166.10259999986738, 98910.096599999815226 ], [ 468789.097199999727309, 99990.897199999541044 ], [ 468866.656299999915063, 100000.051799999549985 ], [ 469172.096800000406802, 100036.104299999773502 ], [ 469148.838800000026822, 100000.054500000551343 ], [ 469029.89989999961108, 99815.699699999764562 ], [ 469338.700299999676645, 99670.400299999862909 ], [ 469354.296099999919534, 99973.80210000090301 ], [ 470164.200000000186265, 99774.400299999862909 ], [ 470478.553899999707937, 100000.035399999469519 ], [ 470929.900100000202656, 100324.0 ], [ 471710.298700000159442, 102850.799499999731779 ], [ 471456.999900000169873, 103530.500199999660254 ], [ 472081.080900000408292, 104217.230499999597669 ], [ 472691.199900000356138, 104396.299900000914931 ], [ 472614.200299999676645, 103971.800100000575185 ], [ 473077.399799999780953, 104279.400100000202656 ], [ 473528.900000000372529, 104049.499800000339746 ], [ 473980.800099999643862, 103240.599899999797344 ], [ 473530.403099999763072, 102324.399299999698997 ], [ 473582.099299999885261, 101384.699400000274181 ], [ 473283.299300000071526, 101826.300799999386072 ], [ 472590.903099999763072, 101737.797199999913573 ] ] ], [ [ [ 468324.499800000339746, 99607.400200000032783 ], [ 468413.354600000195205, 100000.042799999937415 ], [ 468324.799899999983609, 99026.799900000914931 ], [ 464833.031999999657273, 98022.827099999412894 ], [ 464310.499800000339746, 97965.499900000169873 ], [ 463476.997999999672174, 98773.400299999862909 ], [ 462850.19620000012219, 99487.101399999111891 ], [ 463132.498800000175834, 99443.004000000655651 ], [ 462917.747499999590218, 100000.005400000140071 ], [ 462908.311700000427663, 100024.479000000283122 ], [ 462902.7829, 100038.819099999964237 ], [ 463112.598199999891222, 100102.097300000488758 ], [ 462729.699900000356138, 100263.699999999254942 ], [ 462699.896999999880791, 101200.501000000163913 ], [ 463249.398699999786913, 101066.699899999424815 ], [ 463225.000099999830127, 101596.698899999260902 ], [ 464036.161600000225008, 101462.70160000026226 ], [ 464118.501000000163913, 101449.099799999967217 ], [ 464174.699699999764562, 101736.998700000345707 ], [ 463726.4989, 101694.299799999222159 ], [ 464119.697300000116229, 102089.395999999716878 ], [ 464155.999499999918044, 102317.200600000098348 ], [ 463468.897300000302494, 103428.003399999812245 ], [ 463757.810399999842048, 103566.680500000715256 ], [ 463968.696399999782443, 103667.904699999839067 ], [ 464080.164800000376999, 103574.094699999317527 ], [ 464347.356599999591708, 103349.230399999767542 ], [ 464500.199900000356138, 103220.599899999797344 ], [ 465117.802400000393391, 104547.902799999341369 ], [ 466661.589800000190735, 104190.183599999174476 ], [ 466664.483099999837577, 104189.472999999299645 ], [ 467032.246600000187755, 104099.152799999341369 ], [ 467409.10010000038892, 104006.600099999457598 ], [ 467411.997899999842048, 103972.468800000846386 ], [ 467560.251799999736249, 102226.255999999120831 ], [ 467565.299300000071526, 102166.804400000721216 ], [ 467804.300300000235438, 100309.395999999716878 ], [ 467832.381599999964237, 100146.996200000867248 ], [ 467857.794900000095367, 100000.026000000536442 ], [ 467875.799800000153482, 99895.900000000372529 ], [ 467480.697300000116229, 99391.698699999600649 ], [ 467896.66469999961555, 99498.032600000500679 ], [ 468324.499800000339746, 99607.400200000032783 ] ] ], [ [ [ 464021.49930000025779, 102115.499600000679493 ], [ 463386.199400000274181, 101954.595100000500679 ], [ 463631.300300000235438, 102694.903200000524521 ], [ 464021.49930000025779, 102115.499600000679493 ] ] ], [ [ [ 469885.599600000306964, 104222.595899999141693 ], [ 470142.201100000180304, 104279.099999999627471 ], [ 470355.700000000186265, 103784.899800000712276 ], [ 469885.599600000306964, 104222.595899999141693 ] ] ], [ [ [ 497503.42920000012964, 421988.720599999651313 ], [ 497800.300400000065565, 422038.600899999961257 ], [ 497500.239799999631941, 421755.223699999973178 ], [ 496804.89989999961108, 421527.699200000613928 ], [ 496899.799200000241399, 421764.699799999594688 ], [ 496289.900200000032783, 421695.799200000241399 ], [ 495282.597500000149012, 422410.895500000566244 ], [ 496086.599700000137091, 422476.999900000169873 ], [ 497503.42920000012964, 421988.720599999651313 ] ] ], [ [ [ 574753.798000000417233, 184222.596200000494719 ], [ 575016.924700000323355, 184423.571699999272823 ], [ 575148.888299999758601, 184524.365299999713898 ], [ 575329.145200000144541, 184477.565600000321865 ], [ 575561.366499999538064, 184414.595300000160933 ], [ 575896.200100000016391, 184323.800100000575185 ], [ 576477.700500000268221, 184798.300300000235438 ], [ 576616.369400000199676, 186167.410099999979138 ], [ 576618.866499999538064, 186192.064400000497699 ], [ 576623.498700000345707, 186237.799399999901652 ], [ 576666.823300000280142, 186220.190700000151992 ], [ 576671.78000000026077, 186218.176100000739098 ], [ 577369.000300000421703, 185934.800200000405312 ], [ 577143.299800000153482, 185643.400100000202656 ], [ 577507.49199999962002, 185889.97829999960959 ], [ 577691.292899999767542, 185802.01039999909699 ], [ 578550.96239999961108, 185382.981200000271201 ], [ 578877.604199999943376, 185319.072799999266863 ], [ 578922.986100000329316, 185310.19370000064373 ], [ 578977.308699999935925, 185299.565300000831485 ], [ 579390.103000000119209, 185218.801000000908971 ], [ 578890.097799999639392, 185036.30320000089705 ], [ 579936.035500000230968, 185002.283999999985099 ], [ 579530.400500000454485, 185193.998999999836087 ], [ 580000.027400000020862, 185121.629300000146031 ], [ 580465.498999999836087, 185049.900000000372529 ], [ 580359.626600000075996, 184988.506699999794364 ], [ 580535.10219999961555, 184982.799399999901652 ], [ 580842.89989999961108, 184527.800000000745058 ], [ 580197.901200000196695, 184693.099999999627471 ], [ 580171.56940000038594, 184503.484699999913573 ], [ 580168.502799999900162, 184481.402100000530481 ], [ 582392.300300000235438, 184215.0 ], [ 582684.697499999776483, 183915.004200000315905 ], [ 582284.566899999976158, 183637.097999999299645 ], [ 582253.940700000151992, 183615.826999999582767 ], [ 582235.675900000147521, 183606.531999999657273 ], [ 582123.599700000137091, 183525.300100000575185 ], [ 583029.101999999955297, 183632.695000000298023 ], [ 582409.099000000394881, 183440.299399999901652 ], [ 582232.799700000323355, 182982.299699999392033 ], [ 580774.5477, 182542.384800000116229 ], [ 580738.205699999816716, 182531.444499999284744 ], [ 580434.746299999766052, 182452.139799999073148 ], [ 580000.009499999694526, 182337.474300000816584 ], [ 579782.801300000399351, 182280.400100000202656 ], [ 579512.401100000366569, 182527.100199999287724 ], [ 579345.735799999907613, 182289.136499999091029 ], [ 579235.400999999605119, 182131.600999999791384 ], [ 578677.803999999538064, 181905.299499999731779 ], [ 577298.298100000247359, 182091.496200000867248 ], [ 577210.911999999545515, 182200.101999999955297 ], [ 576972.034300000406802, 182496.985700000077486 ], [ 576931.460900000296533, 182547.411499999463558 ], [ 576916.411700000055134, 182566.115000000223517 ], [ 576685.10190000012517, 182853.593299999833107 ], [ 576619.505400000140071, 182935.118400000035763 ], [ 576410.400200000032783, 183195.0 ], [ 576186.706799999810755, 183165.184900000691414 ], [ 575398.701100000180304, 183058.500199999660254 ], [ 574753.798000000417233, 184222.596200000494719 ] ] ], [ [ [ 586305.301799999549985, 169344.704900000244379 ], [ 586045.302000000141561, 169025.79619999974966 ], [ 585882.396099999547005, 169531.801400000229478 ], [ 586676.197599999606609, 169778.000900000333786 ], [ 586305.301799999549985, 169344.704900000244379 ] ] ], [ [ [ 581759.098699999973178, 169980.702899999916553 ], [ 581214.001299999654293, 169304.096499999985099 ], [ 580761.800900000147521, 169538.199500000104308 ], [ 580614.296699999831617, 169993.499199999496341 ], [ 581512.200400000438094, 170173.097799999639392 ], [ 581970.700000000186265, 170067.298100000247359 ], [ 582038.103400000371039, 169506.098699999973178 ], [ 581759.098699999973178, 169980.702899999916553 ] ] ], [ [ [ 578268.997399999760091, 170135.598500000312924 ], [ 578449.498200000263751, 170778.804400000721216 ], [ 579168.60010000038892, 170476.600299999117851 ], [ 579498.800300000235438, 170696.299799999222159 ], [ 579729.601700000464916, 170287.095200000330806 ], [ 578268.997399999760091, 170135.598500000312924 ] ] ], [ [ [ 601822.299999999813735, 165679.400000000372529 ], [ 600686.799100000411272, 166018.697000000625849 ], [ 600206.400000000372529, 166669.400000000372529 ], [ 599999.99349999986589, 166672.576700000092387 ], [ 599076.101599999703467, 166686.795700000599027 ], [ 598997.501500000245869, 167349.895899999886751 ], [ 598969.600200000219047, 166752.096999999135733 ], [ 598427.399699999950826, 167363.100099999457598 ], [ 597727.399299999698997, 167330.101600000634789 ], [ 598532.500300000421703, 166971.700799999758601 ], [ 598524.300200000405312, 166621.899900000542402 ], [ 598066.100300000049174, 166559.899900000542402 ], [ 595419.300699999555945, 167417.096599999815226 ], [ 595406.703200000338256, 167151.502699999138713 ], [ 594742.596499999985099, 166988.099500000476837 ], [ 594777.699900000356138, 167227.400000000372529 ], [ 594433.001000000163913, 167143.600199999287724 ], [ 594149.100200000219047, 167503.800899999216199 ], [ 593640.299899999983609, 167180.400900000706315 ], [ 593790.300099999643862, 167002.495400000363588 ], [ 593162.599799999967217, 166837.700200000777841 ], [ 592553.099999999627471, 167153.899000000208616 ], [ 592559.296000000089407, 167900.798200000077486 ], [ 592885.298700000159442, 168107.199599999934435 ], [ 592427.799300000071526, 169090.999900000169873 ], [ 591521.495600000023842, 169379.093100000172853 ], [ 591518.098399999551475, 169404.392599999904633 ], [ 591468.199699999764562, 169776.000199999660254 ], [ 590061.599999999627471, 170465.499800000339746 ], [ 589344.700100000016391, 171896.999900000169873 ], [ 590106.497499999590218, 171319.199699999764562 ], [ 590685.597699999809265, 171586.203299999237061 ], [ 590826.213999999687076, 172033.047700000926852 ], [ 590712.798899999819696, 172020.599500000476837 ], [ 590346.199900000356138, 172674.499900000169873 ], [ 590330.341099999845028, 173639.663599999621511 ], [ 590332.965499999932945, 173645.17879999987781 ], [ 590903.902099999599159, 174845.000499999150634 ], [ 590817.200299999676645, 175606.400200000032783 ], [ 592565.298999999649823, 174946.900299999862909 ], [ 594067.560300000011921, 174840.935900000855327 ], [ 594113.399400000460446, 174837.702600000426173 ], [ 595820.600200000219047, 173640.799699999392033 ], [ 597283.1579, 173414.662799999117851 ], [ 597352.100599999539554, 173404.003000000491738 ], [ 600000.005199999548495, 173148.996500000357628 ], [ 600610.49930000025779, 173090.202800000086427 ], [ 601886.397699999623001, 172603.202199999243021 ], [ 602589.503600000403821, 171510.505000000819564 ], [ 604519.000199999660254, 169739.100299999117851 ], [ 605485.902800000272691, 167957.30210000090301 ], [ 605000.103799999691546, 167270.198699999600649 ], [ 604980.595999999903142, 167586.598200000822544 ], [ 604541.99930000025779, 167593.696299999952316 ], [ 603482.30350000038743, 166358.299799999222159 ], [ 601822.299999999813735, 165679.400000000372529 ] ] ], [ [ [ 586654.900299999862909, 171186.598899999633431 ], [ 586672.99930000025779, 171595.300000000745058 ], [ 587249.199799999594688, 171508.300799999386072 ], [ 587542.800200000405312, 169843.800300000235438 ], [ 586542.900399999693036, 170176.798100000247359 ], [ 586012.499900000169873, 169985.800100000575185 ], [ 585889.700299999676645, 170945.796599999070168 ], [ 585513.899600000120699, 170844.595599999651313 ], [ 585927.499699999578297, 171292.899800000712276 ], [ 586346.600999999791384, 170886.801699999719858 ], [ 586139.799399999901652, 171137.700899999588728 ], [ 586654.900299999862909, 171186.598899999633431 ] ] ], [ [ [ 587003.899799999780953, 171796.799900000914931 ], [ 586475.801300000399351, 172322.401300000026822 ], [ 586183.099700000137091, 172315.700200000777841 ], [ 585928.600599999539554, 171660.601099999621511 ], [ 585606.599299999885261, 172429.100400000810623 ], [ 585063.899799999780953, 172086.899800000712276 ], [ 585517.197599999606609, 172807.103800000622869 ], [ 586911.899299999698997, 172676.200300000607967 ], [ 587003.899799999780953, 171796.799900000914931 ] ] ], [ [ [ 583213.098799999803305, 172714.700300000607967 ], [ 583575.296099999919534, 172442.698100000619888 ], [ 583565.096900000236928, 171910.400499999523163 ], [ 583445.799100000411272, 172259.500600000843406 ], [ 582948.399299999698997, 172396.201400000602007 ], [ 583213.098799999803305, 172714.700300000607967 ] ] ], [ [ [ 583508.403900000266731, 173145.29700000025332 ], [ 583152.002899999730289, 173060.901200000196695 ], [ 583383.301599999889731, 173344.5 ], [ 583508.403900000266731, 173145.29700000025332 ] ] ], [ [ [ 584474.997100000269711, 174588.503900000825524 ], [ 584838.101400000043213, 174532.199999999254942 ], [ 584293.902599999681115, 174448.104100000113249 ], [ 584545.20380000025034, 174822.496899999678135 ], [ 584770.500099999830127, 174751.397299999371171 ], [ 584474.997100000269711, 174588.503900000825524 ] ] ], [ [ [ 584833.600200000219047, 175457.200300000607967 ], [ 585034.597699999809265, 174997.196900000795722 ], [ 584632.898299999535084, 175172.096799999475479 ], [ 584833.600200000219047, 175457.200300000607967 ] ] ], [ [ [ 583192.321000000461936, 184919.273800000548363 ], [ 582286.29619999974966, 184744.096899999305606 ], [ 582196.925800000317395, 184762.244200000539422 ], [ 581048.200299999676645, 184995.500099999830127 ], [ 582096.29700000025332, 185219.300899999216199 ], [ 582155.292399999685585, 185229.66469999961555 ], [ 583188.099700000137091, 185411.099600000306964 ], [ 583205.620600000023842, 185410.752299999818206 ], [ 583637.100499999709427, 185402.199400000274181 ], [ 583198.622899999842048, 184926.116100000217557 ], [ 583192.321000000461936, 184919.273800000548363 ] ] ], [ [ [ 596134.997600000351667, 189723.501599999144673 ], [ 596352.197300000116229, 189957.30460000038147 ], [ 596489.799700000323355, 189488.699999999254942 ], [ 596971.203499999828637, 188487.895199999213219 ], [ 596358.899699999950826, 188392.799699999392033 ], [ 595950.596900000236928, 188848.801899999380112 ], [ 596134.997600000351667, 189723.501599999144673 ] ] ], [ [ [ 596552.0, 192261.300000000745058 ], [ 596672.800200000405312, 191182.899800000712276 ], [ 595752.699500000104308, 188887.400000000372529 ], [ 595190.0, 190208.099700000137091 ], [ 594751.600300000049174, 190433.799399999901652 ], [ 594643.792200000025332, 191086.989499999210238 ], [ 594632.699000000022352, 191154.200999999418855 ], [ 594649.187699999660254, 191177.915699999779463 ], [ 595307.902599999681115, 192125.303999999538064 ], [ 596117.399799999780953, 192362.800200000405312 ], [ 596552.0, 192261.300000000745058 ] ] ], [ [ [ 596383.198699999600649, 190124.096899999305606 ], [ 596769.00069999974221, 190774.800699999555945 ], [ 597244.0, 190863.800000000745058 ], [ 597423.299700000323355, 190370.999800000339746 ], [ 598081.099899999797344, 190268.500099999830127 ], [ 598525.398199999704957, 189772.497099999338388 ], [ 598121.900299999862909, 190357.000199999660254 ], [ 597460.499699999578297, 190448.000099999830127 ], [ 597306.002700000070035, 190928.596899999305606 ], [ 596865.600300000049174, 190839.20130000077188 ], [ 596671.396599999628961, 192122.904699999839067 ], [ 598107.001899999566376, 192053.704500000923872 ], [ 598661.000300000421703, 192375.099799999967217 ], [ 599100.799800000153482, 194504.199799999594688 ], [ 599705.800999999977648, 194752.401100000366569 ], [ 600000.010900000110269, 194699.367000000551343 ], [ 600929.600300000049174, 194531.799799999222159 ], [ 604827.196700000204146, 195443.404200000688434 ], [ 604708.100200000219047, 194618.099999999627471 ], [ 603038.800200000405312, 192243.600899999961257 ], [ 600140.901100000366569, 189582.90059999935329 ], [ 600000.009100000374019, 189555.433800000697374 ], [ 599634.10149999987334, 189484.100199999287724 ], [ 598787.499800000339746, 188343.896500000730157 ], [ 597912.299999999813735, 188086.899700000882149 ], [ 596958.399400000460446, 188572.699899999424815 ], [ 596383.198699999600649, 190124.096899999305606 ] ] ], [ [ [ 590086.60219999961555, 196892.299499999731779 ], [ 590154.679999999701977, 196527.25789999961853 ], [ 590160.098699999973178, 196498.202299999073148 ], [ 590114.490699999965727, 196517.615399999544024 ], [ 589614.597199999727309, 196730.395899999886751 ], [ 590086.60219999961555, 196892.299499999731779 ] ] ], [ [ [ 588170.201200000010431, 197163.900299999862909 ], [ 589792.183500000275671, 197044.022399999201298 ], [ 590368.299800000153482, 197323.699699999764562 ], [ 590141.003100000321865, 197099.439300000667572 ], [ 590064.441399999894202, 197023.900299999862909 ], [ 589180.300300000235438, 196953.800200000405312 ], [ 589552.996700000017881, 196377.049599999561906 ], [ 588696.999699999578297, 196811.50029999949038 ], [ 587786.5921, 196668.171800000593066 ], [ 587727.700299999676645, 196658.900299999862909 ], [ 587804.982599999755621, 196747.098099999129772 ], [ 587808.682400000281632, 196751.32039999961853 ], [ 588170.201200000010431, 197163.900299999862909 ] ] ], [ [ [ 591031.2659, 197236.961799999698997 ], [ 591265.299700000323355, 197113.896099999547005 ], [ 590377.000199999660254, 196637.0 ], [ 590819.925300000235438, 197043.162399999797344 ], [ 590971.728099999949336, 197182.365599999204278 ], [ 590793.830400000326335, 197223.856499999761581 ], [ 590544.599899999797344, 197210.100199999287724 ], [ 590297.197599999606609, 196768.604900000616908 ], [ 590503.800200000405312, 197291.5 ], [ 591031.2659, 197236.961799999698997 ] ] ], [ [ [ 591951.300099999643862, 206745.399800000712276 ], [ 592644.899699999950826, 206301.099700000137091 ], [ 591595.800099999643862, 205851.499900000169873 ], [ 590340.400799999944866, 206459.10050000064075 ], [ 590452.699799999594688, 206708.000199999660254 ], [ 591951.300099999643862, 206745.399800000712276 ] ] ], [ [ [ 588259.603900000452995, 206424.200999999418855 ], [ 588287.100700000301003, 206664.301200000569224 ], [ 588546.599299999885261, 206530.40059999935329 ], [ 588256.603099999949336, 206105.60190000012517 ], [ 588539.902999999932945, 206211.101999999955297 ], [ 588609.301599999889731, 205703.997199999168515 ], [ 587323.400100000202656, 205680.199999999254942 ], [ 588063.602300000376999, 207039.504899999126792 ], [ 588259.603900000452995, 206424.200999999418855 ] ] ], [ [ [ 601426.496500000357628, 214631.401699999347329 ], [ 601871.501299999654293, 215485.400000000372529 ], [ 603028.503600000403821, 216129.702899999916553 ], [ 603101.435600000433624, 216002.198200000450015 ], [ 603149.20299999974668, 216123.504599999636412 ], [ 604502.900000000372529, 216400.300000000745058 ], [ 605188.300099999643862, 215933.800100000575185 ], [ 606471.303100000135601, 215890.801200000569224 ], [ 607352.299599999561906, 215473.299599999561906 ], [ 606753.399799999780953, 214534.099799999967217 ], [ 603323.503600000403821, 212554.496300000697374 ], [ 600321.599700000137091, 212394.701099999248981 ], [ 600011.799999999813735, 212979.199799999594688 ], [ 600243.598799999803305, 213703.899800000712276 ], [ 601426.496500000357628, 214631.401699999347329 ] ] ], [ [ [ 625107.499200000427663, 223526.795499999076128 ], [ 625101.246199999935925, 223524.542799999937415 ], [ 625074.43030000012368, 223514.88230000063777 ], [ 624788.995900000445545, 223412.052999999374151 ], [ 624780.796900000423193, 223409.099199999123812 ], [ 624777.059100000187755, 223414.822300000116229 ], [ 624444.900700000114739, 223923.400900000706315 ], [ 623963.39989999961108, 223986.300200000405312 ], [ 624122.502899999730289, 224454.899299999698997 ], [ 624827.299100000411272, 224333.904400000348687 ], [ 625100.034500000067055, 223548.2972999997437 ], [ 625105.774500000290573, 223531.763399999588728 ], [ 625107.499200000427663, 223526.795499999076128 ] ] ], [ [ [ 622840.799899999983609, 225325.200200000777841 ], [ 623006.099999999627471, 224993.599999999627471 ], [ 622968.796400000341237, 225249.602299999445677 ], [ 624248.800200000405312, 225587.199899999424815 ], [ 624421.89879999961704, 224769.200099999085069 ], [ 624080.799999999813735, 224800.399900000542402 ], [ 623697.05559999961406, 224504.444299999624491 ], [ 623816.299999999813735, 224814.5 ], [ 623539.900000000372529, 224534.098799999803305 ], [ 623464.100899999961257, 223892.900800000876188 ], [ 622150.000199999660254, 224528.399700000882149 ], [ 622360.401499999687076, 225246.303300000727177 ], [ 622840.799899999983609, 225325.200200000777841 ] ] ], [ [ [ 624468.696600000374019, 224691.002199999988079 ], [ 624620.301199999637902, 225265.400000000372529 ], [ 624749.964499999769032, 224630.357499999925494 ], [ 624749.600899999961257, 224412.899900000542402 ], [ 624124.69620000012219, 224677.995899999514222 ], [ 624468.696600000374019, 224691.002199999988079 ] ] ], [ [ [ 622366.997600000351667, 225664.80350000038743 ], [ 622366.099499999545515, 225636.600899999961257 ], [ 621163.696899999864399, 225142.302999999374151 ], [ 622350.424599999561906, 225657.607100000604987 ], [ 622101.817999999970198, 225990.769400000572205 ], [ 621740.699699999764562, 225981.800100000575185 ], [ 622066.499800000339746, 226038.099899999797344 ], [ 622171.499900000169873, 225992.500099999830127 ], [ 622366.997600000351667, 225664.80350000038743 ] ] ], [ [ [ 622224.299700000323355, 227137.200999999418855 ], [ 622425.603500000201166, 227513.40430000051856 ], [ 622888.299700000323355, 226950.999600000679493 ], [ 622650.899799999780953, 226957.703400000929832 ], [ 623335.999699999578297, 226858.901100000366569 ], [ 623374.600999999791384, 226030.499399999156594 ], [ 622695.7034, 226342.999299999326468 ], [ 623234.199900000356138, 225849.399700000882149 ], [ 622425.799800000153482, 226010.599799999967217 ], [ 622635.101099999621511, 226544.300899999216199 ], [ 622224.299700000323355, 227137.200999999418855 ] ] ], [ [ [ 621568.644700000062585, 227008.138699999079108 ], [ 621872.400100000202656, 227095.5 ], [ 622253.99959999974817, 226823.601099999621511 ], [ 621903.05460000038147, 226910.255799999460578 ], [ 621540.000799999572337, 226999.90059999935329 ], [ 621568.644700000062585, 227008.138699999079108 ] ] ], [ [ [ 642419.901399999856949, 247874.495999999344349 ], [ 640982.500799999572337, 246859.439799999818206 ], [ 639999.173899999819696, 246573.805600000545382 ], [ 640000.000300000421703, 246577.001499999314547 ], [ 640173.700199999846518, 247024.499900000169873 ], [ 640919.100700000301003, 247016.001000000163913 ], [ 641639.89989999961108, 248293.099999999627471 ], [ 642116.5011, 248218.200099999085069 ], [ 642541.103799999691546, 248198.80320000089705 ], [ 642419.901399999856949, 247874.495999999344349 ] ] ], [ [ [ 592946.167200000025332, 344167.294600000604987 ], [ 592804.100200000219047, 343883.599799999967217 ], [ 592022.500199999660254, 343848.799799999222159 ], [ 592581.799800000153482, 344185.599899999797344 ], [ 592947.115000000223517, 344170.584499999880791 ], [ 592946.167200000025332, 344167.294600000604987 ] ] ], [ [ [ 581335.096499999985099, 345888.699799999594688 ], [ 581239.100200000219047, 346376.799799999222159 ], [ 581184.301400000229478, 345990.800400000065565 ], [ 580981.004099999554455, 346348.798000000417233 ], [ 581100.700100000016391, 346014.799799999222159 ], [ 580412.803899999707937, 345997.098699999973178 ], [ 580122.499900000169873, 345595.101299999281764 ], [ 580000.014000000432134, 346027.99269999936223 ], [ 579955.900299999862909, 346183.899800000712276 ], [ 580000.006199999712408, 346263.852700000628829 ], [ 580260.299899999983609, 346735.699899999424815 ], [ 579999.99280000012368, 346670.780200000852346 ], [ 579437.899699999950826, 346530.596000000834465 ], [ 579486.900000000372529, 346309.599300000816584 ], [ 579002.599999999627471, 346502.199799999594688 ], [ 578870.697200000286102, 346114.095300000160933 ], [ 578874.099999999627471, 346612.600099999457598 ], [ 579882.60080000013113, 346804.700300000607967 ], [ 579999.988900000229478, 346788.980699999257922 ], [ 583903.902999999932945, 346266.201700000092387 ], [ 584801.402599999681115, 345877.503000000491738 ], [ 584075.300699999555945, 345708.900000000372529 ], [ 583339.600300000049174, 346017.799900000914931 ], [ 583986.304100000299513, 345615.298000000417233 ], [ 583102.199799999594688, 345778.399900000542402 ], [ 582320.551699999719858, 345702.444900000467896 ], [ 582225.498499999754131, 345919.100700000301003 ], [ 581335.096499999985099, 345888.699799999594688 ] ] ] ] } },
{ "type": "Feature", "properties": { "fid": 2, "country": "W", "shapeName": "Wales", "id": null, "shapeISO": "GB-WLS", "shapeID": "14339913B89763821047858", "shapeGroup": "GBR", "shapeType": "ADM1", "layer": "geoBoundaries-GBR-ADM1 copy -- WALES", "path": "/Users/joharameyer/Downloads/geoBoundaries-GBR-ADM1-all (1)/geoBoundaries-GBR-ADM1.shp" }, "geometry": { "type": "MultiPolygon", "coordinates": [ [ [ [ 214331.398400000296533, 195756.904500000178814 ], [ 213634.39919999986887, 196293.200099999085069 ], [ 212996.60010000038892, 196041.000199999660254 ], [ 213170.196899999864399, 196741.602600000798702 ], [ 212620.299800000153482, 197185.300200000405312 ], [ 212971.69579999987036, 197180.02250000089407 ], [ 213364.641900000162423, 197049.126700000837445 ], [ 213697.301199999637902, 196869.600199999287724 ], [ 214538.801099999807775, 197070.400699999183416 ], [ 214970.789499999955297, 196643.059699999168515 ], [ 215011.928000000305474, 196600.642500000074506 ], [ 214331.398400000296533, 195756.904500000178814 ] ] ], [ [ [ 174514.997899999842048, 205388.898299999535084 ], [ 174096.399500000290573, 205132.200500000268221 ], [ 174104.440700000151992, 204902.689899999648333 ], [ 173937.135999999940395, 204721.025100000202656 ], [ 173210.985999999567866, 204588.157199999317527 ], [ 172847.025999999605119, 204533.73509999923408 ], [ 172782.399799999780953, 204853.400200000032783 ], [ 173852.941999999806285, 205585.459100000560284 ], [ 174020.989099999889731, 205554.628699999302626 ], [ 174514.997899999842048, 205388.898299999535084 ] ] ], [ [ [ 238716.900399999693036, 205252.596400000154972 ], [ 238299.197300000116229, 205500.095599999651313 ], [ 238875.599899999797344, 205722.601299999281764 ], [ 238580.700199999846518, 205513.0011 ], [ 238716.900399999693036, 205252.596400000154972 ] ] ], [ [ [ 238864.400200000032783, 205891.400000000372529 ], [ 238387.501899999566376, 205738.797199999913573 ], [ 238590.399600000120699, 206045.299599999561906 ], [ 238864.400200000032783, 205891.400000000372529 ] ] ], [ [ [ 146681.496500000357628, 208858.204299999400973 ], [ 146673.004099999554455, 208756.003599999472499 ], [ 146597.10010000038892, 208838.699899999424815 ], [ 146681.496500000357628, 208858.204299999400973 ] ] ], [ [ [ 159614.0, 209312.0 ], [ 159911.0, 209520.0 ], [ 159706.0, 209074.5 ], [ 159614.0, 209312.0 ] ] ], [ [ [ 173865.000900000333786, 209080.145099999383092 ], [ 173813.46999999973923, 209084.900000000372529 ], [ 173808.011199999600649, 209076.784800000488758 ], [ 173709.74129999987781, 209070.990499999374151 ], [ 173695.504999999888241, 209070.237800000235438 ], [ 173666.125900000333786, 208985.827899999916553 ], [ 173585.099200000055134, 208764.401399999856949 ], [ 173531.199900000356138, 209322.200099999085069 ], [ 172686.996399999596179, 208421.399299999698997 ], [ 172317.28870000038296, 208557.364700000733137 ], [ 172451.498499999754131, 208674.252299999818206 ], [ 172642.400000000372529, 208767.300000000745058 ], [ 171622.383799999952316, 208942.127299999818206 ], [ 171448.000099999830127, 209180.149399999529123 ], [ 171370.919900000095367, 209650.429400000721216 ], [ 171610.975200000219047, 209901.914300000295043 ], [ 172313.599399999715388, 210287.199500000104308 ], [ 172765.360600000247359, 210113.502699999138713 ], [ 173547.009200000204146, 209633.974999999627471 ], [ 173542.199300000444055, 209374.500199999660254 ], [ 173811.058400000445545, 209471.985500000417233 ], [ 174155.266499999910593, 209260.819900000467896 ], [ 174299.775399999693036, 209105.780799999833107 ], [ 173865.000900000333786, 209080.145099999383092 ] ] ], [ [ [ 216925.435399999842048, 246017.865599999204278 ], [ 216873.255499999970198, 246051.681900000199676 ], [ 216409.298700000159442, 246366.800100000575185 ], [ 216857.664499999955297, 247380.292999999597669 ], [ 216865.897199999541044, 247398.902200000360608 ], [ 216850.260999999940395, 248149.238099999725819 ], [ 216848.796900000423193, 248219.497300000861287 ], [ 216532.803199999965727, 248325.724199999123812 ], [ 216173.883600000292063, 248446.38150000013411 ], [ 215977.200199999846518, 248512.500099999830127 ], [ 216237.7966, 249182.801500000059605 ], [ 215800.500199999660254, 250214.900000000372529 ], [ 216269.660000000149012, 251370.252900000661612 ], [ 216386.39809999987483, 251346.493699999526143 ], [ 216737.650000000372529, 251173.220000000670552 ], [ 216897.287200000137091, 251242.514599999412894 ], [ 217078.809999999590218, 251205.570000000298023 ], [ 218106.708999999798834, 251756.223400000482798 ], [ 218995.388500000350177, 251668.373800000175834 ], [ 219011.934500000439584, 251668.932600000873208 ], [ 219019.086900000460446, 251680.060200000181794 ], [ 219390.494300000369549, 251863.211899999529123 ], [ 219232.671299999579787, 252007.736099999397993 ], [ 219340.992200000211596, 252173.919399999082088 ], [ 220861.040199999697506, 252091.25139999948442 ], [ 220933.005499999970198, 252113.943600000813603 ], [ 221800.401300000026822, 252355.403400000184774 ], [ 222619.696600000374019, 251990.797700000926852 ], [ 222637.770100000314415, 251990.905200000852346 ], [ 223342.400899999774992, 251995.096499999985099 ], [ 223839.39670000039041, 252547.798299999907613 ], [ 224618.873800000175834, 252638.45299999974668 ], [ 224858.446399999782443, 252568.967299999669194 ], [ 225075.429700000211596, 252321.810799999162555 ], [ 225057.326999999582767, 252208.719000000506639 ], [ 225466.157399999909103, 251876.749099999666214 ], [ 225872.497999999672174, 251413.903500000014901 ], [ 226019.289300000295043, 251598.375800000503659 ], [ 227011.384200000204146, 251523.207800000905991 ], [ 227055.314100000075996, 251516.083699999377131 ], [ 227070.603199999779463, 251513.604299999773502 ], [ 227722.902900000102818, 251512.604599999263883 ], [ 228813.501899999566376, 252145.203500000759959 ], [ 228937.809000000357628, 252306.412699999287724 ], [ 228977.485999999567866, 252322.945000000298023 ], [ 229011.848299999721348, 252369.603399999439716 ], [ 229236.190000000409782, 252466.779999999329448 ], [ 229897.46030000038445, 253537.753499999642372 ], [ 230699.917000000365078, 253995.334100000560284 ], [ 231072.698099999688566, 254207.903100000694394 ], [ 231169.552000000141561, 254566.230499999597669 ], [ 231199.955599999986589, 254683.901499999687076 ], [ 231310.5, 254803.400000000372529 ], [ 231262.26659999974072, 254925.063300000503659 ], [ 231345.894000000320375, 255248.72580000013113 ], [ 231467.694899999536574, 255712.763399999588728 ], [ 231505.900000000372529, 255191.400000000372529 ], [ 231509.220700000412762, 255189.638699999079108 ], [ 231514.500599999912083, 255120.100999999791384 ], [ 231700.880499999970198, 255087.984300000593066 ], [ 231854.040000000037253, 255006.75 ], [ 231989.46239999961108, 255038.25620000064373 ], [ 232249.202399999834597, 254993.498199999332428 ], [ 232456.613499999977648, 255146.939699999988079 ], [ 232886.700000000186265, 255247.0 ], [ 234095.949900000356138, 256359.710799999535084 ], [ 234433.364500000141561, 256609.328099999576807 ], [ 235964.029900000430644, 258078.654799999669194 ], [ 236213.9693, 258308.640599999576807 ], [ 236244.739900000393391, 258348.115800000727177 ], [ 237177.399500000290573, 259243.400800000876188 ], [ 237573.494900000281632, 260000.035000000149012 ], [ 237637.838399999774992, 260122.945900000631809 ], [ 237663.940000000409782, 260166.599999999627471 ], [ 237724.853600000031292, 260192.948100000619888 ], [ 238360.189899999648333, 260380.106599999591708 ], [ 238491.200100000016391, 260418.699799999594688 ], [ 238905.66260000038892, 260255.865900000557303 ], [ 239171.246100000105798, 260035.4386 ], [ 239173.866799999959767, 260000.01799999922514 ], [ 239206.800200000405312, 259554.900200000032783 ], [ 239730.304700000211596, 259571.434699999168515 ], [ 239742.753200000151992, 259561.102800000458956 ], [ 239757.090800000354648, 259572.2807 ], [ 239999.982499999925494, 259579.952299999073148 ], [ 240059.724899999797344, 259581.839199999347329 ], [ 240474.699599999934435, 259916.799000000581145 ], [ 241259.000500000081956, 259816.898700000718236 ], [ 241529.234299999661744, 260000.002699999138713 ], [ 242547.623200000263751, 260690.03800000064075 ], [ 245028.997600000351667, 262557.303099999204278 ], [ 245053.921900000423193, 262592.314300000667572 ], [ 245384.301699999719858, 263056.399700000882149 ], [ 245832.499400000087917, 262764.70299999974668 ], [ 245481.0, 263120.900900000706315 ], [ 246254.081399999558926, 263541.667500000447035 ], [ 247263.104399999603629, 263641.702199999243021 ], [ 249449.10010000038892, 265128.899800000712276 ], [ 249927.059399999678135, 265792.973699999973178 ], [ 250748.299700000323355, 266934.000199999660254 ], [ 251205.200100000016391, 268136.600099999457598 ], [ 252243.096300000324845, 268755.299000000581145 ], [ 252271.691499999724329, 268824.267000000923872 ], [ 252655.099999999627471, 269749.000099999830127 ], [ 254225.100999999791384, 271546.5 ], [ 255654.697900000028312, 274807.563999999314547 ], [ 255658.115299999713898, 274815.359400000423193 ], [ 255662.29839999973774, 274824.901599999517202 ], [ 256400.199199999682605, 277239.799900000914931 ], [ 257705.661700000055134, 279642.624299999326468 ], [ 257795.860399999655783, 279999.958300000056624 ], [ 257917.895299999974668, 280483.414899999275804 ], [ 257862.711799999698997, 280633.158299999311566 ], [ 257837.07149999961257, 280765.337700000032783 ], [ 258055.897300000302494, 280491.799399999901652 ], [ 258135.099799999967217, 281366.99970000050962 ], [ 257899.39780000038445, 280846.797800000756979 ], [ 257823.600399999879301, 281613.199100000783801 ], [ 258125.776899999938905, 281772.611500000581145 ], [ 258141.299700000323355, 281780.800499999895692 ], [ 258284.499900000169873, 281973.795199999585748 ], [ 258287.7796, 281996.498999999836087 ], [ 258460.998999999836087, 283195.5954 ], [ 258485.030500000342727, 283233.863600000739098 ], [ 258716.399799999780953, 283602.299699999392033 ], [ 258670.076500000432134, 283949.949899999424815 ], [ 258737.091900000348687, 285052.520500000566244 ], [ 259238.075000000186265, 286515.923000000417233 ], [ 259253.096699999645352, 286559.802500000223517 ], [ 260000.008500000461936, 288367.350299999117851 ], [ 260065.400299999862909, 288525.600299999117851 ], [ 260372.143799999728799, 288766.254000000655651 ], [ 260589.589100000448525, 288891.198000000789762 ], [ 260599.776600000448525, 288944.841900000348687 ], [ 260755.998200000263751, 289067.404699999839067 ], [ 260525.400500000454485, 294526.600899999961257 ], [ 260944.900799999944866, 294940.903400000184774 ], [ 261058.117300000041723, 294642.61739999987185 ], [ 261175.061099999584258, 294334.511399999260902 ], [ 261271.700799999758601, 294079.899599999189377 ], [ 261518.201200000010431, 294045.838300000876188 ], [ 261604.599999999627471, 294033.899700000882149 ], [ 261611.354399999603629, 294015.672399999573827 ], [ 261636.486999999731779, 293946.578999999910593 ], [ 261681.899799999780953, 293825.300100000575185 ], [ 261804.708300000056624, 293818.067199999466538 ], [ 261764.000799999572337, 294054.600299999117851 ], [ 263445.999400000087917, 293970.400299999862909 ], [ 264331.499800000339746, 294647.900000000372529 ], [ 264506.704800000414252, 294445.362700000405312 ], [ 264058.202899999916553, 294246.002299999818206 ], [ 264432.399799999780953, 294341.0 ], [ 264460.209499999880791, 294298.873400000855327 ], [ 264576.099999999627471, 294457.500800000503659 ], [ 264642.497399999760091, 294871.80320000089705 ], [ 264833.399799999780953, 294685.300300000235438 ], [ 264715.700199999846518, 294923.800100000575185 ], [ 265543.429999999701977, 295035.99379999935627 ], [ 266901.699900000356138, 295835.799499999731779 ], [ 266638.800300000235438, 295725.700099999085069 ], [ 266795.497200000099838, 296370.404200000688434 ], [ 266968.099700000137091, 296144.199999999254942 ], [ 267214.601400000043213, 296699.299599999561906 ], [ 267230.400000000372529, 296714.099799999967217 ], [ 267543.199900000356138, 296799.400000000372529 ], [ 267489.50040000025183, 297079.999800000339746 ], [ 267741.403599999845028, 297056.097899999469519 ], [ 267535.500199999660254, 296645.599799999967217 ], [ 267945.210799999535084, 297202.328700000420213 ], [ 267946.200000000186265, 297263.300200000405312 ], [ 268445.745900000445545, 297335.335400000214577 ], [ 268467.0, 297338.400200000032783 ], [ 268477.344700000248849, 297305.460400000214577 ], [ 268757.400600000284612, 296413.700899999588728 ], [ 268792.896200000308454, 296828.30320000089705 ], [ 268958.015300000086427, 296851.011600000783801 ], [ 269167.863699999637902, 296880.222999999299645 ], [ 269124.478799999691546, 296939.296099999919534 ], [ 268603.799899999983609, 297635.899800000712276 ], [ 267211.700500000268221, 297674.699899999424815 ], [ 266643.66440000012517, 297240.740199999883771 ], [ 266582.740399999544024, 297194.196399999782443 ], [ 266465.200199999846518, 297104.399800000712276 ], [ 265324.5614, 296841.692399999126792 ], [ 264991.938000000081956, 296765.08390000090003 ], [ 260364.003200000151992, 295699.196399999782443 ], [ 260000.012600000016391, 295834.731100000441074 ], [ 259710.598600000143051, 295942.496700000017881 ], [ 258999.899100000038743, 297717.698599999770522 ], [ 258964.667399999685585, 297795.275100000202656 ], [ 257963.402300000190735, 299999.955600000917912 ], [ 257909.845499999821186, 300117.881899999454618 ], [ 257160.301199999637902, 301768.299599999561906 ], [ 257080.297899999655783, 301877.267000000923872 ], [ 256988.691100000403821, 301998.66609999909997 ], [ 256879.473100000061095, 302145.536199999973178 ], [ 256873.631000000052154, 302157.973999999463558 ], [ 256851.275000000372529, 302183.455399999395013 ], [ 256104.638700000010431, 303187.489099999889731 ], [ 257624.60010000038892, 302231.600099999457598 ], [ 258508.699799999594688, 302357.699999999254942 ], [ 258501.89740000013262, 302624.403999999165535 ], [ 258654.797899999655783, 302601.448699999600649 ], [ 258668.507699999958277, 302599.390399999916553 ], [ 258743.613900000229478, 302588.114499999210238 ], [ 258048.699699999764562, 303134.999099999666214 ], [ 258036.066200000233948, 303132.399900000542402 ], [ 256884.735700000077486, 302895.524399999529123 ], [ 256879.543399999849498, 302894.456100000068545 ], [ 256777.200199999846518, 302873.399900000542402 ], [ 256542.169700000435114, 303093.392899999395013 ], [ 256493.245199999772012, 303139.18720000050962 ], [ 255986.296299999579787, 303613.700899999588728 ], [ 256847.196100000292063, 306811.595499999821186 ], [ 257650.800699999555945, 308520.100099999457598 ], [ 258445.699099999852479, 309932.10219999961555 ], [ 258903.359400000423193, 310287.408900000154972 ], [ 259219.639999999664724, 310421.71000000089407 ], [ 259808.577499999664724, 310990.179199999198318 ], [ 259999.986100000329316, 311138.780200000852346 ], [ 261040.000099999830127, 311946.199999999254942 ], [ 261017.299899999983609, 314281.798499999567866 ], [ 261644.100599999539554, 315057.698300000280142 ], [ 261095.100599999539554, 314052.901399999856949 ], [ 261502.799700000323355, 313763.200099999085069 ], [ 262815.799899999983609, 314268.699799999594688 ], [ 262436.800099999643862, 314873.300300000235438 ], [ 263341.899400000460446, 314935.300799999386072 ], [ 263922.000300000421703, 315569.800300000235438 ], [ 264225.60120000038296, 314731.599199999123812 ], [ 264412.700000000186265, 315492.199799999594688 ], [ 265053.300099999643862, 315860.49970000050962 ], [ 265772.301599999889731, 317224.404799999669194 ], [ 266633.437699999660254, 317470.566099999472499 ], [ 266662.934700000099838, 317478.997999999672174 ], [ 267048.800900000147521, 317589.300400000065565 ], [ 267862.103000000119209, 318394.999800000339746 ], [ 267918.119199999608099, 318431.250199999660254 ], [ 268522.700199999846518, 318822.499800000339746 ], [ 268112.550900000147521, 318789.305400000885129 ], [ 267377.300300000235438, 318729.799799999222159 ], [ 266664.103900000452995, 318024.695800000801682 ], [ 265798.604399999603629, 317723.106100000441074 ], [ 265780.497100000269711, 317716.796499999240041 ], [ 265384.700100000016391, 317555.700099999085069 ], [ 265320.60149999987334, 317815.191999999806285 ], [ 264671.297399999573827, 317249.097799999639392 ], [ 263502.100300000049174, 317294.699999999254942 ], [ 262653.599799999967217, 315723.800200000405312 ], [ 261348.900799999944866, 315449.099899999797344 ], [ 261474.900600000284612, 315179.700099999085069 ], [ 261028.0, 315339.700300000607967 ], [ 261313.299300000071526, 315526.400800000876188 ], [ 260952.099499999545515, 315638.799399999901652 ], [ 260000.005199999548495, 317717.861500000581145 ], [ 259396.797399999573827, 319035.069700000807643 ], [ 259386.194299999624491, 319058.223300000652671 ], [ 259371.0011, 319091.400399999693036 ], [ 258755.975999999791384, 320000.017799999564886 ], [ 255543.034199999645352, 324746.746899999678135 ], [ 255036.597199999727309, 326138.603199999779463 ], [ 255409.199799999594688, 326760.599899999797344 ], [ 256522.802400000393391, 327543.301100000739098 ], [ 255908.400299999862909, 326652.099899999797344 ], [ 256347.899699999950826, 326776.799900000914931 ], [ 256349.89989999961108, 327130.599799999967217 ], [ 257272.799300000071526, 327442.599500000476837 ], [ 257360.699400000274181, 327965.700200000777841 ], [ 258078.800999999977648, 327511.700200000777841 ], [ 257496.098899999633431, 328116.596999999135733 ], [ 256657.070600000210106, 327638.185799999162555 ], [ 256749.971699999645352, 328000.057700000703335 ], [ 257389.631299999542534, 329943.140000000596046 ], [ 255561.899299999698997, 334329.699300000444055 ], [ 255613.600200000219047, 335357.799699999392033 ], [ 256618.000300000421703, 335843.300100000575185 ], [ 256388.600300000049174, 335447.400299999862909 ], [ 257296.000599999912083, 335222.202899999916553 ], [ 259721.300200000405312, 335871.100299999117851 ], [ 259989.496899999678135, 335477.801000000908971 ], [ 259999.996399999596179, 335491.333799999207258 ], [ 260628.799899999983609, 336301.800100000575185 ], [ 260188.299800000153482, 335860.599899999797344 ], [ 259999.985500000417233, 335933.119999999180436 ], [ 259757.496500000357628, 336026.502800000831485 ], [ 259999.983799999579787, 336283.132699999958277 ], [ 260577.096300000324845, 336893.904200000688434 ], [ 260461.196000000461936, 337137.704700000584126 ], [ 260877.39850000012666, 337383.904200000688434 ], [ 261000.099999999627471, 337167.700200000777841 ], [ 261895.803700000047684, 338209.097999999299645 ], [ 262681.895999999716878, 338536.2043999992311 ], [ 262933.601800000295043, 339141.557700000703335 ], [ 262987.778099999763072, 339271.851999999955297 ], [ 263057.0784, 339427.290999999269843 ], [ 263062.658099999651313, 339429.481899999082088 ], [ 263076.99280000012368, 339435.110700000077486 ], [ 263604.220800000242889, 339642.135800000280142 ], [ 263723.403199999593198, 339688.934699999168515 ], [ 263376.3284, 339713.845000000670552 ], [ 263219.031899999827147, 339725.134500000625849 ], [ 263201.983799999579787, 339726.3581000007689 ], [ 263196.093999999575317, 339726.780799999833107 ], [ 262592.100200000219047, 338724.599700000137091 ], [ 262068.701100000180304, 338642.400100000202656 ], [ 261819.526999999769032, 338346.957200000062585 ], [ 261564.099799999967217, 338044.099999999627471 ], [ 260989.553999999538064, 338127.915599999949336 ], [ 260732.599499999545515, 338165.400499999523163 ], [ 260931.099399999715388, 338307.200099999085069 ], [ 260003.396800000220537, 337890.10249999910593 ], [ 259999.991100000217557, 337887.006400000303984 ], [ 259151.872299999929965, 337115.997500000521541 ], [ 258985.397900000214577, 336964.658700000494719 ], [ 258681.400200000032783, 336688.300000000745058 ], [ 258060.597000000067055, 337063.196000000461936 ], [ 258297.000099999830127, 337821.200099999085069 ], [ 257526.448099999688566, 338238.239299999549985 ], [ 256919.733599999919534, 338161.069900000467896 ], [ 256546.499099999666214, 337302.998800000175834 ], [ 255438.900299999862909, 336893.599999999627471 ], [ 255378.99930000025779, 336493.000199999660254 ], [ 254173.298000000417233, 336469.79590000025928 ], [ 252498.900299999862909, 337490.599999999627471 ], [ 252153.969200000166893, 337415.449200000613928 ], [ 252139.497100000269711, 337412.296099999919534 ], [ 250595.89879999961704, 338079.095000000670552 ], [ 250195.900100000202656, 338046.699699999764562 ], [ 250000.002700000070035, 337613.79839999973774 ], [ 249962.32909999974072, 337606.289000000804663 ], [ 249649.890700000338256, 337563.799000000581145 ], [ 248484.095800000242889, 337406.230599999427795 ], [ 248480.0, 337404.699999999254942 ], [ 248376.2966, 337290.148299999535084 ], [ 248030.900200000032783, 337221.301100000739098 ], [ 247367.317099999636412, 337200.778000000864267 ], [ 247325.89850000012666, 337199.496999999508262 ], [ 246667.071399999782443, 337172.664899999275804 ], [ 246552.299999999813735, 337194.699999999254942 ], [ 246473.889299999922514, 337164.797199999913573 ], [ 245780.158400000073016, 337136.543700000271201 ], [ 245747.799999999813735, 337188.400000000372529 ], [ 245742.036100000143051, 337187.692700000479817 ], [ 245452.376600000075996, 337123.194099999964237 ], [ 244312.0466, 337076.752000000327826 ], [ 244222.908999999985099, 337014.04759999923408 ], [ 243727.003499999642372, 336665.199999999254942 ], [ 243566.604100000113249, 335255.603499999269843 ], [ 240330.100200000219047, 335857.300300000235438 ], [ 239999.970300000160933, 335786.464099999517202 ], [ 238786.999900000169873, 335526.196000000461936 ], [ 238740.796299999579787, 335455.224600000306964 ], [ 238423.800200000405312, 334968.300200000405312 ], [ 238572.257500000298023, 334614.772199999541044 ], [ 238583.499900000169873, 334588.000199999660254 ], [ 238543.223600000143051, 334595.844900000840425 ], [ 238305.289599999785423, 334642.188100000843406 ], [ 238246.699699999764562, 334653.599899999797344 ], [ 238236.584400000050664, 334753.598200000822544 ], [ 238169.296400000341237, 335418.796800000593066 ], [ 237486.384700000286102, 334946.011299999430776 ], [ 237596.298799999989569, 334701.902499999850988 ], [ 238010.299300000071526, 334910.401300000026822 ], [ 237785.200199999846518, 334529.199999999254942 ], [ 238312.699500000104308, 334415.30489999987185 ], [ 238912.461799999698997, 334762.190300000831485 ], [ 238767.234299999661744, 334334.428400000557303 ], [ 236715.700100000016391, 334029.600299999117851 ], [ 235087.283099999651313, 333369.594900000840425 ], [ 235056.200400000438094, 333356.996899999678135 ], [ 234737.022699999623001, 333239.350700000301003 ], [ 234721.698300000280142, 333233.702199999243021 ], [ 233199.199799999594688, 331473.100099999457598 ], [ 233731.755199999548495, 330672.57880000025034 ], [ 233691.362900000065565, 330646.027699999511242 ], [ 232941.423100000247359, 330293.879899999126792 ], [ 232916.835099999792874, 330276.274000000208616 ], [ 232039.398699999786913, 329647.999600000679493 ], [ 231292.199900000356138, 328439.000199999660254 ], [ 231284.002899999730289, 328167.201700000092387 ], [ 231785.701299999840558, 328252.69480000063777 ], [ 231635.799999999813735, 327566.900000000372529 ], [ 231692.148699999786913, 327361.067199999466538 ], [ 231617.326200000010431, 326893.472100000828505 ], [ 231604.801400000229478, 326815.199500000104308 ], [ 232067.901700000278652, 326450.70380000025034 ], [ 232411.706299999728799, 326654.021299999207258 ], [ 232577.340900000184774, 326280.863299999386072 ], [ 232447.007399999536574, 324825.8136 ], [ 232442.412299999967217, 324807.343900000676513 ], [ 232088.299999999813735, 324391.503299999982119 ], [ 231716.0011, 324856.999800000339746 ], [ 230531.599799999967217, 324674.401200000196695 ], [ 230505.11600000038743, 324572.121999999508262 ], [ 230486.299999999813735, 324568.599999999627471 ], [ 230334.93059999961406, 323914.87360000051558 ], [ 230211.501500000245869, 323438.19620000012219 ], [ 229544.86849999986589, 323095.776599999517202 ], [ 229045.973100000061095, 323490.488399999216199 ], [ 228689.037899999879301, 323954.261299999430776 ], [ 228685.55449999962002, 324185.755999999120831 ], [ 229118.099200000055134, 325535.995699999853969 ], [ 226778.001299999654293, 327574.870699999853969 ], [ 225366.706000000238419, 328296.739299999549985 ], [ 225331.200299999676645, 328314.900200000032783 ], [ 224155.299899999983609, 328409.800000000745058 ], [ 223198.499800000339746, 326783.999399999156594 ], [ 221826.002199999988079, 325744.79590000025928 ], [ 221470.400999999605119, 325691.301200000569224 ], [ 221365.696999999694526, 326268.695900000631809 ], [ 220720.00069999974221, 326500.899900000542402 ], [ 220457.997399999760091, 326382.600400000810623 ], [ 220410.5, 326390.800000000745058 ], [ 220329.108, 326324.40430000051856 ], [ 219999.9841, 326175.798599999397993 ], [ 219488.600999999791384, 325944.899299999698997 ], [ 218849.098199999891222, 325156.304400000721216 ], [ 218579.499800000339746, 325855.699899999424815 ], [ 218174.64670000039041, 325947.287900000810623 ], [ 218128.0, 326003.5 ], [ 217472.112999999895692, 326106.218800000846386 ], [ 216692.000099999830127, 326282.700099999085069 ], [ 215835.592600000090897, 324001.892500000074506 ], [ 215574.261800000444055, 324239.926999999210238 ], [ 215426.10010000038892, 324390.300000000745058 ], [ 215142.043200000189245, 324252.487199999392033 ], [ 215005.823900000192225, 324196.768200000748038 ], [ 214406.800200000405312, 324981.600199999287724 ], [ 214172.215599999763072, 324759.320699999108911 ], [ 214107.1722999997437, 324824.226700000464916 ], [ 213512.238099999725819, 325771.371099999174476 ], [ 213509.735999999567866, 325814.066899999976158 ], [ 214611.698200000450015, 326608.599700000137091 ], [ 214665.702600000426173, 327790.000499999150634 ], [ 215438.099899999797344, 328355.798499999567866 ], [ 215489.67879999987781, 328536.590900000184774 ], [ 215549.756299999542534, 328590.611999999731779 ], [ 215586.655299999751151, 328771.439600000157952 ], [ 215663.196299999952316, 329144.79839999973774 ], [ 215738.599299999885261, 329409.098600000143051 ], [ 216719.800300000235438, 330020.599899999797344 ], [ 216538.032100000418723, 331928.974199999123812 ], [ 216999.558299999684095, 332102.03940000012517 ], [ 217208.702100000344217, 331946.300699999555945 ], [ 218145.287899999879301, 332491.336500000208616 ], [ 218745.199799999594688, 332709.199799999594688 ], [ 219266.399699999950826, 334337.399900000542402 ], [ 219789.900899999774992, 334171.403799999505281 ], [ 220000.009800000116229, 334297.207100000232458 ], [ 220546.299999999813735, 334624.300000000745058 ], [ 220584.025399999693036, 334934.009700000286102 ], [ 220745.775600000284612, 335357.593100000172853 ], [ 220746.400000000372529, 335361.199999999254942 ], [ 220649.447300000116229, 335471.094900000840425 ], [ 220684.200000000186265, 335756.400000000372529 ], [ 221647.199799999594688, 336825.803999999538064 ], [ 221877.500900000333786, 337575.199500000104308 ], [ 223063.699900000356138, 337513.399800000712276 ], [ 223785.178199999965727, 338751.11629999987781 ], [ 224147.004999999888241, 339300.574899999424815 ], [ 224558.705599999986589, 339425.908600000664592 ], [ 224579.628700000233948, 339431.794800000265241 ], [ 225720.300800000317395, 339752.697499999776483 ], [ 226042.913200000301003, 340000.034900000318885 ], [ 226626.300200000405312, 340447.300300000235438 ], [ 226728.600200000219047, 340940.199699999764562 ], [ 227355.299999999813735, 341036.400100000202656 ], [ 227599.115399999544024, 342092.539799999445677 ], [ 227619.491100000217557, 342083.473899999633431 ], [ 227800.786199999973178, 341830.28800000064075 ], [ 227613.419999999925494, 341473.946000000461936 ], [ 227668.083300000056624, 341399.074200000613928 ], [ 227597.298899999819696, 341233.301200000569224 ], [ 227897.89989999961108, 340936.399700000882149 ], [ 229063.10010000038892, 340856.699899999424815 ], [ 229647.803100000135601, 341230.30320000089705 ], [ 229649.826899999752641, 341213.544099999591708 ], [ 229694.469700000248849, 340843.851999999955297 ], [ 230149.300699999555945, 340772.704199999570847 ], [ 231372.199900000356138, 341564.997400000691414 ], [ 231397.488699999637902, 341586.935300000011921 ], [ 232083.977099999785423, 342182.460899999365211 ], [ 232332.351700000464916, 342370.964400000870228 ], [ 232418.08600000012666, 342436.317999999970198 ], [ 232477.960199999623001, 342524.239499999210238 ], [ 232750.999900000169873, 342761.100199999287724 ], [ 233395.794200000353158, 343831.804199999198318 ], [ 233639.259399999864399, 343865.320299999788404 ], [ 234095.997999999672174, 343889.901100000366569 ], [ 234114.724200000055134, 343930.774100000038743 ], [ 234121.196000000461936, 343931.66499999910593 ], [ 234272.629900000058115, 344275.42850000038743 ], [ 234852.596900000236928, 345541.299200000241399 ], [ 236081.599999999627471, 346453.700300000607967 ], [ 236537.515399999916553, 347349.596000000834465 ], [ 236857.995799999684095, 347424.749299999326468 ], [ 237349.344899999909103, 347495.639499999582767 ], [ 237766.802099999971688, 347386.547399999573827 ], [ 238142.000300000421703, 347149.399900000542402 ], [ 238248.912499999627471, 347259.355299999937415 ], [ 238257.175999999977648, 347257.094000000506639 ], [ 238294.201299999840558, 347305.933299999684095 ], [ 238918.400999999605119, 347947.900699999183416 ], [ 238947.578499999828637, 347974.856899999082088 ], [ 238952.560800000093877, 347979.459799999371171 ], [ 239999.995099999941885, 348947.151000000536442 ], [ 242283.599299999885261, 351056.900200000032783 ], [ 242601.100300000049174, 352293.199999999254942 ], [ 243065.098299999721348, 352516.002699999138713 ], [ 243333.301099999807775, 353290.000099999830127 ], [ 243449.533900000154972, 354725.383400000631809 ], [ 243449.83530000038445, 354729.105599999427795 ], [ 243452.401800000108778, 354760.800200000405312 ], [ 243608.497200000099838, 356664.0954 ], [ 243008.298000000417233, 358945.702299999073148 ], [ 243041.759100000374019, 359999.998199999332428 ], [ 243042.800099999643862, 360032.799000000581145 ], [ 243711.13329999987036, 360904.362600000575185 ], [ 244002.700299999676645, 360989.840700000524521 ], [ 244218.388000000268221, 361008.412699999287724 ], [ 244245.298200000077486, 360988.279500000178814 ], [ 244266.799899999983609, 360667.099999999627471 ], [ 244874.900299999862909, 360770.599700000137091 ], [ 243937.24239999987185, 359999.953400000929832 ], [ 243897.999099999666214, 359967.699999999254942 ], [ 244469.500199999660254, 359235.700300000607967 ], [ 244786.996799999848008, 357575.4046 ], [ 244758.798700000159442, 358171.903699999675155 ], [ 244912.291199999861419, 358337.278300000354648 ], [ 245746.902300000190735, 359236.498099999502301 ], [ 245211.899000000208616, 359094.899800000712276 ], [ 245212.880599999800324, 359177.378000000491738 ], [ 245215.137699999846518, 359367.02140000090003 ], [ 245218.05350000038743, 359612.015000000596046 ], [ 245222.67119999974966, 360000.009199999272823 ], [ 245234.596400000154972, 361002.003599999472499 ], [ 246636.111600000411272, 362327.492799999192357 ], [ 246660.783300000242889, 362350.826099999248981 ], [ 247571.700199999846518, 362674.804800000041723 ], [ 248048.279699999839067, 362314.323300000280142 ], [ 248011.076000000350177, 362071.962400000542402 ], [ 247984.498800000175834, 361923.000099999830127 ], [ 247988.877399999648333, 361930.529100000858307 ], [ 247990.316499999724329, 361933.255400000140071 ], [ 248191.75, 362298.070000000298023 ], [ 248178.900999999605119, 362307.166799999773502 ], [ 248181.599899999797344, 362312.500199999660254 ], [ 247846.714900000020862, 362665.383400000631809 ], [ 247725.94649999961257, 362835.148000000044703 ], [ 247777.886599999852479, 362935.747300000861287 ], [ 247989.457299999892712, 363248.122199999168515 ], [ 248974.181300000287592, 364702.024399999529123 ], [ 248982.496199999935925, 364714.301000000908971 ], [ 250123.699900000356138, 366052.199799999594688 ], [ 250767.896499999798834, 366435.349899999797344 ], [ 251677.674200000241399, 366893.101500000804663 ], [ 251679.817800000309944, 366895.025000000372529 ], [ 251882.200100000016391, 367098.106599999591708 ], [ 252139.101999999955297, 367250.9046 ], [ 252206.140100000426173, 367423.717599999159575 ], [ 252402.419999999925494, 367621.009999999776483 ], [ 252405.120600000023842, 367680.960200000554323 ], [ 252557.690000000409782, 367846.199999999254942 ], [ 252444.844600000418723, 368039.057600000873208 ], [ 252458.956799999810755, 368081.690400000661612 ], [ 252459.099700000137091, 368085.185799999162555 ], [ 252514.724200000055134, 369445.745799999684095 ], [ 252533.127999999560416, 369480.395700000226498 ], [ 253216.699799999594688, 370357.100199999287724 ], [ 254244.622999999672174, 370921.551699999719858 ], [ 255528.8591, 371267.698599999770522 ], [ 255666.767300000414252, 371269.919600000604987 ], [ 256142.100599999539554, 371682.100299999117851 ], [ 256202.64740000013262, 371722.789200000464916 ], [ 257570.782999999821186, 372642.208100000396371 ], [ 257641.896300000138581, 372689.997999999672174 ], [ 258440.100700000301003, 373230.603199999779463 ], [ 258664.740199999883771, 372881.222899999469519 ], [ 258669.356900000013411, 372878.569700000807643 ], [ 259156.723600000143051, 372598.480499999597669 ], [ 259191.603099999949336, 372578.435300000011921 ], [ 259189.152400000020862, 372594.798599999397993 ], [ 259185.554299999959767, 372609.336100000888109 ], [ 259061.899799999780953, 373183.999800000339746 ], [ 259499.599999999627471, 372658.999900000169873 ], [ 260000.013700000010431, 372876.138900000602007 ], [ 260538.50069999974221, 373109.798499999567866 ], [ 261058.303299999795854, 372186.202199999243021 ], [ 260869.200000000186265, 371876.099700000137091 ], [ 262209.199900000356138, 372731.599999999627471 ], [ 264547.447200000286102, 373078.532999999821186 ], [ 264856.499699999578297, 373641.099199999123812 ], [ 265950.200299999676645, 373802.999800000339746 ], [ 266157.529799999669194, 374084.829800000414252 ], [ 266669.599999999627471, 374321.200200000777841 ], [ 266620.103199999779463, 374460.017400000244379 ], [ 266544.402099999599159, 374395.699699999764562 ], [ 266559.696700000204146, 374734.202800000086427 ], [ 269414.37569999974221, 376037.986899999901652 ], [ 271213.101999999955297, 376407.80379999987781 ], [ 272641.018000000156462, 377148.534399999305606 ], [ 274892.196700000204146, 378541.706100000068545 ], [ 274992.386400000192225, 378526.178400000557303 ], [ 274998.760999999940395, 378525.190400000661612 ], [ 275819.403300000354648, 378398.004100000485778 ], [ 276729.501400000415742, 379280.500399999320507 ], [ 277130.903900000266731, 379312.602299999445677 ], [ 277630.604100000113249, 378800.098999999463558 ], [ 277571.321299999952316, 378799.199899999424815 ], [ 277516.325400000438094, 378798.683100000023842 ], [ 277304.492999999783933, 378810.542999999597669 ], [ 277323.647099999710917, 378796.872500000521541 ], [ 277318.920599999837577, 378796.828099999576807 ], [ 277337.879800000227988, 378778.0304000005126 ], [ 277663.078300000168383, 378467.788100000470877 ], [ 277549.803100000135601, 378294.802899999544024 ], [ 277588.242499999701977, 378287.244500000029802 ], [ 277919.350200000219047, 378223.302400000393391 ], [ 278207.25760000012815, 377948.636199999600649 ], [ 278439.900000000372529, 377520.200200000777841 ], [ 278147.199300000444055, 377315.803899999707937 ], [ 278748.839300000108778, 377156.35219999961555 ], [ 278897.696800000034273, 377116.900800000876188 ], [ 279395.799999999813735, 375890.099799999967217 ], [ 278505.600200000219047, 375252.700099999085069 ], [ 278146.703700000420213, 374253.500399999320507 ], [ 279324.103500000201166, 373254.147199999541044 ], [ 279553.535899999551475, 373060.886499999091029 ], [ 278581.000300000421703, 374265.99970000050962 ], [ 278823.702399999834597, 374816.349199999123812 ], [ 278855.300099999643862, 374887.999900000169873 ], [ 279082.188400000333786, 375068.173900000751019 ], [ 279999.989000000059605, 375797.00730000063777 ], [ 280152.100300000049174, 375917.800200000405312 ], [ 280229.799899999983609, 376657.000199999660254 ], [ 280000.001500000245869, 376681.729800000786781 ], [ 279873.900000000372529, 376695.300100000575185 ], [ 279639.298799999989569, 377169.095899999141693 ], [ 279597.783499999903142, 377191.982899999246001 ], [ 279111.796299999579787, 377459.902599999681115 ], [ 279097.717299999669194, 377476.878599999472499 ], [ 279038.684600000269711, 377548.058000000193715 ], [ 278712.615100000053644, 377524.835200000554323 ], [ 278543.596199999563396, 377512.797499999403954 ], [ 278632.066300000064075, 377582.781500000506639 ], [ 278901.10010000038892, 377795.599899999797344 ], [ 278598.302199999801815, 378495.796099999919534 ], [ 278544.226800000295043, 378534.166300000622869 ], [ 278530.713999999687076, 378543.754499999806285 ], [ 278391.813500000163913, 378646.051999999210238 ], [ 278391.377999999560416, 378652.216000000014901 ], [ 278303.025899999774992, 378705.314899999648333 ], [ 278290.331899999640882, 378714.322200000286102 ], [ 278248.128399999812245, 378833.166799999773502 ], [ 278243.237200000323355, 378747.739099999889731 ], [ 277584.299999999813735, 379215.300300000235438 ], [ 277504.558100000023842, 380000.035299999639392 ], [ 277490.051900000311434, 380140.216900000348687 ], [ 277332.499900000169873, 380588.800000000745058 ], [ 277092.000099999830127, 380541.699899999424815 ], [ 277197.54839999973774, 381739.219200000166893 ], [ 275979.318799999542534, 382697.396199999377131 ], [ 275899.388299999758601, 382877.651100000366569 ], [ 275897.135599999688566, 382884.10080000013113 ], [ 275895.106999999843538, 382887.30599999986589 ], [ 275880.625500000081956, 382894.889000000432134 ], [ 275084.546099999919534, 383415.072699999436736 ], [ 275037.086400000378489, 384158.195199999958277 ], [ 275322.263299999758601, 384309.193299999460578 ], [ 275422.588600000366569, 384360.676300000399351 ], [ 276025.480499999597669, 384375.057399999350309 ], [ 277530.500099999830127, 383809.199999999254942 ], [ 278049.058400000445545, 383907.991900000721216 ], [ 278323.80379999987781, 382493.993899999186397 ], [ 278625.693900000303984, 382321.893699999898672 ], [ 278653.404400000348687, 382306.096599999815226 ], [ 279303.029299999587238, 382160.861999999731779 ], [ 279999.987800000235438, 382343.73340000025928 ], [ 281432.976099999621511, 382719.526900000870228 ], [ 281796.079800000414252, 382731.817800000309944 ], [ 281876.308699999935925, 382732.79700000025332 ], [ 282451.903599999845028, 381731.899800000712276 ], [ 283082.403400000184774, 381440.903100000694394 ], [ 283201.364099999889731, 381405.95240000076592 ], [ 284234.899000000208616, 381102.299000000581145 ], [ 284316.50650000013411, 380000.032199999317527 ], [ 284320.003499999642372, 379952.799000000581145 ], [ 284337.407800000160933, 379935.525699999183416 ], [ 284765.996100000105798, 379510.163499999791384 ], [ 285037.299100000411272, 379240.902799999341369 ], [ 285324.399699999950826, 379335.997400000691414 ], [ 285330.901399999856949, 379338.150900000706315 ], [ 285244.300400000065565, 379136.301100000739098 ], [ 286282.896999999880791, 378789.701999999582767 ], [ 286309.63190000038594, 378786.785599999129772 ], [ 286943.354899999685585, 378717.656400000676513 ], [ 287008.000599999912083, 378710.604599999263883 ], [ 288652.466300000436604, 378629.179999999701977 ], [ 288655.710500000044703, 378629.019400000572205 ], [ 289812.096499999985099, 378520.698999999091029 ], [ 289875.685300000011921, 378531.778500000014901 ], [ 291159.702200000174344, 378755.501800000667572 ], [ 291975.10149999987334, 378291.203900000080466 ], [ 292805.260499999858439, 378263.323699999600649 ], [ 292854.307099999859929, 378277.600099999457598 ], [ 294162.198900000192225, 378658.299599999561906 ], [ 294176.572399999946356, 378663.60190000012517 ], [ 295866.197800000198185, 379286.899000000208616 ], [ 295883.332700000144541, 379295.837200000882149 ], [ 296563.706899999640882, 379650.480200000107288 ], [ 297323.72649999987334, 379999.991599999368191 ], [ 299604.599700000137091, 381048.900200000032783 ], [ 299420.299800000153482, 380605.900299999862909 ], [ 299808.138899999670684, 379999.971599999815226 ], [ 299999.971800000406802, 379700.267200000584126 ], [ 300289.903599999845028, 379247.301000000908971 ], [ 300311.918499999679625, 379240.393600000068545 ], [ 300761.520499999634922, 379099.326199999079108 ], [ 300978.270100000314415, 379031.31870000064373 ], [ 301074.899500000290573, 379001.000199999660254 ], [ 300485.499400000087917, 379514.101199999451637 ], [ 300498.024000000208616, 379594.757699999958277 ], [ 300560.949400000274181, 379999.986600000411272 ], [ 300579.601099999621511, 380120.10050000064075 ], [ 300484.334300000220537, 379999.98509999923408 ], [ 300302.799300000071526, 379771.100099999457598 ], [ 300078.074599999934435, 379999.976999999955297 ], [ 299999.976300000213087, 380079.518200000748038 ], [ 299826.399299999698997, 380256.302200000733137 ], [ 299814.172799999825656, 380273.455700000748038 ], [ 299544.5, 380651.800100000575185 ], [ 299999.995600000023842, 381101.848400000482798 ], [ 300839.977099999785423, 381931.784499999135733 ], [ 303720.485999999567866, 382775.841700000688434 ], [ 303725.887799999676645, 382777.423900000751019 ], [ 303735.506000000052154, 382780.24100000038743 ], [ 306034.897300000302494, 383788.901000000536442 ], [ 306078.531899999827147, 383801.876199999824166 ], [ 309341.33629999961704, 384772.105599999427795 ], [ 311754.298299999907613, 385243.604599999263883 ], [ 312926.599299999885261, 385120.699999999254942 ], [ 312808.600300000049174, 384026.100199999287724 ], [ 312483.400000000372529, 384867.301300000399351 ], [ 312532.203300000168383, 384212.899599999189377 ], [ 312908.931200000457466, 383791.602600000798702 ], [ 312929.500300000421703, 383768.599899999797344 ], [ 312725.889000000432134, 383628.533800000324845 ], [ 313117.300200000405312, 383517.300899999216199 ], [ 313293.502299999818206, 382786.597400000318885 ], [ 314251.31209999974817, 381930.496400000527501 ], [ 314254.686599999666214, 381927.480200000107288 ], [ 314277.600300000049174, 381906.99970000050962 ], [ 315291.998399999924004, 381156.004599999636412 ], [ 316064.138100000098348, 381752.002299999818206 ], [ 316074.982499999925494, 381747.979699999094009 ], [ 316077.705500000156462, 381746.798599999397993 ], [ 315968.100599999539554, 380973.39670000039041 ], [ 316245.201700000092387, 380495.20380000025034 ], [ 317114.240000000223517, 379999.957699999213219 ], [ 317790.099899999797344, 379614.799799999222159 ], [ 317686.900299999862909, 379320.800100000575185 ], [ 318655.430700000375509, 378932.873099999502301 ], [ 318772.197499999776483, 378886.104399999603629 ], [ 319999.977800000458956, 377963.692299999296665 ], [ 320524.228900000452995, 377569.830700000748038 ], [ 320546.502600000239909, 377553.096799999475479 ], [ 320737.003800000064075, 377256.200899999588728 ], [ 320775.375300000421703, 377221.073300000280142 ], [ 321638.300200000405312, 376431.098799999803305 ], [ 321509.099700000137091, 376179.700799999758601 ], [ 322343.000500000081956, 375688.999800000339746 ], [ 322153.000900000333786, 375440.200699999928474 ], [ 322404.911199999973178, 375452.521800000220537 ], [ 322525.002999999560416, 375458.395500000566244 ], [ 323874.94649999961257, 374214.692800000309944 ], [ 323877.330599999986589, 374212.496300000697374 ], [ 324614.301500000059605, 374031.803899999707937 ], [ 324603.212799999862909, 374012.118300000205636 ], [ 324591.823699999600649, 373991.89949999935925 ], [ 324352.200600000098348, 373566.499900000169873 ], [ 324610.300900000147521, 373884.899900000542402 ], [ 325232.210799999535084, 372990.099300000816584 ], [ 325240.319199999794364, 372978.432900000363588 ], [ 325246.598699999973178, 372969.398000000044703 ], [ 326192.200100000016391, 372495.503699999302626 ], [ 325897.499699999578297, 372506.0 ], [ 326221.299700000323355, 372394.699999999254942 ], [ 326118.800099999643862, 372028.699699999764562 ], [ 326317.699000000022352, 372429.701400000602007 ], [ 327612.067599999718368, 371695.153300000354648 ], [ 329046.709800000302494, 370220.008099999278784 ], [ 329086.245199999772012, 370179.31279999949038 ], [ 329173.399500000290573, 370089.601600000634789 ], [ 330065.779099999926984, 369815.621099999174476 ], [ 330344.801199999637902, 369729.595599999651313 ], [ 330243.995199999772012, 369341.303099999204278 ], [ 330401.354000000283122, 369697.764200000092387 ], [ 330404.079400000162423, 369696.144400000572205 ], [ 331041.922199999913573, 369317.034199999645352 ], [ 330751.917600000277162, 369615.996999999508262 ], [ 330597.902599999681115, 369772.470000000670552 ], [ 330107.052899999544024, 369972.309699999168515 ], [ 329286.596199999563396, 370346.598799999803305 ], [ 329260.993800000287592, 370372.817099999636412 ], [ 329142.734000000171363, 370493.921800000593066 ], [ 327792.892300000414252, 371876.1097999997437 ], [ 327107.203999999910593, 372493.104399999603629 ], [ 328084.544400000013411, 372166.257099999114871 ], [ 328410.082200000062585, 372491.73619999922812 ], [ 327620.799800000153482, 372817.099899999797344 ], [ 327660.000099999830127, 373136.894200000911951 ], [ 327497.499800000339746, 372879.000099999830127 ], [ 327179.298799999989569, 373224.19510000012815 ], [ 326849.701200000010431, 373032.999500000849366 ], [ 326770.599899999797344, 373386.299000000581145 ], [ 327082.5011, 373763.900399999693036 ], [ 327646.701700000092387, 373802.299900000914931 ], [ 328259.494300000369549, 373180.80210000090301 ], [ 327883.995900000445545, 373711.495600000023842 ], [ 327511.600399999879301, 373965.101999999955297 ], [ 327266.318400000222027, 374191.565899999812245 ], [ 327241.318799999542534, 374218.177500000223517 ], [ 327177.699199999682605, 374278.60329999960959 ], [ 327165.603699999861419, 374292.499299999326468 ], [ 326920.296699999831617, 374214.901499999687076 ], [ 327049.209999999962747, 374434.142100000753999 ], [ 326694.353799999691546, 374419.309200000017881 ], [ 326640.692099999636412, 375000.352800000458956 ], [ 326642.450199999846518, 375003.618899999186397 ], [ 326895.927600000053644, 374632.078700000420213 ], [ 326901.70409999974072, 374624.404200000688434 ], [ 328414.673700000159442, 373503.465199999511242 ], [ 329300.901399999856949, 373380.300400000065565 ], [ 330130.404000000096858, 373311.300100000575185 ], [ 330970.897300000302494, 373254.19649999961257 ], [ 331643.271900000050664, 372871.728099999949336 ], [ 332269.098699999973178, 372380.496500000357628 ], [ 336685.796500000171363, 368665.599999999627471 ], [ 337064.797199999913573, 367853.502399999648333 ], [ 338471.503600000403821, 366195.896900000050664 ], [ 338589.103000000119209, 365446.801300000399351 ], [ 338589.696600000374019, 365097.00139999948442 ], [ 338075.402599999681115, 364211.404899999499321 ], [ 337235.502999999560416, 363702.900499999523163 ], [ 335721.780299999751151, 363194.805800000205636 ], [ 335179.399100000038743, 363067.302500000223517 ], [ 334466.102400000207126, 362577.402699999511242 ], [ 333902.0, 362724.300599999725819 ], [ 333696.697999999858439, 362253.795299999415874 ], [ 334247.599999999627471, 361633.302899999544024 ], [ 334590.800699999555945, 361944.80379999987781 ], [ 335612.998599999584258, 359943.296700000762939 ], [ 336736.099600000306964, 359317.795700000599027 ], [ 336944.303899999707937, 358686.996300000697374 ], [ 338467.801599999889731, 358310.903999999165535 ], [ 339169.299599999561906, 357658.300799999386072 ], [ 340056.798000000417233, 357797.900800000876188 ], [ 340769.896800000220537, 358611.198000000789762 ], [ 341141.798600000329316, 358605.599600000306964 ], [ 340931.5, 357492.098300000652671 ], [ 340404.203599999658763, 357281.798499999567866 ], [ 340285.598399999551475, 356702.704299999400973 ], [ 340692.698300000280142, 356724.997899999842048 ], [ 340267.401600000448525, 355820.096899999305606 ], [ 339977.497000000439584, 355843.000399999320507 ], [ 340180.498599999584258, 356107.404699999839067 ], [ 339873.798899999819696, 356012.301899999380112 ], [ 339760.503499999642372, 355224.697399999946356 ], [ 340254.902099999599159, 355298.496300000697374 ], [ 340418.401600000448525, 354846.795499999076128 ], [ 341436.897499999962747, 354167.899900000542402 ], [ 341023.597400000318885, 353402.199100000783801 ], [ 341449.801099999807775, 353253.101700000464916 ], [ 341290.399299999698997, 352767.600700000301003 ], [ 341847.303700000047684, 352852.496400000527501 ], [ 342100.19620000012219, 352435.195900000631809 ], [ 341767.697599999606609, 352235.70299999974668 ], [ 342360.896800000220537, 351848.303899999707937 ], [ 341617.596300000324845, 351627.397099999710917 ], [ 342393.802799999713898, 351499.803600000217557 ], [ 341981.500300000421703, 351404.100999999791384 ], [ 342504.698900000192225, 351111.204900000244379 ], [ 342043.297100000083447, 350957.798800000920892 ], [ 341888.900000000372529, 350662.203400000929832 ], [ 342221.497600000351667, 350887.598899999633431 ], [ 342236.998300000093877, 350497.800400000065565 ], [ 341763.401999999769032, 350140.602700000628829 ], [ 342332.302899999544024, 349962.903500000014901 ], [ 341985.796000000089407, 349604.096300000324845 ], [ 342307.097799999639392, 349382.299699999392033 ], [ 342718.19649999961257, 349227.404100000858307 ], [ 342386.002999999560416, 348263.200099999085069 ], [ 342494.7966, 347299.096100000664592 ], [ 343473.897599999792874, 347039.200400000438094 ], [ 343886.900999999605119, 346255.104900000616908 ], [ 343676.899299999698997, 346010.304999999701977 ], [ 343988.397699999623001, 344750.395600000396371 ], [ 346172.596900000236928, 343884.803300000727177 ], [ 346908.996199999935925, 344023.503799999132752 ], [ 347008.200799999758601, 344510.604399999603629 ], [ 347413.60219999961555, 344350.500199999660254 ], [ 347614.897099999710917, 344613.005000000819564 ], [ 347759.696899999864399, 344288.697799999266863 ], [ 348708.299399999901652, 344362.39670000039041 ], [ 349080.201100000180304, 343500.003499999642372 ], [ 350168.499699999578297, 343569.60359999909997 ], [ 351298.699699999764562, 343127.00029999949038 ], [ 350715.996500000357628, 341650.302999999374151 ], [ 351236.597900000400841, 341245.4989 ], [ 351448.100200000219047, 340216.103499999269843 ], [ 351168.897699999623001, 339091.995300000533462 ], [ 351118.800699999555945, 336665.599899999797344 ], [ 349317.502199999988079, 336623.002100000157952 ], [ 348176.798000000417233, 335482.298599999397993 ], [ 346246.009999999776483, 333417.320000000298023 ], [ 345422.89809999987483, 334989.399700000882149 ], [ 345426.303299999795854, 335587.698400000110269 ], [ 343736.098799999803305, 337525.503699999302626 ], [ 343580.399100000038743, 338688.800699999555945 ], [ 341531.097400000318885, 339006.299799999222159 ], [ 340720.096699999645352, 339173.202099999412894 ], [ 340474.896800000220537, 339828.304500000551343 ], [ 339742.100499999709427, 339586.603700000792742 ], [ 339065.700400000438094, 338683.902100000530481 ], [ 338255.103699999861419, 338839.997400000691414 ], [ 337669.696100000292063, 338322.795499999076128 ], [ 335609.997399999760091, 339739.599899999797344 ], [ 335481.597099999897182, 340240.796499999240041 ], [ 334749.600599999539554, 340785.100700000301003 ], [ 335046.802000000141561, 341194.203600000590086 ], [ 334632.001299999654293, 341731.199799999594688 ], [ 334452.597000000067055, 341546.002900000661612 ], [ 334130.099700000137091, 340652.898499999195337 ], [ 332339.800099999643862, 340387.7043999992311 ], [ 332016.0, 339517.203600000590086 ], [ 331761.370000000111759, 339518.769999999552965 ], [ 331553.940000000409782, 339217.220000000670552 ], [ 331283.059999999590218, 338160.800000000745058 ], [ 330986.169999999925494, 338204.929999999701977 ], [ 330746.429999999701977, 337579.660000000149012 ], [ 330139.78000000026077, 337234.089999999850988 ], [ 328784.39780000038445, 337407.797399999573827 ], [ 328577.702399999834597, 337077.301999999210238 ], [ 327726.597699999809265, 336993.196100000292063 ], [ 326421.704599999822676, 337551.030799999833107 ], [ 325550.998100000433624, 336393.297800000756979 ], [ 325254.560300000011921, 334961.278599999845028 ], [ 324967.396200000308454, 334166.295299999415874 ], [ 325141.301099999807775, 333527.698100000619888 ], [ 323571.796000000089407, 333656.701099999248981 ], [ 322891.603199999779463, 333139.299200000241399 ], [ 323690.796900000423193, 332570.30210000090301 ], [ 322912.999099999666214, 332530.10359999909997 ], [ 322817.43790000025183, 332145.515100000426173 ], [ 322590.402800000272691, 331794.70409999974072 ], [ 324182.79619999974966, 330552.399700000882149 ], [ 321771.198300000280142, 328408.703400000929832 ], [ 322554.000900000333786, 327848.003900000825524 ], [ 322192.603400000371039, 327236.198999999091029 ], [ 322273.39670000039041, 326534.99970000050962 ], [ 321391.999699999578297, 325274.500499999150634 ], [ 321349.001699999906123, 323946.900499999523163 ], [ 321800.139999999664724, 323522.119999999180436 ], [ 322286.498100000433624, 323949.499800000339746 ], [ 322289.79619999974966, 323396.798000000417233 ], [ 321758.500900000333786, 323041.799599999561906 ], [ 321983.401399999856949, 322396.704299999400973 ], [ 322684.000799999572337, 322230.002000000327826 ], [ 322909.997899999842048, 321827.897099999710917 ], [ 323054.698699999600649, 322027.799900000914931 ], [ 324637.000099999830127, 321657.695800000801682 ], [ 324622.200299999676645, 321385.803600000217557 ], [ 325253.903900000266731, 321588.395700000226498 ], [ 325510.597299999557436, 322281.897099999710917 ], [ 326072.300400000065565, 322097.300000000745058 ], [ 326827.803600000217557, 322555.298900000751019 ], [ 326879.203300000168383, 321965.997600000351667 ], [ 326471.600399999879301, 321576.9989 ], [ 326649.89989999961108, 320549.303099999204278 ], [ 327200.900799999944866, 320529.99860000051558 ], [ 327267.397300000302494, 319869.597699999809265 ], [ 327619.799399999901652, 319653.299599999561906 ], [ 327943.7972999997437, 320160.804300000891089 ], [ 328403.896499999798834, 319581.300200000405312 ], [ 328727.498599999584258, 320089.504699999466538 ], [ 329409.450000000186265, 319962.720000000670552 ], [ 329082.490000000223517, 319517.199999999254942 ], [ 329478.910000000149012, 319338.320000000298023 ], [ 329999.910000000149012, 319704.839999999850988 ], [ 330423.389999999664724, 319348.869999999180436 ], [ 330222.709999999962747, 318995.619999999180436 ], [ 330817.650000000372529, 319320.5 ], [ 331082.839999999850988, 318990.890000000596046 ], [ 331465.900000000372529, 319377.480000000447035 ], [ 331899.900000000372529, 318704.25 ], [ 331633.998100000433624, 317745.495699999853969 ], [ 331124.700699999928474, 317684.30320000089705 ], [ 331472.897900000214577, 317251.297100000083447 ], [ 331939.700199999846518, 317446.701199999079108 ], [ 333129.396599999628961, 316696.895800000056624 ], [ 333084.700100000016391, 316121.60050000064075 ], [ 332757.197999999858439, 316101.096400000154972 ], [ 333178.9989, 315579.395700000226498 ], [ 334355.395999999716878, 315787.796099999919534 ], [ 334930.002500000409782, 315394.29869999922812 ], [ 334809.89670000039041, 314659.199100000783801 ], [ 335145.800499999895692, 314645.603000000119209 ], [ 335174.19649999961257, 313624.19539999961853 ], [ 334867.298799999989569, 313408.097200000658631 ], [ 334024.10120000038296, 313525.103700000792742 ], [ 334075.599799999967217, 314774.29619999974966 ], [ 332515.098299999721348, 314093.001199999824166 ], [ 331312.696299999952316, 314220.104800000786781 ], [ 331274.497000000439584, 314673.19510000012815 ], [ 331108.2023, 314554.399100000038743 ], [ 330835.200100000016391, 313697.90430000051856 ], [ 331012.303999999538064, 312600.198499999940395 ], [ 330751.940000000409782, 312235.230000000447035 ], [ 330198.095999999903142, 311140.196399999782443 ], [ 329327.904000000096858, 310910.80210000090301 ], [ 329647.804100000299513, 309819.304500000551343 ], [ 329396.404000000096858, 309151.695599999278784 ], [ 329874.699900000356138, 309134.700500000268221 ], [ 329141.679999999701977, 307695.720000000670552 ], [ 329413.919999999925494, 306982.550000000745058 ], [ 329008.190000000409782, 306703.980000000447035 ], [ 328981.110000000335276, 306032.140000000596046 ], [ 327729.21999999973923, 305880.769999999552965 ], [ 326776.098799999803305, 305388.602800000458956 ], [ 327716.497499999590218, 304952.197699999436736 ], [ 328366.379999999888241, 304192.529999999329448 ], [ 327457.998300000093877, 304006.598400000482798 ], [ 327529.697399999946356, 303686.5 ], [ 326809.203599999658763, 302972.574500000104308 ], [ 326798.599600000306964, 302533.400100000202656 ], [ 326041.801900000311434, 301844.597300000488758 ], [ 326300.4989, 300746.701500000432134 ], [ 325561.601300000213087, 300549.597899999469519 ], [ 324390.200699999928474, 299246.900800000876188 ], [ 324073.103900000452995, 299460.199799999594688 ], [ 322893.796299999579787, 299265.495500000193715 ], [ 323196.596199999563396, 299033.201999999582767 ], [ 322950.901600000448525, 298954.4046 ], [ 322994.402599999681115, 297941.504499999806285 ], [ 323682.098399999551475, 297064.695499999448657 ], [ 324715.097400000318885, 294302.096300000324845 ], [ 322960.597799999639392, 293442.702299999073148 ], [ 323226.950000000186265, 292779.910000000149012 ], [ 324885.003299999982119, 292942.495500000193715 ], [ 326472.499200000427663, 293512.002399999648333 ], [ 326796.39809999987483, 294023.495999999344349 ], [ 325911.398000000044703, 294677.498800000175834 ], [ 326027.002000000327826, 295001.496099999174476 ], [ 327893.403500000014901, 295974.797499999403954 ], [ 328243.002399999648333, 295828.499299999326468 ], [ 329967.201299999840558, 297650.797700000926852 ], [ 331350.499900000169873, 298001.897199999541044 ], [ 331887.070000000298023, 297810.029999999329448 ], [ 332473.502000000327826, 296689.702800000086427 ], [ 332315.897599999792874, 295671.2043999992311 ], [ 332680.403500000014901, 295485.797399999573827 ], [ 331913.802500000223517, 292872.295499999076128 ], [ 332188.395999999716878, 292273.197000000625849 ], [ 331980.397900000214577, 291800.20240000076592 ], [ 330052.496399999596179, 292261.10050000064075 ], [ 330153.20160000026226, 291791.304999999701977 ], [ 329741.89670000039041, 291102.502100000157952 ], [ 330232.403699999675155, 289759.396600000560284 ], [ 328987.10259999986738, 289549.696599999442697 ], [ 324871.901899999938905, 289619.896500000730157 ], [ 322355.25, 288490.169999999925494 ], [ 319906.396300000138581, 286865.505000000819564 ], [ 318779.601599999703467, 287123.601099999621511 ], [ 316452.159300000406802, 284630.352099999785423 ], [ 316113.799999999813735, 283443.759999999776483 ], [ 316598.03000000026077, 283102.919999999925494 ], [ 316423.139999999664724, 282102.939999999478459 ], [ 316986.410000000149012, 281678.089999999850988 ], [ 317162.139999999664724, 281060.080000000074506 ], [ 319907.740000000223517, 279701.550000000745058 ], [ 321133.500500000081956, 278623.004399999976158 ], [ 321055.098199999891222, 277759.401599999517202 ], [ 321529.197499999776483, 277257.795099999755621 ], [ 323218.503299999982119, 276873.69510000012815 ], [ 323841.302299999631941, 276082.801500000059605 ], [ 324494.698599999770522, 276040.703500000759959 ], [ 325149.100899999961257, 274985.695499999448657 ], [ 327186.801799999549985, 273639.800799999386072 ], [ 327669.302799999713898, 272879.998299999162555 ], [ 329236.400299999862909, 272313.800300000235438 ], [ 331984.198800000362098, 273097.596000000834465 ], [ 332941.903900000266731, 272990.796599999070168 ], [ 333725.597000000067055, 273405.397900000214577 ], [ 333991.2034, 273029.795399999246001 ], [ 335069.50069999974221, 272770.499600000679493 ], [ 334212.599700000137091, 270589.703900000080466 ], [ 332893.398199999704957, 269942.199200000613928 ], [ 332137.103500000201166, 270070.402499999850988 ], [ 331830.098600000143051, 269609.104599999263883 ], [ 331814.902999999932945, 267340.004100000485778 ], [ 331508.5, 266310.098899999633431 ], [ 331070.802699999883771, 266031.49860000051558 ], [ 331239.603900000452995, 265446.496099999174476 ], [ 331013.059999999590218, 265067.230000000447035 ], [ 332361.019999999552965, 264314.279999999329448 ], [ 334247.252999999560416, 264457.394999999552965 ], [ 335296.000799999572337, 263909.196100000292063 ], [ 334868.997299999929965, 264069.000399999320507 ], [ 334241.902700000442564, 263767.296800000593066 ], [ 334243.098199999891222, 263130.299100000411272 ], [ 333378.801400000229478, 262849.799399999901652 ], [ 333309.501699999906123, 263138.696699999272823 ], [ 332535.900600000284612, 262942.902699999511242 ], [ 331474.703499999828637, 263376.29869999922812 ], [ 330011.304100000299513, 262705.300799999386072 ], [ 328720.300699999555945, 262169.404100000858307 ], [ 328731.703599999658763, 261474.003200000151992 ], [ 328411.300599999725819, 261279.898800000548363 ], [ 328839.301699999719858, 261330.004399999976158 ], [ 328790.499200000427663, 260483.596699999645352 ], [ 328036.702800000086427, 260460.703099999576807 ], [ 326813.102699999697506, 260274.996300000697374 ], [ 326990.000500000081956, 259543.195800000801682 ], [ 326446.502500000409782, 258083.903599999845028 ], [ 326846.099399999715388, 257748.599600000306964 ], [ 324779.598500000312924, 256626.300799999386072 ], [ 325255.602300000376999, 254507.7972999997437 ], [ 324782.599700000137091, 253794.50139999948442 ], [ 324018.802000000141561, 253400.904100000858307 ], [ 324015.099899999797344, 253023.602099999785423 ], [ 323357.300699999555945, 252665.004799999296665 ], [ 323692.60259999986738, 251940.102299999445677 ], [ 324916.598399999551475, 251285.799499999731779 ], [ 325947.29700000025332, 252208.495400000363588 ], [ 326598.500199999660254, 251852.897199999541044 ], [ 326721.5, 251374.404200000688434 ], [ 325255.2972999997437, 250120.603099999949336 ], [ 322357.702499999664724, 249453.404100000858307 ], [ 322469.002600000239909, 248969.902499999850988 ], [ 321977.201100000180304, 248570.89670000039041 ], [ 322267.897300000302494, 247831.898199999704957 ], [ 322869.300300000235438, 247961.601099999621511 ], [ 324440.129999999888241, 247066.519999999552965 ], [ 324391.730000000447035, 245807.490000000223517 ], [ 323200.900000000372529, 245573.349999999627471 ], [ 323442.230000000447035, 243975.160000000149012 ], [ 322937.871399999596179, 242814.276300000026822 ], [ 323442.10120000038296, 241900.196100000292063 ], [ 323566.296500000171363, 241416.504599999636412 ], [ 325298.30350000038743, 239720.599999999627471 ], [ 325153.396599999628961, 239350.495999999344349 ], [ 325576.302199999801815, 238639.299599999561906 ], [ 324673.698900000192225, 236599.603399999439716 ], [ 325503.201500000432134, 235610.996400000527501 ], [ 325679.703599999658763, 234517.799300000071526 ], [ 326792.583999999798834, 232168.288699999451637 ], [ 328677.0, 230281.5 ], [ 328952.5, 229538.5 ], [ 329598.5, 229250.5 ], [ 330764.902700000442564, 227099.502800000831485 ], [ 330775.497600000351667, 225881.201500000432134 ], [ 331380.503700000233948, 225464.300899999216199 ], [ 332939.100599999539554, 225891.698499999940395 ], [ 333240.300900000147521, 223381.996899999678135 ], [ 334570.501400000415742, 223504.801799999549985 ], [ 335860.202100000344217, 224469.595599999651313 ], [ 336262.701200000010431, 224335.504000000655651 ], [ 337080.0011, 224747.895899999886751 ], [ 337923.099899999797344, 225570.500499999150634 ], [ 338727.801300000399351, 225581.597300000488758 ], [ 339102.102400000207126, 225887.599700000137091 ], [ 338998.701100000180304, 226478.300599999725819 ], [ 339409.506000000052154, 226571.151000000536442 ], [ 339908.098299999721348, 226425.695699999108911 ], [ 340279.379999999888241, 225720.322000000625849 ], [ 341000.0, 225818.699999999254942 ], [ 341974.950000000186265, 225197.359999999403954 ], [ 341883.179999999701977, 224935.119999999180436 ], [ 340718.25, 224645.990000000223517 ], [ 340814.570000000298023, 224289.21000000089407 ], [ 341346.990000000223517, 224207.330000000074506 ], [ 341378.209999999962747, 224477.919999999925494 ], [ 341965.339999999850988, 224411.900000000372529 ], [ 342185.259999999776483, 224692.619999999180436 ], [ 342574.009999999776483, 223389.449999999254942 ], [ 343424.990000000223517, 223293.429999999701977 ], [ 344451.901999999769032, 222272.904400000348687 ], [ 345245.790000000037253, 221394.900000000372529 ], [ 347200.519999999552965, 220497.919999999925494 ], [ 346902.529500000178814, 220084.67879999987781 ], [ 346471.199900000356138, 218872.897600000724196 ], [ 347106.803399999625981, 218476.801000000908971 ], [ 347957.396900000050664, 216637.797399999573827 ], [ 349037.400999999605119, 216244.799900000914931 ], [ 349189.002899999730289, 215591.896800000220537 ], [ 349697.698499999940395, 216117.896199999377131 ], [ 349969.298999999649823, 215976.19679999910295 ], [ 350524.198400000110269, 216941.425000000745058 ], [ 350760.800200000405312, 216034.300200000405312 ], [ 351164.000099999830127, 215845.004399999976158 ], [ 351523.19620000012219, 216578.604399999603629 ], [ 352057.89670000039041, 216473.604399999603629 ], [ 352319.900000000372529, 215255.903000000864267 ], [ 352757.498399999924004, 215160.900200000032783 ], [ 353048.400600000284612, 215758.799000000581145 ], [ 354193.697300000116229, 215433.102299999445677 ], [ 354742.200000000186265, 215104.096400000154972 ], [ 354828.5011, 214454.902300000190735 ], [ 355272.703700000420213, 214366.797499999403954 ], [ 355287.00069999974221, 214143.101500000804663 ], [ 354547.699000000022352, 213998.402899999171495 ], [ 354627.404000000096858, 212654.997500000521541 ], [ 353724.39670000039041, 212465.701700000092387 ], [ 353326.201399999670684, 211847.898499999195337 ], [ 353902.498200000263751, 210836.497999999672174 ], [ 353479.996600000187755, 210150.304400000721216 ], [ 353522.903900000266731, 208893.904100000858307 ], [ 353142.303600000217557, 208024.602900000289083 ], [ 353628.902400000020862, 207013.10249999910593 ], [ 354336.897499999962747, 206434.797900000587106 ], [ 353870.761099999770522, 205106.998500000685453 ], [ 353651.700000000186265, 204362.101299999281764 ], [ 352612.797600000165403, 203746.997400000691414 ], [ 353094.103000000119209, 203099.502699999138713 ], [ 353163.501699999906123, 201922.699599999934435 ], [ 353903.10010000038892, 201019.598099999129772 ], [ 353689.503600000403821, 200421.499299999326468 ], [ 352854.097500000149012, 200667.298900000751019 ], [ 352884.802099999971688, 200366.494999999180436 ], [ 353509.39850000012666, 200082.896199999377131 ], [ 353860.596800000406802, 199387.295299999415874 ], [ 353578.401399999856949, 198314.302500000223517 ], [ 354666.098100000061095, 197405.902499999850988 ], [ 353871.21999999973923, 196935.609999999403954 ], [ 352804.839999999850988, 196866.099999999627471 ], [ 352718.176599999889731, 196050.494100000709295 ], [ 353192.499499999918044, 195883.498299999162555 ], [ 354035.202499999664724, 196397.401200000196695 ], [ 353044.797500000335276, 194639.704299999400973 ], [ 353225.702399999834597, 194190.003000000491738 ], [ 353693.197399999946356, 194391.695299999788404 ], [ 353981.296299999579787, 194045.90430000051856 ], [ 353902.700899999588728, 193041.624800000339746 ], [ 353880.276999999769032, 193348.400800000876188 ], [ 353815.499900000169873, 194234.600199999287724 ], [ 353751.902200000360608, 193070.10359999909997 ], [ 353758.449199999682605, 193055.09940000064671 ], [ 353846.293399999849498, 192853.77930000051856 ], [ 354027.3597999997437, 192438.813699999824166 ], [ 354033.998700000345707, 192423.598699999973178 ], [ 354548.300499999895692, 191683.299699999392033 ], [ 353600.042200000025332, 190151.543999999761581 ], [ 353595.308000000193715, 190148.750199999660254 ], [ 352172.0, 189308.800200000405312 ], [ 352122.536899999715388, 189379.28940000012517 ], [ 352012.502299999818206, 189536.098200000822544 ], [ 350875.901200000196695, 187440.595000000670552 ], [ 349861.321399999782443, 187233.415999999269843 ], [ 348331.732499999925494, 187084.120300000533462 ], [ 348276.618200000375509, 187078.74379999935627 ], [ 348235.098799999803305, 187074.699799999594688 ], [ 347613.872899999842048, 186868.45299999974668 ], [ 347537.797500000335276, 186843.196000000461936 ], [ 345292.800200000405312, 185626.003399999812245 ], [ 345244.281299999915063, 185675.510500000789762 ], [ 343853.133899999782443, 184723.46000000089407 ], [ 343150.705199999734759, 184242.741100000217557 ], [ 343131.300200000405312, 184229.400200000032783 ], [ 341509.198499999940395, 183315.695800000801682 ], [ 339999.990199999883771, 183016.319099999964237 ], [ 339780.100300000049174, 182972.700300000607967 ], [ 337319.000099999830127, 181889.5 ], [ 336110.799800000153482, 182276.300100000575185 ], [ 336706.599999999627471, 183023.100099999457598 ], [ 336114.00069999974221, 182386.801100000739098 ], [ 336119.699900000356138, 182600.800000000745058 ], [ 335769.696000000461936, 182299.596599999815226 ], [ 334338.550699999555945, 182222.629499999806285 ], [ 333488.799700000323355, 182380.799799999222159 ], [ 332031.896499999798834, 183353.504899999126792 ], [ 333034.800999999977648, 184267.303400000557303 ], [ 333452.700199999846518, 184115.199799999594688 ], [ 333150.799899999983609, 184281.800000000745058 ], [ 332980.800200000405312, 185183.399800000712276 ], [ 332066.751299999654293, 185852.873700000345707 ], [ 331922.400999999605119, 185958.599700000137091 ], [ 331955.394000000320375, 185993.016499999910593 ], [ 332134.0148, 186179.345599999651313 ], [ 332631.500199999660254, 186698.299900000914931 ], [ 332529.997100000269711, 187196.304999999701977 ], [ 332966.597900000400841, 187028.503000000491738 ], [ 332142.502899999730289, 187432.996300000697374 ], [ 332118.762099999934435, 187461.308700000867248 ], [ 331299.275700000114739, 188444.442800000309944 ], [ 331628.800099999643862, 189200.199699999764562 ], [ 331445.599299999885261, 190420.801100000739098 ], [ 331893.000099999830127, 190438.899700000882149 ], [ 332225.400200000032783, 190003.600199999287724 ], [ 332316.416799999773502, 190098.91609999909997 ], [ 332337.754599999636412, 190121.261900000274181 ], [ 331934.498700000345707, 190562.100099999457598 ], [ 331351.786000000312924, 190539.146900000050664 ], [ 331307.402999999932945, 190537.398600000888109 ], [ 331422.980800000019372, 189969.289100000634789 ], [ 331466.601300000213087, 189676.099999999627471 ], [ 331175.574599999934435, 188519.964500000700355 ], [ 331242.288499999791384, 188427.752499999478459 ], [ 331262.294300000183284, 188404.500700000673532 ], [ 331822.08669999986887, 187678.57630000077188 ], [ 331826.154500000178814, 187673.301300000399351 ], [ 332493.89989999961108, 186863.900000000372529 ], [ 331845.300999999977648, 186614.800400000065565 ], [ 331709.102800000458956, 185950.10080000013113 ], [ 332881.302699999883771, 184622.301799999549985 ], [ 331556.501400000415742, 183863.600199999287724 ], [ 331060.0636, 184542.522299999371171 ], [ 331055.728500000201166, 184548.450999999418855 ], [ 330965.900600000284612, 184671.298499999567866 ], [ 331064.099700000137091, 183897.000700000673532 ], [ 331448.203900000080466, 183738.804700000211596 ], [ 331060.299800000153482, 182412.300200000405312 ], [ 328802.800499999895692, 180687.998999999836087 ], [ 327773.503800000064075, 180684.898800000548363 ], [ 327461.027599999681115, 179999.986400000751019 ], [ 327423.303100000135601, 179917.298499999567866 ], [ 325685.598799999803305, 178804.697000000625849 ], [ 325445.400000000372529, 179035.800300000235438 ], [ 324948.697999999858439, 178653.89640000090003 ], [ 324898.994699999690056, 178621.747600000351667 ], [ 323294.902099999599159, 177584.196399999782443 ], [ 322776.129499999806285, 177677.795800000429153 ], [ 322761.702200000174344, 177680.398800000548363 ], [ 322246.60010000038892, 177436.499500000849366 ], [ 322199.090200000442564, 177324.508799999952316 ], [ 321475.900600000284612, 175619.799499999731779 ], [ 320899.967899999581277, 175507.879300000146031 ], [ 321181.200199999846518, 174826.699899999424815 ], [ 320000.012400000356138, 173465.855200000107288 ], [ 319724.89780000038445, 173148.895999999716878 ], [ 319206.299999999813735, 173182.696299999952316 ], [ 319205.155600000172853, 173115.388100000098348 ], [ 319194.798100000247359, 172506.199899999424815 ], [ 319176.197200000286102, 172513.097999999299645 ], [ 319094.999900000169873, 172546.398399999365211 ], [ 319087.013199999928474, 172477.745100000873208 ], [ 318953.737900000065565, 171334.557499999180436 ], [ 318952.77379999961704, 171328.711200000718236 ], [ 318651.386400000192225, 169501.066199999302626 ], [ 318645.999499999918044, 169468.39949999935925 ], [ 318743.603600000031292, 168116.296499999240041 ], [ 317519.60010000038892, 167702.700099999085069 ], [ 317480.798299999907613, 167449.7972999997437 ], [ 314948.299899999983609, 167894.200200000777841 ], [ 313924.208499999716878, 167211.404999999329448 ], [ 313903.802199999801815, 167197.799499999731779 ], [ 313138.997899999842048, 167247.795499999076128 ], [ 312748.898599999956787, 166752.222799999639392 ], [ 312672.063900000415742, 166667.403999999165535 ], [ 312744.498499999754131, 166781.499199999496341 ], [ 312458.794599999673665, 166854.96059999987483 ], [ 312295.701999999582767, 166896.895600000396371 ], [ 312511.762099999934435, 166554.50650000013411 ], [ 312460.973600000143051, 166544.021199999377131 ], [ 312056.702399999834597, 166651.895700000226498 ], [ 311982.700100000016391, 166141.300000000745058 ], [ 311154.699300000444055, 166412.799900000914931 ], [ 311099.299800000153482, 165925.49970000050962 ], [ 310621.097099999897182, 166406.296000000089407 ], [ 311079.300999999977648, 166725.704299999400973 ], [ 310763.596499999985099, 166854.597699999809265 ], [ 310364.799399999901652, 166002.500499999150634 ], [ 309142.500300000421703, 166762.799900000914931 ], [ 308482.548499999567866, 166356.53319999948144 ], [ 308429.700000000186265, 166323.999600000679493 ], [ 306779.203700000420213, 165536.095100000500679 ], [ 305600.399100000038743, 165862.10080000013113 ], [ 303987.096199999563396, 165809.596799999475479 ], [ 303991.999800000339746, 166034.199999999254942 ], [ 303111.60259999986738, 165745.095300000160933 ], [ 302982.632500000298023, 166210.290200000628829 ], [ 302954.5943, 166311.423800000920892 ], [ 302901.600499999709427, 165735.199100000783801 ], [ 302306.596099999733269, 165636.896299999207258 ], [ 301639.699699999764562, 166364.900000000372529 ], [ 300208.400999999605119, 166487.401499999687076 ], [ 300189.843399999663234, 166485.844799999147654 ], [ 300000.012099999934435, 166469.9206000007689 ], [ 299361.999900000169873, 166416.400299999862909 ], [ 294715.477099999785423, 167772.862099999561906 ], [ 294359.800099999643862, 167876.69510000012815 ], [ 292977.099799999967217, 167633.599899999797344 ], [ 291652.097299999557436, 168075.298299999907613 ], [ 290171.618800000287592, 170813.575600000098348 ], [ 290161.560300000011921, 170832.179800000041723 ], [ 289099.699099999852479, 172569.500600000843406 ], [ 288605.255800000391901, 172634.296399999409914 ], [ 288433.850899999961257, 172816.927400000393391 ], [ 288467.299899999983609, 173157.099799999967217 ], [ 287686.273900000378489, 173654.314699999988079 ], [ 287622.839999999850988, 173725.849999999627471 ], [ 287536.271800000220537, 173773.292700000107288 ], [ 287419.839999999850988, 173897.349999999627471 ], [ 286967.50800000037998, 174111.893699999898672 ], [ 286813.400500000454485, 174210.001199999824166 ], [ 286039.89919999986887, 175099.598699999973178 ], [ 286074.800300000235438, 175611.399800000712276 ], [ 287118.703999999910593, 176239.743400000035763 ], [ 287615.702899999916553, 176538.895600000396371 ], [ 286281.800400000065565, 175854.600700000301003 ], [ 285483.299499999731779, 176704.499299999326468 ], [ 284361.657700000330806, 177062.487600000575185 ], [ 283726.499800000339746, 176874.199899999424815 ], [ 283566.262000000104308, 176510.52559999935329 ], [ 283453.101300000213087, 176253.697200000286102 ], [ 282911.845499999821186, 176693.578600000590086 ], [ 282732.499499999918044, 176505.894999999552965 ], [ 282141.500900000333786, 176839.000099999830127 ], [ 282056.89919999986887, 176332.568099999800324 ], [ 281932.999200000427663, 176344.842499999329448 ], [ 281486.886699999682605, 176630.001599999144673 ], [ 280904.602400000207126, 177002.20299999974668 ], [ 280870.033099999651313, 177006.879100000485778 ], [ 280722.600499999709427, 177026.821699999272823 ], [ 280541.343799999915063, 177300.835999999195337 ], [ 280388.699699999764562, 178023.399700000882149 ], [ 280000.017199999652803, 178621.580099999904633 ], [ 279592.888700000010431, 179248.148600000888109 ], [ 278678.097900000400841, 179793.803899999707937 ], [ 278838.444799999706447, 180000.004799999296665 ], [ 278936.499200000427663, 180126.099500000476837 ], [ 277843.276800000108778, 183433.36710000038147 ], [ 277944.443199999630451, 183385.474500000476837 ], [ 277920.847599999979138, 183432.570599999278784 ], [ 277839.372299999929965, 183596.942399999126792 ], [ 276640.285699999891222, 185988.527599999681115 ], [ 276045.198800000362098, 187176.300100000575185 ], [ 275519.349999999627471, 187086.550000000745058 ], [ 275067.028599999845028, 187178.838199999183416 ], [ 274164.599700000137091, 187726.400100000202656 ], [ 275535.122299999929965, 187123.973600000143051 ], [ 275196.200100000016391, 188533.5011 ], [ 274201.399799999780953, 188319.900100000202656 ], [ 275462.400000000372529, 188697.400200000032783 ], [ 275555.599499999545515, 189146.168500000610948 ], [ 275473.608099999837577, 189020.464700000360608 ], [ 275467.879700000397861, 189011.682299999520183 ], [ 275336.200199999846518, 188809.800000000745058 ], [ 274761.497100000269711, 189071.097999999299645 ], [ 274578.220599999651313, 188748.270500000566244 ], [ 274744.10010000038892, 189203.5 ], [ 274184.060999999754131, 189836.362099999561906 ], [ 274131.705400000326335, 189887.17879999987781 ], [ 272887.203900000080466, 191095.098899999633431 ], [ 272853.842299999669194, 191136.240399999544024 ], [ 272848.124499999918044, 191143.291500000283122 ], [ 271951.100300000049174, 192249.499399999156594 ], [ 272872.605299999937415, 193016.919999999925494 ], [ 273798.497499999590218, 193738.102299999445677 ], [ 273293.100200000219047, 193490.402100000530481 ], [ 273379.878299999982119, 194470.987099999561906 ], [ 273387.865699999965727, 194545.949599999934435 ], [ 273401.49930000025779, 194715.302200000733137 ], [ 273130.810300000011921, 194994.414499999955297 ], [ 273103.61699999962002, 195030.625700000673532 ], [ 273107.833999999798834, 195034.449200000613928 ], [ 273390.899799999780953, 195291.100199999287724 ], [ 273089.499800000339746, 195094.999800000339746 ], [ 273002.038399999961257, 195328.605799999088049 ], [ 273004.081600000150502, 195215.230699999257922 ], [ 273009.502899999730289, 194914.395700000226498 ], [ 272404.802899999544024, 194669.096699999645352 ], [ 273003.299899999983609, 194873.200300000607967 ], [ 273279.400799999944866, 194630.199999999254942 ], [ 272964.501400000415742, 193272.595599999651313 ], [ 272300.097900000400841, 192885.596400000154972 ], [ 272150.341000000014901, 192951.1570999994874 ], [ 271942.299999999813735, 192690.299799999222159 ], [ 269505.002299999818206, 192654.125700000673532 ], [ 269010.203099999576807, 192811.697599999606609 ], [ 268350.800200000405312, 192203.599700000137091 ], [ 266886.699799999594688, 191810.600299999117851 ], [ 266950.0, 191916.00029999949038 ], [ 266468.803100000135601, 192599.29839999973774 ], [ 266494.551799999549985, 192272.569900000467896 ], [ 266450.82010000012815, 192269.830600000917912 ], [ 264292.350499999709427, 192133.266699999570847 ], [ 263620.994699999690056, 191880.941700000315905 ], [ 263542.400100000202656, 191851.402400000020862 ], [ 261991.743800000287592, 190721.150000000372529 ], [ 261954.500300000421703, 190694.003699999302626 ], [ 261733.701799999922514, 189956.503299999982119 ], [ 261712.455000000074506, 189797.202600000426173 ], [ 261546.001799999736249, 188549.197799999266863 ], [ 261552.735500000417233, 188534.557099999859929 ], [ 261555.446800000034273, 188528.662100000306964 ], [ 261772.700000000186265, 188056.299000000581145 ], [ 263121.003299999982119, 187283.999900000169873 ], [ 261919.203200000338256, 186800.098400000482798 ], [ 261062.982900000177324, 187265.176500000059605 ], [ 260970.941700000315905, 187287.040899999439716 ], [ 260633.097299999557436, 187367.296000000089407 ], [ 260561.286899999715388, 187133.101199999451637 ], [ 259903.360799999907613, 186871.251800000667572 ], [ 259777.399799999780953, 186858.500399999320507 ], [ 259322.973899999633431, 187611.758500000461936 ], [ 259303.103000000119209, 187644.696599999442697 ], [ 257462.134100000374019, 186988.405200000852346 ], [ 257392.817900000140071, 186962.901900000870228 ], [ 256996.802699999883771, 186280.996999999508262 ], [ 256324.60080000013113, 186848.600299999117851 ], [ 254753.067499999888241, 187175.026699999347329 ], [ 254227.804700000211596, 187398.379300000146031 ], [ 253787.167200000025332, 187773.05489999987185 ], [ 253766.997899999842048, 187790.205000000074506 ], [ 253782.182699999772012, 188135.656400000676513 ], [ 253786.257799999788404, 188228.365499999374151 ], [ 253788.400000000372529, 188277.100899999961257 ], [ 253726.253700000233948, 188226.216399999335408 ], [ 252993.199000000022352, 187626.000900000333786 ], [ 251538.5, 187742.999299999326468 ], [ 251503.902700000442564, 187714.585500000044703 ], [ 250611.398699999786913, 186981.596400000154972 ], [ 250280.400299999862909, 186260.601600000634789 ], [ 251222.191599999554455, 185158.714299999177456 ], [ 251193.400700000114739, 185011.862500000745058 ], [ 250816.799700000323355, 184655.401300000026822 ], [ 248756.804100000299513, 185546.697100000455976 ], [ 247916.698300000280142, 185545.997300000861287 ], [ 246961.202899999916553, 185130.496300000697374 ], [ 247180.690899999812245, 184511.809599999338388 ], [ 247176.461600000038743, 184410.345000000670552 ], [ 246600.900899999774992, 184386.299699999392033 ], [ 246411.499699999578297, 184831.699799999594688 ], [ 244761.769700000062585, 185077.072300000116229 ], [ 243497.394700000062585, 186175.564400000497699 ], [ 243487.598799999803305, 186256.200600000098348 ], [ 242812.738300000317395, 186551.865100000053644 ], [ 242090.394500000402331, 186931.670199999585748 ], [ 242136.200000000186265, 187196.200200000777841 ], [ 241274.896900000050664, 187399.797700000926852 ], [ 240871.900299999862909, 187025.400100000202656 ], [ 240102.499699999578297, 187428.399299999698997 ], [ 241348.896999999880791, 188151.001700000837445 ], [ 241477.999499999918044, 188869.300100000575185 ], [ 241046.499699999578297, 191111.800100000575185 ], [ 240200.096199999563396, 192613.304400000721216 ], [ 241021.799599999561906, 193196.098799999803305 ], [ 241807.200100000016391, 193025.699899999424815 ], [ 242268.196600000374019, 193248.802400000393391 ], [ 242801.700799999758601, 194231.000600000843406 ], [ 244022.800099999643862, 194858.299799999222159 ], [ 244715.99930000025779, 196681.900399999693036 ], [ 245771.803399999625981, 196682.899399999529123 ], [ 244946.200100000016391, 196554.097899999469519 ], [ 245619.600599999539554, 196076.403000000864267 ], [ 245364.100700000301003, 195985.09940000064671 ], [ 245409.399799999780953, 195566.199799999594688 ], [ 245098.999499999918044, 195781.498800000175834 ], [ 245095.899000000208616, 195467.597999999299645 ], [ 245364.002700000070035, 195466.997500000521541 ], [ 244538.407599999569356, 194502.503000000491738 ], [ 244868.599399999715388, 194583.400499999523163 ], [ 244608.2023, 194228.802300000563264 ], [ 244858.122499999590218, 194375.584799999371171 ], [ 245038.435999999754131, 193804.798800000920892 ], [ 244635.200199999846518, 193406.799699999392033 ], [ 245050.896499999798834, 193786.998400000855327 ], [ 245051.20160000026226, 193823.497899999842048 ], [ 244905.701000000350177, 194398.703299999237061 ], [ 245267.296500000171363, 194018.802200000733137 ], [ 244888.000599999912083, 194703.499199999496341 ], [ 245133.396599999628961, 194472.002299999818206 ], [ 244921.49930000025779, 194727.799499999731779 ], [ 245181.902300000190735, 194782.703400000929832 ], [ 245294.900100000202656, 194245.799900000914931 ], [ 245214.799599999561906, 194834.799499999731779 ], [ 245510.401999999769032, 194819.802799999713898 ], [ 245472.499699999578297, 194518.999900000169873 ], [ 245601.5, 194881.399800000712276 ], [ 245459.703099999576807, 193923.199400000274181 ], [ 245642.199599999934435, 194334.501000000163913 ], [ 245784.896599999628961, 193938.904899999499321 ], [ 245843.403500000014901, 194746.703700000420213 ], [ 246156.899799999780953, 193691.800100000575185 ], [ 246060.39989999961108, 194280.299799999222159 ], [ 246416.10010000038892, 194240.800200000405312 ], [ 246523.299499999731779, 193708.899599999189377 ], [ 246893.550800000317395, 194009.609699999913573 ], [ 246540.300200000405312, 194057.000600000843406 ], [ 246654.296400000341237, 194241.673599999397993 ], [ 246117.900000000372529, 194435.699699999764562 ], [ 246337.100499999709427, 194552.199799999594688 ], [ 246065.199900000356138, 194684.699799999594688 ], [ 246488.497100000269711, 194644.702899999916553 ], [ 246478.603000000119209, 194860.5011 ], [ 246852.723600000143051, 194464.855200000107288 ], [ 247196.500199999660254, 194101.299300000071526 ], [ 246228.200000000186265, 195886.698799999430776 ], [ 247112.499800000339746, 195900.903300000354648 ], [ 248065.900999999605119, 195237.603199999779463 ], [ 248637.901100000366569, 194341.099999999627471 ], [ 247963.802400000393391, 194226.802500000223517 ], [ 248770.154900000430644, 194190.968499999493361 ], [ 249242.396999999880791, 194436.402499999850988 ], [ 249296.100300000049174, 194113.199899999424815 ], [ 249924.296500000171363, 193948.502199999988079 ], [ 250088.496899999678135, 194430.004300000146031 ], [ 250253.200199999846518, 194040.895700000226498 ], [ 250152.599700000137091, 193700.800599999725819 ], [ 249784.202899999916553, 193788.894700000062585 ], [ 249826.918600000441074, 193713.592800000682473 ], [ 250202.479399999603629, 193685.412399999797344 ], [ 250498.696899999864399, 194794.599999999627471 ], [ 250510.623200000263751, 194802.425300000235438 ], [ 251112.599399999715388, 195197.404699999839067 ], [ 251317.399500000290573, 194672.604800000786781 ], [ 251427.899799999780953, 195091.000099999830127 ], [ 252146.401100000366569, 195125.999800000339746 ], [ 252419.201200000010431, 194762.699699999764562 ], [ 252015.300499999895692, 195467.597899999469519 ], [ 252445.396900000050664, 195683.90059999935329 ], [ 252197.599999999627471, 195865.803300000727177 ], [ 253047.899799999780953, 195670.199799999594688 ], [ 254443.999900000169873, 195985.662499999627471 ], [ 253634.499800000339746, 196236.300200000405312 ], [ 253881.300200000405312, 196661.100099999457598 ], [ 255422.869199999608099, 197324.154799999669194 ], [ 256399.124800000339746, 197420.406300000846386 ], [ 256504.498399999924004, 197430.795399999246001 ], [ 256772.655299999751151, 196944.707800000905991 ], [ 256805.096800000406802, 196885.901300000026822 ], [ 256803.603900000452995, 196960.541899999603629 ], [ 256803.487800000235438, 196966.346799999475479 ], [ 256796.160799999721348, 197330.100400000810623 ], [ 256794.587199999950826, 197389.491599999368191 ], [ 256767.474200000055134, 197386.807900000363588 ], [ 256640.20380000025034, 197360.295499999076128 ], [ 256145.399000000208616, 197965.900100000202656 ], [ 256855.242600000463426, 198493.416799999773502 ], [ 256892.841099999845028, 198656.529400000348687 ], [ 256972.985600000247359, 199004.219000000506639 ], [ 257003.500199999660254, 199136.599700000137091 ], [ 257372.004900000058115, 199117.871799999848008 ], [ 257483.493599999696016, 199112.205800000578165 ], [ 257357.77309999987483, 199131.225899999961257 ], [ 257169.235799999907613, 199159.749500000849366 ], [ 256998.520999999716878, 199185.576799999922514 ], [ 256973.898000000044703, 199189.301999999210238 ], [ 256584.06319999974221, 199999.974899999797344 ], [ 256494.800099999643862, 200185.600199999287724 ], [ 256794.099399999715388, 200491.100199999287724 ], [ 257134.497999999672174, 200055.204900000244379 ], [ 257412.996899999678135, 201196.39750000089407 ], [ 257835.999200000427663, 201443.699500000104308 ], [ 257578.500199999660254, 201389.301000000908971 ], [ 257719.599000000394881, 201922.899900000542402 ], [ 257682.376299999654293, 201905.661100000143051 ], [ 257411.285000000149012, 201780.111300000920892 ], [ 257293.501899999566376, 201725.562699999660254 ], [ 257355.399799999780953, 201368.100199999287724 ], [ 256911.201200000010431, 201539.199300000444055 ], [ 257173.700799999758601, 201083.899000000208616 ], [ 256757.799999999813735, 200902.800799999386072 ], [ 256453.503100000321865, 201165.496700000017881 ], [ 256158.300499999895692, 200504.895400000736117 ], [ 256159.245500000193715, 200417.888199999928474 ], [ 256163.784199999645352, 200000.000099999830127 ], [ 256182.701000000350177, 198258.299399999901652 ], [ 255864.374499999918044, 197942.822599999606609 ], [ 255601.500300000421703, 198145.899800000712276 ], [ 254429.801900000311434, 197865.500900000333786 ], [ 254395.5921, 197860.306099999696016 ], [ 253135.096400000154972, 197668.897199999541044 ], [ 253021.500199999660254, 197939.099999999627471 ], [ 252753.100300000049174, 197617.399900000542402 ], [ 252395.300099999643862, 197872.299900000914931 ], [ 252562.89740000013262, 198443.895400000736117 ], [ 252406.457299999892712, 197969.768300000578165 ], [ 252328.598399999551475, 197733.799300000071526 ], [ 252154.199099999852479, 197934.300599999725819 ], [ 251673.799200000241399, 197293.200099999085069 ], [ 251063.096099999733269, 197353.39750000089407 ], [ 251085.498700000345707, 197616.600899999961257 ], [ 250434.39989999961108, 197894.900200000032783 ], [ 250473.500199999660254, 198413.899800000712276 ], [ 250187.298799999989569, 198359.899800000712276 ], [ 250389.499499999918044, 198613.598799999803305 ], [ 250011.448099999688566, 199178.329600000753999 ], [ 250011.499699999578297, 198523.600099999457598 ], [ 249505.799800000153482, 198699.0 ], [ 249848.099899999797344, 198789.299900000914931 ], [ 249308.500300000421703, 199783.900399999693036 ], [ 249430.598699999973178, 199905.996799999848008 ], [ 249397.102500000037253, 199926.010099999606609 ], [ 249273.316300000064075, 199999.969900000840425 ], [ 248241.599799999967217, 200616.399800000712276 ], [ 246391.378800000064075, 200681.062899999320507 ], [ 246350.204400000162423, 200682.501900000497699 ], [ 246232.06900000013411, 200340.404500000178814 ], [ 245206.853699999861419, 200129.520700000226498 ], [ 244906.699400000274181, 200096.801100000739098 ], [ 244507.700299999676645, 200106.300899999216199 ], [ 244610.198599999770522, 200556.100099999457598 ], [ 244296.600200000219047, 200626.599999999627471 ], [ 244457.943099999800324, 200000.039000000804663 ], [ 244470.699900000356138, 199950.499199999496341 ], [ 244329.611600000411272, 200000.036399999633431 ], [ 243675.500199999660254, 200229.700099999085069 ], [ 243679.658499999903142, 200000.017000000923872 ], [ 243681.804100000299513, 199881.503900000825524 ], [ 243597.760200000368059, 199916.353399999439716 ], [ 243396.021800000220537, 200000.005699999630451 ], [ 242885.496199999935925, 200211.699100000783801 ], [ 241827.699799999594688, 200056.599799999967217 ], [ 241844.075199999846518, 200000.025800000876188 ], [ 241889.699799999594688, 199842.401000000536442 ], [ 242573.611600000411272, 200000.011199999600649 ], [ 243013.999800000339746, 200101.50029999949038 ], [ 242754.234000000171363, 200000.002199999988079 ], [ 242696.900200000032783, 199977.600099999457598 ], [ 243449.699300000444055, 199874.399800000712276 ], [ 243478.800300000235438, 199542.198799999430776 ], [ 242209.599000000394881, 199004.095000000670552 ], [ 240431.198800000362098, 199545.10050000064075 ], [ 239999.988599999807775, 199940.354499999433756 ], [ 239934.965400000102818, 199999.955700000748038 ], [ 238643.099299999885261, 201184.100400000810623 ], [ 236307.700799999758601, 204431.400900000706315 ], [ 235748.199699999764562, 205861.0011 ], [ 235826.900200000032783, 206443.898800000548363 ], [ 236753.299999999813735, 205777.699999999254942 ], [ 236660.800300000235438, 206058.400100000202656 ], [ 237079.5, 206145.200099999085069 ], [ 236890.800300000235438, 205525.499199999496341 ], [ 237286.599899999797344, 206072.400299999862909 ], [ 237067.0011, 205365.601199999451637 ], [ 237135.158300000242889, 205353.475199999287724 ], [ 237411.196000000461936, 205937.000499999150634 ], [ 237854.100200000219047, 205980.299900000914931 ], [ 237380.800200000405312, 205747.400000000372529 ], [ 237401.800099999643862, 205450.102900000289083 ], [ 237400.599899999797344, 205743.399800000712276 ], [ 237575.602099999785423, 205532.000900000333786 ], [ 237460.799100000411272, 205765.499900000169873 ], [ 237892.196899999864399, 205699.299799999222159 ], [ 237753.200100000016391, 205883.099999999627471 ], [ 237928.8284, 205957.319599999114871 ], [ 237870.198599999770522, 205952.496099999174476 ], [ 238088.197999999858439, 206171.703299999237061 ], [ 238179.106300000101328, 206063.085699999704957 ], [ 238340.298999999649823, 206131.204900000244379 ], [ 238300.83559999987483, 205837.934900000691414 ], [ 238349.50040000025183, 205839.599300000816584 ], [ 238233.797500000335276, 205568.895899999886751 ], [ 237233.848799999803305, 205335.916999999433756 ], [ 237549.462100000120699, 205279.765799999237061 ], [ 238050.399000000208616, 205493.299799999222159 ], [ 237738.099999999627471, 205133.800200000405312 ], [ 238084.702100000344217, 205297.303600000217557 ], [ 237859.000799999572337, 205135.600400000810623 ], [ 238237.599399999715388, 204993.49970000050962 ], [ 238269.101800000295043, 205524.198699999600649 ], [ 238311.404099999926984, 205154.404400000348687 ], [ 238348.198800000362098, 205411.40059999935329 ], [ 238605.799100000411272, 205275.400000000372529 ], [ 238396.102099999785423, 205018.903100000694394 ], [ 238324.900899999774992, 204952.900900000706315 ], [ 238702.500199999660254, 205061.599899999797344 ], [ 238696.798000000417233, 204670.602099999785423 ], [ 238810.499099999666214, 205201.200500000268221 ], [ 238855.400600000284612, 204673.001199999824166 ], [ 239157.599799999967217, 204697.699799999594688 ], [ 238918.200100000016391, 204851.000199999660254 ], [ 239095.900200000032783, 205243.899800000712276 ], [ 239211.701100000180304, 205049.57880000025034 ], [ 239339.631699999794364, 205229.063699999824166 ], [ 239115.400600000284612, 205247.59940000064671 ], [ 239130.600300000049174, 205513.800100000575185 ], [ 239388.453200000338256, 205297.559599999338388 ], [ 239473.800099999643862, 205417.300200000405312 ], [ 239705.202899999916553, 205313.299000000581145 ], [ 239576.24129999987781, 205088.813100000843406 ], [ 239655.501600000075996, 205035.598500000312924 ], [ 239854.801300000399351, 205166.401100000366569 ], [ 239733.200100000016391, 205430.5 ], [ 240000.0466, 205073.126800000667572 ], [ 240382.699000000022352, 205056.801000000908971 ], [ 240000.005699999630451, 205269.09180000051856 ], [ 240365.798600000329316, 205309.400100000202656 ], [ 240000.00789999961853, 205336.064500000327826 ], [ 239922.700000000186265, 205341.699899999424815 ], [ 240000.010400000028312, 205410.354199999943376 ], [ 240209.399799999780953, 205596.299200000241399 ], [ 240620.200100000016391, 205393.600099999457598 ], [ 240611.10329999960959, 205347.100700000301003 ], [ 240842.000099999830127, 205171.199799999594688 ], [ 240799.347000000067055, 205415.913599999621511 ], [ 240785.998499999754131, 205492.497700000181794 ], [ 240836.248599999584258, 205433.607999999076128 ], [ 241005.79839999973774, 205234.9068 ], [ 241111.644299999810755, 205565.848500000312924 ], [ 240478.012199999764562, 205607.283700000494719 ], [ 240225.849600000306964, 205623.168899999931455 ], [ 240000.017900000326335, 205637.395400000736117 ], [ 239703.100300000049174, 205656.099999999627471 ], [ 239893.299399999901652, 205725.001000000163913 ], [ 239528.601599999703467, 205998.70160000026226 ], [ 239860.998999999836087, 205843.800300000235438 ], [ 239538.00069999974221, 206245.101099999621511 ], [ 239996.610399999655783, 206729.851399999111891 ], [ 240000.017799999564886, 206730.199200000613928 ], [ 240904.298600000329316, 206822.496999999508262 ], [ 241614.499699999578297, 207290.999900000169873 ], [ 240987.903500000014901, 207135.297499999403954 ], [ 240900.002899999730289, 206832.404200000688434 ], [ 240000.01410000026226, 206949.128799999132752 ], [ 239869.197100000455976, 206966.095899999141693 ], [ 239783.999800000339746, 206530.300100000575185 ], [ 239485.740100000053644, 206667.924799999222159 ], [ 236845.197300000116229, 206924.797700000926852 ], [ 236114.60010000038892, 208043.999900000169873 ], [ 236102.696600000374019, 208994.295299999415874 ], [ 236413.197300000116229, 210362.903599999845028 ], [ 237060.999800000339746, 211251.800200000405312 ], [ 236898.699699999764562, 212500.700799999758601 ], [ 237358.196800000034273, 212703.403599999845028 ], [ 237416.300099999643862, 212484.000099999830127 ], [ 237633.898000000044703, 212692.284299999475479 ], [ 238495.700899999588728, 213517.200099999085069 ], [ 238951.999900000169873, 213419.499399999156594 ], [ 239159.175499999895692, 213568.256799999624491 ], [ 239162.313000000081956, 213570.509600000455976 ], [ 239654.900299999862909, 213924.200099999085069 ], [ 239144.596400000154972, 213699.79839999973774 ], [ 238662.499499999918044, 213877.997400000691414 ], [ 237612.202399999834597, 213349.798599999397993 ], [ 237116.303399999625981, 213504.903300000354648 ], [ 236353.200299999676645, 212280.800100000575185 ], [ 236129.89919999986887, 211232.600099999457598 ], [ 235304.5, 210092.000199999660254 ], [ 234187.600200000219047, 209240.800300000235438 ], [ 232637.900200000032783, 210011.899900000542402 ], [ 232042.803700000047684, 209999.997500000521541 ], [ 231124.996500000357628, 210780.304099999368191 ], [ 231926.39740000013262, 211089.902000000700355 ], [ 232099.297899999655783, 211762.002399999648333 ], [ 231700.600200000219047, 211165.099999999627471 ], [ 231885.054299999959767, 211782.361999999731779 ], [ 231640.400500000454485, 212312.298499999567866 ], [ 230798.299800000153482, 212838.199999999254942 ], [ 231092.499800000339746, 213510.800200000405312 ], [ 230855.328099999576807, 213375.151100000366569 ], [ 230721.370099999941885, 213298.534499999135733 ], [ 230700.499699999578297, 213286.597799999639392 ], [ 230717.444500000216067, 213323.504200000315905 ], [ 230839.562199999578297, 213589.481200000271201 ], [ 230909.99930000025779, 213742.895800000056624 ], [ 230662.544900000095367, 213803.817999999970198 ], [ 230647.001500000245869, 213812.29619999974966 ], [ 230660.363099999725819, 213316.336100000888109 ], [ 230765.512699999846518, 212999.068299999460578 ], [ 230764.659300000406802, 212982.071900000795722 ], [ 230048.108900000341237, 212967.454500000923872 ], [ 229633.299899999983609, 212958.899700000882149 ], [ 230538.89989999961108, 212810.099700000137091 ], [ 231225.100999999791384, 211997.300100000575185 ], [ 230563.318799999542534, 210880.675400000065565 ], [ 230519.277900000102818, 210806.365199999883771 ], [ 230378.60010000038892, 210568.99970000050962 ], [ 230165.5011, 210689.300200000405312 ], [ 230636.402400000020862, 209966.497099999338388 ], [ 230394.599799999967217, 209728.0 ], [ 231150.399699999950826, 209761.700799999758601 ], [ 231052.400000000372529, 209446.100299999117851 ], [ 231354.999699999578297, 209571.300000000745058 ], [ 231256.600200000219047, 209313.599999999627471 ], [ 231488.496500000357628, 209145.202199999243021 ], [ 231399.000799999572337, 209527.400000000372529 ], [ 231740.300400000065565, 208867.500900000333786 ], [ 232710.60010000038892, 208341.500099999830127 ], [ 232329.302699999883771, 208259.596999999135733 ], [ 233185.700600000098348, 207936.598999999463558 ], [ 233015.400200000032783, 207638.400200000032783 ], [ 231212.699799999594688, 206693.300000000745058 ], [ 230022.699000000022352, 206534.900000000372529 ], [ 223409.202399999834597, 207906.396800000220537 ], [ 222032.598699999973178, 207097.198400000110269 ], [ 220000.015599999576807, 207568.77559999935329 ], [ 219827.499099999666214, 207608.801000000908971 ], [ 218572.896900000050664, 207174.396299999207258 ], [ 218296.901700000278652, 207332.600999999791384 ], [ 218246.901899999938905, 207324.421599999070168 ], [ 216330.999499999918044, 207011.002100000157952 ], [ 214659.835099999792874, 206113.480599999427795 ], [ 214546.099700000137091, 206052.39750000089407 ], [ 213738.065200000070035, 204868.136499999091029 ], [ 213705.903300000354648, 204820.999900000169873 ], [ 213860.803199999965727, 204342.696900000795722 ], [ 213879.404299999587238, 204308.519300000742078 ], [ 214353.999699999578297, 203436.499800000339746 ], [ 214873.799700000323355, 203253.000199999660254 ], [ 213665.298899999819696, 202022.097599999979138 ], [ 213350.566999999806285, 200642.620400000363588 ], [ 213830.599799999967217, 200473.3136 ], [ 213851.58629999961704, 200451.700699999928474 ], [ 213373.391699999570847, 199999.949899999424815 ], [ 212347.300099999643862, 199030.600199999287724 ], [ 212218.799499999731779, 198552.204299999400973 ], [ 212532.130199999548495, 198313.519700000062585 ], [ 212532.741499999538064, 198293.846999999135733 ], [ 211876.722599999979138, 198256.128499999642372 ], [ 210421.700299999676645, 198600.595899999141693 ], [ 210064.207999999634922, 198526.19400000013411 ], [ 209775.679999999701977, 198570.169999999925494 ], [ 209656.715400000102818, 198497.339600000530481 ], [ 209539.31900000013411, 198510.417999999597669 ], [ 209439.726800000295043, 198396.225899999961257 ], [ 209189.903699999675155, 198344.232300000265241 ], [ 209158.496500000357628, 198337.695800000801682 ], [ 209058.203599999658763, 197834.199899999424815 ], [ 209416.797799999825656, 197511.802200000733137 ], [ 207949.597299999557436, 197387.297900000587106 ], [ 208034.675999999977648, 197191.213300000876188 ], [ 207850.026399999856949, 196893.420299999415874 ], [ 207659.889700000174344, 196592.706399999558926 ], [ 207639.096599999815226, 196566.902599999681115 ], [ 206912.099899999797344, 197061.700099999085069 ], [ 205918.401800000108778, 197082.695000000298023 ], [ 206085.99930000025779, 197544.800899999216199 ], [ 205482.299800000153482, 197788.500099999830127 ], [ 204923.028199999593198, 197595.546800000593066 ], [ 204677.252999999560416, 197544.168999999761581 ], [ 204201.796900000423193, 198149.100999999791384 ], [ 204081.507100000046194, 198045.596200000494719 ], [ 203403.488400000147521, 197888.725400000810623 ], [ 203267.626000000163913, 197901.200899999588728 ], [ 203251.2977, 197902.700300000607967 ], [ 202176.000099999830127, 198134.700099999085069 ], [ 201683.377100000157952, 197471.256799999624491 ], [ 201975.800200000405312, 197131.49970000050962 ], [ 201004.000300000421703, 197068.099700000137091 ], [ 200804.098699999973178, 196511.199799999594688 ], [ 200072.499800000339746, 196462.000099999830127 ], [ 199999.976700000464916, 196408.865299999713898 ], [ 199466.89850000012666, 196018.299900000914931 ], [ 199472.84360000025481, 195865.734300000593066 ], [ 199193.340699999593198, 195091.14130000025034 ], [ 199045.800200000405312, 194926.199799999594688 ], [ 199526.411500000394881, 194151.20299999974668 ], [ 199537.612999999895692, 194128.64299999922514 ], [ 199250.369900000281632, 194246.49070000089705 ], [ 199141.94579999987036, 194297.436599999666214 ], [ 199019.494900000281632, 194355.245699999853969 ], [ 199002.063299999572337, 194352.191299999132752 ], [ 198733.300300000235438, 194466.599899999797344 ], [ 198500.478900000452995, 194245.5307 ], [ 198355.400000000372529, 194214.679999999701977 ], [ 198096.675800000317395, 193977.589500000700355 ], [ 197704.599899999797344, 194334.099700000137091 ], [ 197417.999400000087917, 192642.495999999344349 ], [ 197396.124499999918044, 192650.598200000822544 ], [ 196871.849999999627471, 192957.369999999180436 ], [ 196657.776700000278652, 192924.074599999934435 ], [ 196340.196800000034273, 193041.701700000092387 ], [ 196349.198099999688566, 192876.080600000917912 ], [ 196344.89130000025034, 192875.410800000652671 ], [ 195895.510700000450015, 192805.754599999636412 ], [ 195388.898199999704957, 193585.796000000089407 ], [ 194195.400000000372529, 193880.900499999523163 ], [ 194083.100200000219047, 194368.000099999830127 ], [ 193549.400299999862909, 194262.802200000733137 ], [ 193515.932699999772012, 194295.575799999758601 ], [ 193265.379999999888241, 194597.970000000670552 ], [ 193219.344800000078976, 194586.013299999758601 ], [ 193120.099999999627471, 194683.199999999254942 ], [ 193095.521900000050664, 194570.633600000292063 ], [ 192961.095499999821186, 194533.811200000345707 ], [ 192861.901100000366569, 194655.400100000202656 ], [ 191841.300300000235438, 194265.000099999830127 ], [ 190142.7966, 195393.498999999836087 ], [ 188320.4989, 195741.999500000849366 ], [ 188179.873100000433624, 196720.614900000393391 ], [ 188218.971699999645352, 196763.166899999603629 ], [ 188959.802500000223517, 197095.701700000092387 ], [ 189048.999800000339746, 197624.500199999660254 ], [ 188450.900899999774992, 199820.300599999725819 ], [ 188351.349799999967217, 200000.039300000295043 ], [ 187992.300200000405312, 200648.300000000745058 ], [ 187420.213299999944866, 200691.518300000578165 ], [ 186257.130300000309944, 201089.868200000375509 ], [ 186095.899799999780953, 201182.198799999430776 ], [ 185875.490500000305474, 201113.78940000012517 ], [ 185647.970099999569356, 201073.60950000025332 ], [ 184826.701500000432134, 201863.296299999579787 ], [ 184372.317300000227988, 201666.530500000342727 ], [ 184187.736600000411272, 201613.751800000667572 ], [ 184554.896099999547005, 201930.897199999541044 ], [ 184090.233599999919534, 202739.977900000289083 ], [ 184359.60190000012517, 202875.953500000759959 ], [ 185348.400000000372529, 203173.900800000876188 ], [ 184922.324500000104308, 203782.683199999853969 ], [ 185034.61739999987185, 203819.26490000076592 ], [ 187224.80350000038743, 203491.700400000438094 ], [ 187504.302899999544024, 203189.197000000625849 ], [ 186726.901399999856949, 202918.004200000315905 ], [ 187279.801099999807775, 202315.99970000050962 ], [ 189140.296099999919534, 201878.702199999243021 ], [ 189543.100399999879301, 201938.705000000074506 ], [ 189779.997499999590218, 202423.896099999547005 ], [ 189636.401300000026822, 202839.496999999508262 ], [ 188820.700100000016391, 203212.200200000777841 ], [ 189224.997700000181794, 203868.402599999681115 ], [ 189982.027300000190735, 203895.834899999201298 ], [ 191459.472000000067055, 203641.341700000688434 ], [ 192095.903199999593198, 203341.10359999909997 ], [ 192219.299399999901652, 203012.79869999922812 ], [ 192426.101400000043213, 203273.103000000119209 ], [ 194006.86600000038743, 203146.646299999207258 ], [ 194070.85869999974966, 202994.709300000220537 ], [ 194111.89919999986887, 202848.499800000339746 ], [ 193686.464999999850988, 202592.421299999579787 ], [ 193667.015599999576807, 202583.121999999508262 ], [ 193663.672399999573827, 202581.855499999597669 ], [ 194167.400000000372529, 201858.299100000411272 ], [ 193931.900200000032783, 201467.800000000745058 ], [ 194363.900100000202656, 201472.699799999594688 ], [ 194420.700199999846518, 201192.400299999862909 ], [ 195142.099999999627471, 201688.999900000169873 ], [ 196765.798600000329316, 201731.904200000688434 ], [ 196950.409199999645352, 201215.078900000080466 ], [ 197038.302799999713898, 201099.305900000035763 ], [ 197053.196700000204146, 201079.800799999386072 ], [ 197115.001699999906123, 201944.103399999439716 ], [ 197953.313000000081956, 201842.726399999111891 ], [ 198089.996700000017881, 201826.197200000286102 ], [ 197976.282700000330806, 201905.471000000834465 ], [ 197525.693500000052154, 202219.309699999168515 ], [ 196877.799899999983609, 201995.900000000372529 ], [ 196539.99959999974817, 202265.100299999117851 ], [ 196526.130599999800324, 202219.01490000076592 ], [ 196473.099000000394881, 202042.795199999585748 ], [ 195913.498399999924004, 202177.196699999272823 ], [ 194418.551300000399351, 202869.582000000402331 ], [ 194383.420699999667704, 202914.334100000560284 ], [ 194801.358900000341237, 203081.22749999910593 ], [ 194927.956500000320375, 203131.781099999323487 ], [ 195505.7966, 203519.402499999850988 ], [ 195676.50069999974221, 204194.699200000613928 ], [ 196348.595599999651313, 203847.352700000628829 ], [ 196390.095900000073016, 203825.904799999669194 ], [ 196692.095999999903142, 203730.302200000733137 ], [ 196752.202100000344217, 204176.434499999508262 ], [ 196793.143600000068545, 204203.995999999344349 ], [ 197554.299399999901652, 204716.400200000032783 ], [ 197602.185999999754131, 204686.596400000154972 ], [ 198285.199799999594688, 204261.50029999949038 ], [ 198316.39989999961108, 203307.400299999862909 ], [ 198485.001000000163913, 203512.7043999992311 ], [ 198682.899000000208616, 203276.701999999582767 ], [ 198780.303399999625981, 203330.584400000050664 ], [ 199161.399799999780953, 203541.400100000202656 ], [ 200000.005699999630451, 203416.219699999317527 ], [ 200384.000300000421703, 203358.900000000372529 ], [ 200000.002799999900162, 203486.433599999174476 ], [ 198403.69649999961257, 204016.600199999287724 ], [ 199412.299399999901652, 204999.999199999496341 ], [ 200000.016699999570847, 204852.991100000217557 ], [ 200251.159300000406802, 204790.171800000593066 ], [ 200334.650399999693036, 204767.888100000098348 ], [ 200868.104000000283122, 205930.20240000076592 ], [ 202241.203499999828637, 205651.502199999988079 ], [ 202652.798499999567866, 204888.100400000810623 ], [ 202426.000900000333786, 204693.900200000032783 ], [ 202701.099799999967217, 204856.900100000202656 ], [ 203248.700299999676645, 204257.000600000843406 ], [ 203060.124900000169873, 203771.630799999460578 ], [ 202940.799100000411272, 203464.500800000503659 ], [ 203451.397099999710917, 204042.802699999883771 ], [ 203411.903300000354648, 203688.504100000485778 ], [ 203889.696100000292063, 203312.501199999824166 ], [ 203612.200500000268221, 203932.304300000891089 ], [ 204772.809700000099838, 203854.8445999994874 ], [ 203469.396099999547005, 204119.90059999935329 ], [ 203221.5, 204593.599700000137091 ], [ 203812.701000000350177, 204866.199100000783801 ], [ 203350.502299999818206, 204887.001000000163913 ], [ 202471.200199999846518, 206208.701899999752641 ], [ 202672.899000000208616, 205965.801000000908971 ], [ 202832.499200000427663, 206250.100400000810623 ], [ 202977.999200000427663, 205829.700200000777841 ], [ 202909.300499999895692, 206246.300899999216199 ], [ 203091.301300000399351, 205971.40059999935329 ], [ 202967.198900000192225, 206261.098200000822544 ], [ 203266.96999999973923, 206160.169999999925494 ], [ 203141.101400000043213, 205905.499800000339746 ], [ 203493.298499999567866, 206034.802500000223517 ], [ 203234.570000000298023, 206237.169999999925494 ], [ 203384.100899999961257, 206450.903400000184774 ], [ 203935.909699999727309, 206517.58530000038445 ], [ 204536.252299999818206, 206589.469399999827147 ], [ 204547.447700000368059, 206591.501700000837445 ], [ 204987.896800000220537, 206645.380400000140071 ], [ 205053.700199999846518, 207101.497400000691414 ], [ 204971.268899999558926, 206809.448999999091029 ], [ 204958.597299999557436, 206764.554500000551343 ], [ 204952.400700000114739, 206742.60050000064075 ], [ 204308.396999999880791, 206580.296299999579787 ], [ 203929.396999999880791, 206819.897099999710917 ], [ 202889.603400000371039, 206785.297700000926852 ], [ 202826.999400000087917, 206503.499199999496341 ], [ 201902.701500000432134, 206701.400399999693036 ], [ 201524.097599999979138, 206193.497099999338388 ], [ 200879.696600000374019, 206221.099199999123812 ], [ 201005.7966, 207645.401499999687076 ], [ 201999.899699999950826, 207732.999500000849366 ], [ 200100.595999999903142, 208598.49860000051558 ], [ 200343.999699999578297, 210134.199500000104308 ], [ 200641.600999999791384, 210804.499900000169873 ], [ 201313.799700000323355, 210762.699599999934435 ], [ 200692.096699999645352, 211154.796900000423193 ], [ 200816.300800000317395, 211556.300699999555945 ], [ 201866.902499999850988, 212075.003499999642372 ], [ 201991.999800000339746, 211745.203600000590086 ], [ 202542.786600000225008, 213336.248199999332428 ], [ 202860.498300000093877, 213122.203700000420213 ], [ 202758.200000000186265, 213427.400299999862909 ], [ 203335.100300000049174, 213721.401100000366569 ], [ 205121.096499999985099, 213903.998800000175834 ], [ 206384.900299999862909, 214672.499900000169873 ], [ 205000.001000000163913, 213949.29700000025332 ], [ 203189.097000000067055, 214122.297499999403954 ], [ 202442.399400000460446, 213454.299699999392033 ], [ 201782.802899999544024, 212411.297199999913573 ], [ 201168.10010000038892, 212462.499800000339746 ], [ 200270.300300000235438, 211692.199899999424815 ], [ 199999.989799999631941, 212006.081299999728799 ], [ 199488.598100000061095, 212599.903300000354648 ], [ 199436.10080000013113, 212293.000600000843406 ], [ 198474.299499999731779, 212509.400100000202656 ], [ 197269.398699999786913, 211678.896900000050664 ], [ 197056.599999999627471, 212668.699999999254942 ], [ 197559.186599999666214, 213386.397700000554323 ], [ 197638.138299999758601, 213499.141200000420213 ], [ 197692.10010000038892, 213576.199100000783801 ], [ 197240.400299999862909, 213828.500800000503659 ], [ 197311.101099999621511, 214119.698499999940395 ], [ 196596.600300000049174, 214270.700200000777841 ], [ 196260.464900000020862, 214741.0945999994874 ], [ 196288.110100000165403, 214655.725099999457598 ], [ 196465.900500000454485, 214106.701099999248981 ], [ 197581.399699999950826, 213463.900299999862909 ], [ 196956.944799999706447, 212764.62470000050962 ], [ 196889.5, 212689.098799999803305 ], [ 196616.302799999713898, 211967.902100000530481 ], [ 197208.699500000104308, 211497.199500000104308 ], [ 199003.901200000196695, 212134.899800000712276 ], [ 199872.900399999693036, 211410.20380000025034 ], [ 199753.899699999950826, 210941.499099999666214 ], [ 199203.096900000236928, 211280.899800000712276 ], [ 198794.800599999725819, 211041.00029999949038 ], [ 199373.400200000032783, 211013.199999999254942 ], [ 199886.800800000317395, 210171.39919999986887 ], [ 199883.601300000213087, 209295.599700000137091 ], [ 198953.900100000202656, 209341.400200000032783 ], [ 199609.503700000233948, 208999.603800000622869 ], [ 199525.601999999955297, 208721.203500000759959 ], [ 199561.506299999542534, 208686.707699999213219 ], [ 199999.985399999655783, 208265.42989999987185 ], [ 200713.401999999769032, 207580.000199999660254 ], [ 200619.322800000198185, 207111.519799999892712 ], [ 200477.466199999675155, 206553.20920000039041 ], [ 200054.299999999813735, 206292.699999999254942 ], [ 200070.977900000289083, 206283.520700000226498 ], [ 200285.599899999797344, 206165.395099999383092 ], [ 200091.072499999776483, 205354.510500000789762 ], [ 200000.019899999722838, 205356.840600000694394 ], [ 199881.911100000143051, 205359.863099999725819 ], [ 199308.303399999625981, 205454.998500000685453 ], [ 198305.016699999570847, 204736.777499999850988 ], [ 198156.193500000052154, 204832.444599999114871 ], [ 197757.200100000016391, 205191.700099999085069 ], [ 196855.199799999594688, 205183.096300000324845 ], [ 196842.533699999563396, 205348.248299999162555 ], [ 196787.554100000299513, 206065.120899999514222 ], [ 196778.199199999682605, 206187.098899999633431 ], [ 196775.252700000070035, 206088.577600000426173 ], [ 196737.402599999681115, 204822.999399999156594 ], [ 195995.147699999623001, 205010.533900000154972 ], [ 195989.399400000460446, 205010.072200000286102 ], [ 195000.003600000403821, 204930.599199999123812 ], [ 194796.057599999941885, 204818.572100000455976 ], [ 194789.459999999962747, 204818.390000000596046 ], [ 194758.35120000038296, 204797.86009999923408 ], [ 193827.598799999803305, 204286.599899999797344 ], [ 193003.722199999727309, 204490.701799999922514 ], [ 191379.800099999643862, 205298.599899999797344 ], [ 191906.699699999764562, 206348.800100000575185 ], [ 191456.703999999910593, 205980.398299999535084 ], [ 191445.621100000105798, 205971.324999999254942 ], [ 191434.601099999621511, 205962.30320000089705 ], [ 191319.300900000147521, 205361.795099999755621 ], [ 190328.168499999679625, 205636.07909999974072 ], [ 190163.11710000038147, 205599.44480000063777 ], [ 189106.4989, 205365.3277000002563 ], [ 188513.100300000049174, 205632.300100000575185 ], [ 188544.393799999728799, 205377.293500000610948 ], [ 188532.876600000075996, 205377.995699999853969 ], [ 188459.801799999549985, 205383.372500000521541 ], [ 188442.907300000078976, 205420.464600000530481 ], [ 187436.004499999806285, 205450.322699999436736 ], [ 186741.997499999590218, 205493.39750000089407 ], [ 186876.698800000362098, 205956.800499999895692 ], [ 186537.509300000034273, 206284.17989999987185 ], [ 186340.761800000444055, 206562.985700000077486 ], [ 186347.398400000296533, 207023.599799999967217 ], [ 185639.600200000219047, 207324.799799999222159 ], [ 185576.597900000400841, 206698.857499999925494 ], [ 185560.225200000219047, 206588.392799999564886 ], [ 185150.403900000266731, 206572.298599999397993 ], [ 184826.298799999989569, 205884.2956000007689 ], [ 184263.999900000169873, 206697.000099999830127 ], [ 183554.901100000366569, 206495.000399999320507 ], [ 183567.099999999627471, 206210.699999999254942 ], [ 182838.800200000405312, 206449.499800000339746 ], [ 182377.459999999962747, 206354.234999999403954 ], [ 181894.046699999831617, 206429.58390000090003 ], [ 181323.500099999830127, 207051.800200000405312 ], [ 181390.083999999798834, 207295.144899999722838 ], [ 180878.400299999862909, 206579.200099999085069 ], [ 181260.2027000002563, 206099.004100000485778 ], [ 181180.399100000038743, 205648.903100000694394 ], [ 182454.728699999861419, 205092.454900000244379 ], [ 181869.800200000405312, 205047.899800000712276 ], [ 182186.739099999889731, 204460.119599999859929 ], [ 182209.258399999700487, 204409.167400000616908 ], [ 181641.999800000339746, 204030.999900000169873 ], [ 181857.257399999536574, 203528.354900000616908 ], [ 181724.435600000433624, 203521.929300000891089 ], [ 181021.800099999643862, 203562.000199999660254 ], [ 181006.755800000391901, 203436.63150000013411 ], [ 180804.110000000335276, 203198.320000000298023 ], [ 180948.570199999958277, 202951.753200000151992 ], [ 180939.299800000153482, 202874.500099999830127 ], [ 180566.412999999709427, 202743.282299999147654 ], [ 180528.827499999664724, 202785.273600000888109 ], [ 180488.900100000202656, 203117.300200000405312 ], [ 180071.934399999678135, 203346.485200000926852 ], [ 180124.661600000225008, 203608.862299999222159 ], [ 180165.5, 203728.299699999392033 ], [ 180000.015399999916553, 203762.860300000756979 ], [ 179954.61780000012368, 203772.341299999505281 ], [ 179739.305399999953806, 203856.762900000438094 ], [ 179896.700199999846518, 204257.900100000202656 ], [ 179567.796699999831617, 204892.899399999529123 ], [ 179605.886800000444055, 205013.783700000494719 ], [ 179697.293200000189245, 205117.775200000032783 ], [ 179845.733500000089407, 205285.332599999383092 ], [ 179843.504700000397861, 205300.801500000059605 ], [ 179797.42960000038147, 205621.671399999409914 ], [ 179895.497100000269711, 205932.902400000020862 ], [ 178855.670400000177324, 206276.448699999600649 ], [ 178850.019700000062585, 206557.885800000280142 ], [ 178961.900500000454485, 206926.498800000175834 ], [ 178065.39809999987483, 207665.295800000429153 ], [ 177456.900200000032783, 207709.000199999660254 ], [ 177124.457499999552965, 207368.81220000050962 ], [ 176915.034500000067055, 207234.857400000095367 ], [ 177165.400299999862909, 207643.301100000739098 ], [ 176813.467299999669194, 207780.314400000497699 ], [ 176320.087199999950826, 208087.046399999409914 ], [ 176027.300300000235438, 208766.999900000169873 ], [ 175486.854199999943376, 208825.7804000005126 ], [ 175449.229700000025332, 208832.629499999806285 ], [ 175443.973600000143051, 208894.03830000013113 ], [ 175426.599299999885261, 209392.70130000077188 ], [ 178042.116399999707937, 208940.253299999982119 ], [ 178304.910000000149012, 208826.119999999180436 ], [ 178356.478600000031292, 208885.872999999672174 ], [ 178530.29590000025928, 208855.804999999701977 ], [ 178702.020600000396371, 209286.255000000819564 ], [ 178812.700000000186265, 209414.5 ], [ 178813.297199999913573, 209417.647600000724196 ], [ 178834.426799999549985, 209618.147900000214577 ], [ 179017.001899999566376, 210075.795800000429153 ], [ 179017.900600000284612, 211170.302500000223517 ], [ 179307.400100000202656, 211006.799799999222159 ], [ 179465.324400000274181, 211129.281600000336766 ], [ 179599.447100000455976, 211111.628799999132752 ], [ 179961.25650000013411, 211062.213700000196695 ], [ 179999.985999999567866, 211036.441199999302626 ], [ 180193.000099999830127, 210908.00029999949038 ], [ 180984.699900000356138, 212148.199999999254942 ], [ 181624.700299999676645, 212337.198499999940395 ], [ 181643.962100000120699, 212361.204700000584126 ], [ 182065.596699999645352, 212886.701199999079108 ], [ 183423.401600000448525, 212607.5011 ], [ 183623.427899999544024, 212850.980200000107288 ], [ 183711.97620000038296, 212940.674000000581145 ], [ 184105.300400000065565, 212504.000099999830127 ], [ 184240.440999999642372, 212482.071000000461936 ], [ 184255.299999999813735, 212468.71000000089407 ], [ 184357.407100000418723, 212463.091099999845028 ], [ 185034.601700000464916, 212353.203700000420213 ], [ 186014.197700000368059, 213505.404100000858307 ], [ 185921.12569999974221, 214498.927699999883771 ], [ 185982.676400000229478, 215807.960899999365211 ], [ 186140.38219999987632, 216349.117900000885129 ], [ 186146.497999999672174, 216370.104000000283122 ], [ 186132.699900000356138, 217264.299799999222159 ], [ 185792.015399999916553, 217960.625 ], [ 185742.105600000359118, 218272.821399999782443 ], [ 185948.400999999605119, 218519.199400000274181 ], [ 185655.206600000150502, 218441.806199999526143 ], [ 185423.3443, 218744.424599999561906 ], [ 185326.015999999828637, 218901.301699999719858 ], [ 185327.262400000356138, 218910.303999999538064 ], [ 185571.799599999561906, 219959.696699999272823 ], [ 185556.886599999852479, 220000.02930000051856 ], [ 184673.19620000012219, 222390.000900000333786 ], [ 184661.807500000111759, 222400.361600000411272 ], [ 183938.700100000016391, 223058.199799999594688 ], [ 183726.325600000098348, 223006.604100000113249 ], [ 182764.850899999961257, 222934.674300000071526 ], [ 182683.999800000339746, 223009.299100000411272 ], [ 182563.400500000454485, 222580.696299999952316 ], [ 182102.500799999572337, 223227.700400000438094 ], [ 181028.302099999971688, 222845.500499999150634 ], [ 181034.723600000143051, 222867.025399999693036 ], [ 181232.806800000369549, 223241.4679000005126 ], [ 181171.74170000012964, 223326.308800000697374 ], [ 181225.199799999594688, 223505.5 ], [ 181032.880300000309944, 223515.415100000798702 ], [ 181008.160000000149012, 223549.080000000074506 ], [ 180393.0148, 223548.403500000014901 ], [ 180160.402200000360608, 223560.395899999886751 ], [ 180109.863300000317395, 223924.458100000396371 ], [ 179999.987700000405312, 223833.636600000783801 ], [ 179688.518799999728799, 223576.181099999696016 ], [ 179608.869900000281632, 223575.884899999946356 ], [ 179551.100300000049174, 223764.298900000751019 ], [ 178941.098799999803305, 223645.700799999758601 ], [ 179066.200600000098348, 223868.099199999123812 ], [ 178605.79590000025928, 224324.397199999541044 ], [ 178554.830599999986589, 224317.041200000792742 ], [ 177012.2977, 224094.403000000864267 ], [ 176668.00040000025183, 224411.001299999654293 ], [ 176220.099899999797344, 223891.200200000777841 ], [ 176109.400100000202656, 224372.599899999797344 ], [ 175576.559700000099838, 223956.228099999949336 ], [ 175272.696600000374019, 224290.497400000691414 ], [ 175083.275500000454485, 224196.041999999433756 ], [ 174354.451299999840558, 223878.290100000798702 ], [ 174127.116899999789894, 224160.552500000223517 ], [ 174130.15610000025481, 224126.863099999725819 ], [ 174148.881599999964237, 223788.66609999909997 ], [ 173735.407700000330806, 223608.400200000032783 ], [ 173563.800099999643862, 223600.601199999451637 ], [ 173131.917000000365078, 223164.208399999886751 ], [ 173080.503299999982119, 223469.493699999526143 ], [ 173041.303199999965727, 223757.10080000013113 ], [ 172188.917700000107288, 223286.154100000858307 ], [ 171958.837100000120699, 223186.948999999091029 ], [ 171746.297799999825656, 223249.161599999293685 ], [ 171629.28110000025481, 223544.316400000825524 ], [ 171898.493700000457466, 223954.023199999704957 ], [ 172207.169999999925494, 224187.380000000819564 ], [ 172437.083700000308454, 224774.074599999934435 ], [ 172424.830199999734759, 224801.423200000077486 ], [ 172403.947300000116229, 224845.081700000911951 ], [ 172458.097000000067055, 225023.297100000083447 ], [ 172011.872600000351667, 225664.7652000002563 ], [ 171908.568699999712408, 225880.735400000587106 ], [ 172406.439600000157952, 226057.889299999922514 ], [ 172536.471300000324845, 226094.205399999395013 ], [ 172690.896300000138581, 225995.898700000718236 ], [ 173342.298700000159442, 226969.300200000405312 ], [ 173173.200100000016391, 227567.199799999594688 ], [ 172910.037800000049174, 227598.063300000503659 ], [ 172797.576899999752641, 227837.963800000026822 ], [ 172835.499699999578297, 227948.800100000575185 ], [ 172142.193199999630451, 227846.638000000268221 ], [ 172107.618599999696016, 227846.089199999347329 ], [ 172125.578700000420213, 227872.197799999266863 ], [ 173885.497399999760091, 229075.294700000435114 ], [ 173979.183799999766052, 228951.871999999508262 ], [ 174090.05350000038743, 228801.842399999499321 ], [ 174073.402700000442564, 228710.002599999308586 ], [ 175948.89919999986887, 229049.004799999296665 ], [ 176362.100399999879301, 229262.903500000014901 ], [ 176343.12540000025183, 229343.810499999672174 ], [ 177263.96239999961108, 229987.643899999558926 ], [ 177375.096900000236928, 230038.601500000804663 ], [ 177604.598199999891222, 230615.496400000527501 ], [ 178431.099600000306964, 230573.898299999535084 ], [ 179595.525000000372529, 231045.184599999338388 ], [ 179596.216599999926984, 231048.165500000119209 ], [ 179669.400399999693036, 231363.601299999281764 ], [ 179244.128100000321865, 231556.757099999114871 ], [ 179617.783800000324845, 231663.661699999123812 ], [ 180000.002100000157952, 231771.974600000306964 ], [ 180092.641800000332296, 231798.873500000685453 ], [ 180095.610000000335276, 231800.369999999180436 ], [ 180087.703999999910593, 231817.810499999672174 ], [ 180267.000199999660254, 231872.500099999830127 ], [ 179999.994599999859929, 232150.997099999338388 ], [ 179890.500099999830127, 232265.20409999974072 ], [ 179999.994599999859929, 232309.657700000330806 ], [ 180643.70299999974668, 232570.996600000187755 ], [ 180613.45920000039041, 232611.436699999496341 ], [ 180633.410000000149012, 232620.949999999254942 ], [ 180464.569299999624491, 232831.854000000283122 ], [ 181404.800200000405312, 232526.399900000542402 ], [ 181386.695000000298023, 232736.161199999973178 ], [ 181946.003399999812245, 232668.258600000292063 ], [ 181966.697200000286102, 232584.902599999681115 ], [ 183342.599999999627471, 232453.300300000235438 ], [ 183221.900600000284612, 232958.595599999651313 ], [ 183817.735799999907613, 233178.057199999690056 ], [ 184126.299999999813735, 233280.169999999925494 ], [ 184126.421099999919534, 233285.991599999368191 ], [ 184152.603099999949336, 233301.39750000089407 ], [ 184234.996000000275671, 233641.600099999457598 ], [ 184133.917999999597669, 233723.069900000467896 ], [ 183919.852800000458956, 233894.389000000432134 ], [ 184434.576299999840558, 234024.101199999451637 ], [ 184437.519999999552965, 234025.619999999180436 ], [ 184434.910799999721348, 234034.0320999994874 ], [ 184435.929700000211596, 234064.281300000846386 ], [ 184569.5, 234105.0 ], [ 185245.898199999704957, 233649.597799999639392 ], [ 185372.736200000159442, 233842.597599999979138 ], [ 185599.595300000160933, 233734.786000000312924 ], [ 185605.931599999777973, 233731.625399999320507 ], [ 185685.893799999728799, 233738.119699999690056 ], [ 186374.929399999789894, 233789.73509999923408 ], [ 186631.901200000196695, 233747.99970000050962 ], [ 186951.999200000427663, 234132.89949999935925 ], [ 186860.306499999947846, 234633.551799999549985 ], [ 186869.735999999567866, 234638.399000000208616 ], [ 188152.521499999798834, 234504.425200000405312 ], [ 188395.700199999846518, 235125.895300000905991 ], [ 188051.516200000420213, 235801.704500000923872 ], [ 188078.172399999573827, 235838.644899999722838 ], [ 188608.003200000151992, 236355.80320000089705 ], [ 188481.493900000117719, 236397.571399999782443 ], [ 188498.400000000372529, 236421.0 ], [ 188237.033200000412762, 236478.282199999317527 ], [ 187850.800999999977648, 236605.800100000575185 ], [ 187867.415000000037253, 236646.3136 ], [ 187885.872200000099838, 236675.941199999302626 ], [ 188039.419300000183284, 236921.414499999955297 ], [ 187995.72719999961555, 236959.204299999400973 ], [ 188039.399699999950826, 237065.699999999254942 ], [ 187573.235999999567866, 237332.418800000101328 ], [ 189227.495900000445545, 238469.198300000280142 ], [ 188899.1864, 238571.226099999621511 ], [ 188748.139200000092387, 238621.804500000551343 ], [ 188884.400299999862909, 239252.300100000575185 ], [ 188088.300599999725819, 239715.901399999856949 ], [ 188273.251500000245869, 240000.014499999582767 ], [ 188645.402800000272691, 240571.696399999782443 ], [ 189386.996600000187755, 240856.904799999669194 ], [ 189205.363499999977648, 241298.149700000882149 ], [ 189171.66330000013113, 241390.459300000220537 ], [ 189175.116399999707937, 241390.993599999696016 ], [ 189252.494199999608099, 241398.313999999314547 ], [ 189998.604000000283122, 241461.32799999974668 ], [ 190367.020100000314415, 241043.710799999535084 ], [ 190588.203099999576807, 240735.499500000849366 ], [ 190946.096400000154972, 241022.7972999997437 ], [ 192674.630400000140071, 240607.116599999368191 ], [ 192819.776800000108778, 240112.638699999079108 ], [ 192830.496899999678135, 240075.498500000685453 ], [ 193111.496799999848008, 240485.401100000366569 ], [ 193545.096400000154972, 240283.299000000581145 ], [ 194056.999200000427663, 240430.996700000017881 ], [ 193986.503999999724329, 240657.901699999347329 ], [ 194681.612700000405312, 240245.392100000753999 ], [ 194693.897199999541044, 240238.10190000012517 ], [ 194800.487800000235438, 240514.860600000247359 ], [ 194847.242999999783933, 240621.159199999645352 ], [ 195187.397099999710917, 240264.704299999400973 ], [ 195151.459300000220537, 239999.997600000351667 ], [ 195091.899799999780953, 239561.300000000745058 ], [ 195122.564699999988079, 239546.972500000149012 ], [ 195259.440000000409782, 239493.858200000599027 ], [ 195301.041000000201166, 239477.555900000035763 ], [ 196208.488400000147521, 239114.19679999910295 ], [ 195364.379999999888241, 239292.369999999180436 ], [ 195350.691599999554455, 239271.44620000012219 ], [ 194659.102099999785423, 238236.705199999734759 ], [ 194834.797100000083447, 237965.202500000596046 ], [ 195269.080000000074506, 238108.480000000447035 ], [ 195498.067699999548495, 238269.624399999156594 ], [ 195295.599999999627471, 238101.820000000298023 ], [ 194829.299999999813735, 237933.400000000372529 ], [ 194975.687599999830127, 237678.741900000721216 ], [ 194985.599200000055134, 237661.499500000849366 ], [ 195791.613900000229478, 237746.871300000697374 ], [ 195948.354100000113249, 237517.699500000104308 ], [ 196053.040000000037253, 237310.160000000149012 ], [ 196061.221900000236928, 237352.673900000751019 ], [ 196065.775000000372529, 237375.905799999833107 ], [ 196253.300099999643862, 237109.000099999830127 ], [ 196149.200699999928474, 237841.59940000064671 ], [ 196786.799499999731779, 237622.300200000405312 ], [ 197239.636400000192225, 237912.029699999839067 ], [ 197989.700100000016391, 238086.698699999600649 ], [ 198245.700000000186265, 238466.800300000235438 ], [ 198573.298700000159442, 238321.599999999627471 ], [ 198595.261099999770522, 238361.868400000035763 ], [ 198602.004999999888241, 238359.560000000521541 ], [ 198607.145499999634922, 238383.658600000664592 ], [ 198743.463000000454485, 238633.598500000312924 ], [ 198797.74309999961406, 238621.502399999648333 ], [ 199077.900100000202656, 238527.299900000914931 ], [ 199149.161600000225008, 238752.577500000596046 ], [ 199209.857800000347197, 238882.200500000268221 ], [ 199723.199799999594688, 238653.200200000777841 ], [ 199672.199900000356138, 239160.49970000050962 ], [ 199999.972500000149012, 239448.949500000104308 ], [ 200472.399400000460446, 239864.699500000104308 ], [ 200342.932099999859929, 239999.985999999567866 ], [ 199999.990500000305474, 240358.341900000348687 ], [ 199909.499900000169873, 240452.899800000712276 ], [ 199999.996399999596179, 240598.931700000539422 ], [ 200209.936900000087917, 240937.707299999892712 ], [ 200367.003999999724329, 240952.998999999836087 ], [ 200484.534599999897182, 241367.83049999922514 ], [ 200739.532599999569356, 241270.207299999892712 ], [ 201570.166000000201166, 240859.328299999237061 ], [ 201553.824799999594688, 240289.354800000786781 ], [ 201522.599999999627471, 240050.499900000169873 ], [ 201625.089100000448525, 239999.958799999207258 ], [ 201968.488800000399351, 239830.615299999713898 ], [ 202099.04700000025332, 239746.16300000064075 ], [ 202256.670699999667704, 239688.501900000497699 ], [ 202535.098699999973178, 239551.198499999940395 ], [ 202573.208599999547005, 239572.707699999213219 ], [ 202601.281999999657273, 239562.437999999150634 ], [ 202715.719800000078976, 239637.385900000110269 ], [ 203109.53830000013113, 239744.18889999948442 ], [ 203253.796000000089407, 239531.404200000688434 ], [ 203272.717600000090897, 239542.590600000694394 ], [ 203281.017, 239531.535000000149012 ], [ 203951.257399999536574, 239926.308800000697374 ], [ 204521.452200000174344, 239812.805099999532104 ], [ 204525.11670000012964, 239811.606300000101328 ], [ 204538.745699999853969, 239806.32630000077188 ], [ 204615.024799999780953, 239794.178400000557303 ], [ 206564.645700000226498, 239406.084400000050664 ], [ 206636.942599999718368, 239391.692900000140071 ], [ 206980.003100000321865, 239323.402799999341369 ], [ 206225.210400000214577, 239633.661699999123812 ], [ 205970.711799999698997, 239738.273900000378489 ], [ 205406.747999999672174, 239970.092299999669194 ], [ 205333.997399999760091, 239999.996600000187755 ], [ 205318.910199999809265, 240006.198200000450015 ], [ 205165.396900000050664, 240069.300200000405312 ], [ 205433.996299999766052, 240949.598200000822544 ], [ 205128.469700000248849, 241214.195499999448657 ], [ 204835.777400000020862, 241686.4057 ], [ 204921.748800000175834, 241920.840900000184774 ], [ 205583.635400000028312, 242589.205199999734759 ], [ 205642.899799999780953, 242641.101299999281764 ], [ 205500.8421, 242903.078500000759959 ], [ 206460.620500000193715, 243325.375199999660254 ], [ 208769.799899999983609, 243707.399800000712276 ], [ 209311.100300000049174, 244522.500199999660254 ], [ 209332.158999999985099, 244534.635299999266863 ], [ 209484.410299999639392, 244550.863399999216199 ], [ 209730.400000000372529, 244575.400000000372529 ], [ 209919.220700000412762, 244872.929500000551343 ], [ 210176.699500000104308, 245021.301599999889731 ], [ 210185.406899999827147, 245040.504599999636412 ], [ 210219.099999999627471, 245044.199999999254942 ], [ 210340.869099999777973, 245383.354499999433756 ], [ 210500.99930000025779, 245736.499099999666214 ], [ 211026.099799999967217, 245646.500199999660254 ], [ 211003.318400000222027, 245748.27170000039041 ], [ 211541.262799999676645, 247367.539799999445677 ], [ 211565.800499999895692, 247418.500199999660254 ], [ 212324.097000000067055, 248028.402000000700355 ], [ 211993.35190000012517, 248406.432800000533462 ], [ 211832.604600000195205, 248659.99070000089705 ], [ 212686.699900000356138, 249097.000199999660254 ], [ 213042.775999999605119, 250030.550699999555945 ], [ 213085.382000000216067, 250130.985999999567866 ], [ 213241.732300000265241, 250008.222300000488758 ], [ 214481.399799999780953, 248988.800200000405312 ], [ 215909.722000000067055, 248379.195900000631809 ], [ 215964.408400000073016, 248355.855900000780821 ], [ 215987.500300000421703, 248346.00029999949038 ], [ 215935.847099999897182, 248310.221300000324845 ], [ 215754.199500000104308, 248184.398199999704957 ], [ 216424.003100000321865, 247420.096100000664592 ], [ 216341.404099999926984, 246316.402000000700355 ], [ 216950.376600000075996, 246001.96680000051856 ], [ 216925.435399999842048, 246017.865599999204278 ] ] ], [ [ [ 170590.416299999691546, 222589.859099999070168 ], [ 170558.400999999605119, 222496.000199999660254 ], [ 170185.098500000312924, 222754.796499999240041 ], [ 170019.290000000037253, 222593.165200000628829 ], [ 169936.935499999672174, 222547.771500000730157 ], [ 169961.599700000137091, 223040.604599999263883 ], [ 169941.22829999960959, 223038.770199999213219 ], [ 169942.001199999824166, 223062.29839999973774 ], [ 169917.252299999818206, 223059.335899999365211 ], [ 169417.897300000302494, 222999.298200000077486 ], [ 169239.80530000012368, 223783.061599999666214 ], [ 169259.052600000053644, 223839.615900000557303 ], [ 169965.900100000202656, 224084.699799999594688 ], [ 169912.439699999988079, 224233.72440000064671 ], [ 169980.101599999703467, 224260.995300000533462 ], [ 169629.85840000025928, 225023.243300000205636 ], [ 169696.372499999590218, 225052.424799999222159 ], [ 170333.21129999961704, 225325.47719999961555 ], [ 170359.300699999555945, 225317.270999999716878 ], [ 170550.900000000372529, 225046.5 ], [ 170899.326299999840558, 225147.410299999639392 ], [ 170907.299899999983609, 225144.902300000190735 ], [ 170486.002299999818206, 224233.902699999511242 ], [ 170638.559399999678135, 222978.138599999248981 ], [ 170590.416299999691546, 222589.859099999070168 ] ] ], [ [ [ 216159.057599999941885, 251587.822000000625849 ], [ 215635.742899999953806, 251558.077800000086427 ], [ 216071.070000000298023, 251829.839900000020862 ], [ 216089.075299999676645, 251807.629399999976158 ], [ 216133.995199999772012, 251678.75139999948442 ], [ 216159.057599999941885, 251587.822000000625849 ] ] ], [ [ [ 211355.799700000323355, 321007.699899999424815 ], [ 211413.5, 320528.899900000542402 ], [ 211054.728199999779463, 320138.261499999091029 ], [ 210987.926900000311434, 320068.735500000417233 ], [ 211228.667700000107288, 321016.215399999171495 ], [ 211427.298200000077486, 321253.801400000229478 ], [ 211438.783800000324845, 321843.166200000792742 ], [ 211620.674899999983609, 322559.032600000500679 ], [ 211774.164900000207126, 322602.506799999624491 ], [ 212507.157300000078976, 322356.847999999299645 ], [ 212543.208399999886751, 322336.207299999892712 ], [ 212539.978500000201166, 322265.651599999517202 ], [ 212492.700299999676645, 321554.895199999213219 ], [ 212244.207000000402331, 321165.737900000065565 ], [ 212083.552400000393391, 320921.301300000399351 ], [ 211640.740000000223517, 320973.871899999678135 ], [ 211429.200000000186265, 321015.099999999627471 ], [ 211429.650200000032783, 320998.932399999350309 ], [ 211355.799700000323355, 321007.699899999424815 ] ] ], [ [ [ 234128.464900000020862, 326051.419700000435114 ], [ 234197.432199999690056, 325793.893500000238419 ], [ 233928.498700000345707, 325948.197699999436736 ], [ 234082.368400000035763, 326142.880999999120831 ], [ 234128.464900000020862, 326051.419700000435114 ] ] ], [ [ [ 226188.101300000213087, 379442.195199999958277 ], [ 226400.199799999594688, 379295.49970000050962 ], [ 226085.903800000436604, 378989.704700000584126 ], [ 226900.999900000169873, 379334.699899999424815 ], [ 227281.199900000356138, 379051.298299999907613 ], [ 226925.101300000213087, 378481.499900000169873 ], [ 227144.799999999813735, 378216.100099999457598 ], [ 227238.002600000239909, 378504.903500000014901 ], [ 228236.800400000065565, 378208.599099999293685 ], [ 228167.100200000219047, 377526.500099999830127 ], [ 227597.504099999554455, 377172.704600000753999 ], [ 228823.701000000350177, 377458.003200000151992 ], [ 229216.634600000455976, 377188.577899999916553 ], [ 229232.202600000426173, 377177.903300000354648 ], [ 229208.061300000175834, 377169.820599999278784 ], [ 228507.299800000153482, 376935.199799999594688 ], [ 229209.856499999761581, 376251.919999999925494 ], [ 229404.103900000452995, 376063.002499999478459 ], [ 229381.782800000160933, 375865.225099999457598 ], [ 229365.302600000053644, 375719.200899999588728 ], [ 228996.704599999822676, 375911.996500000357628 ], [ 229220.700500000268221, 375414.999500000849366 ], [ 229632.084599999710917, 375302.249900000169873 ], [ 229727.499699999578297, 375276.099099999293685 ], [ 229650.248300000093877, 375261.396299999207258 ], [ 228059.300200000405312, 374958.599300000816584 ], [ 227766.874499999918044, 374612.556600000709295 ], [ 227617.840699999593198, 374749.962200000882149 ], [ 227421.700100000016391, 375113.299900000914931 ], [ 227346.708499999716878, 374999.939799999818206 ], [ 227329.940000000409782, 375015.400000000372529 ], [ 227275.276200000196695, 374891.960200000554323 ], [ 227077.900799999944866, 374593.600299999117851 ], [ 226389.375799999572337, 374916.395600000396371 ], [ 225667.112599999643862, 375549.162699999287724 ], [ 225659.768400000408292, 375568.259500000625849 ], [ 225661.824799999594688, 375573.591199999675155 ], [ 226004.895999999716878, 375828.299699999392033 ], [ 225829.372200000099838, 376007.994599999859929 ], [ 225884.844200000166893, 376151.817999999970198 ], [ 226070.897300000302494, 376440.20380000025034 ], [ 225002.197700000368059, 377918.801300000399351 ], [ 225430.899799999780953, 378285.000099999830127 ], [ 225342.848899999633431, 378458.163399999961257 ], [ 225493.425599999725819, 378679.274599999189377 ], [ 225638.098000000230968, 378719.502100000157952 ], [ 225589.699699999764562, 378995.901599999517202 ], [ 225405.294700000435114, 379026.468499999493361 ], [ 225394.099999999627471, 379049.300000000745058 ], [ 225203.679999999701977, 379059.888100000098348 ], [ 224320.746100000105798, 379206.243100000545382 ], [ 224236.865899999625981, 379598.783700000494719 ], [ 224101.854799999855459, 379595.676400000229478 ], [ 224076.899000000208616, 379703.199999999254942 ], [ 223409.642300000414252, 379584.056800000369549 ], [ 223391.070700000040233, 379646.644300000742078 ], [ 223352.6722999997437, 379999.985400000587106 ], [ 223347.400100000202656, 380048.49970000050962 ], [ 223273.826399999670684, 379999.985400000587106 ], [ 222339.360500000417233, 379383.801100000739098 ], [ 222299.010999999940395, 379361.63120000064373 ], [ 221734.300699999555945, 379856.796499999240041 ], [ 221537.526700000278652, 379681.037100000306964 ], [ 221233.975899999961257, 379473.668299999088049 ], [ 220997.10010000038892, 379705.999900000169873 ], [ 221195.798299999907613, 379969.30350000038743 ], [ 221154.023199999704957, 380000.033099999651313 ], [ 220902.70380000025034, 380184.902599999681115 ], [ 221552.199400000274181, 380702.303999999538064 ], [ 221561.632399999536574, 380757.555299999192357 ], [ 221577.290000000037253, 380770.800000000745058 ], [ 221576.877399999648333, 380784.128599999472499 ], [ 221576.819500000216067, 380846.50899999961257 ], [ 221649.599999999627471, 381272.800200000405312 ], [ 221560.919499999843538, 381299.578700000420213 ], [ 221559.730000000447035, 381338.0 ], [ 221176.657999999821186, 381415.612600000575185 ], [ 220786.951200000010431, 381533.290699999779463 ], [ 220741.997000000439584, 381646.452199999243021 ], [ 220533.201399999670684, 382238.504799999296665 ], [ 220506.501699999906123, 382239.255499999970198 ], [ 220505.03000000026077, 382242.96000000089407 ], [ 220459.253600000403821, 382246.707699999213219 ], [ 220421.480000000447035, 382329.669999999925494 ], [ 220726.246600000187755, 382579.721699999645352 ], [ 221299.443099999800324, 382921.135900000110269 ], [ 221343.099999999627471, 382946.0 ], [ 221367.760999999940395, 383106.064500000327826 ], [ 221521.959999999962747, 383232.580000000074506 ], [ 221520.795199999585748, 384073.709599999710917 ], [ 222441.603199999779463, 383576.701700000092387 ], [ 222457.635800000280142, 383583.13990000076592 ], [ 223350.957700000144541, 383941.869599999859929 ], [ 223570.971099999733269, 383781.162900000810623 ], [ 223654.798700000159442, 383692.999299999326468 ], [ 224031.166600000113249, 384146.425300000235438 ], [ 224123.100200000219047, 384193.800300000235438 ], [ 225048.499200000427663, 384203.500199999660254 ], [ 225390.825299999676645, 384507.370100000873208 ], [ 225219.901700000278652, 384340.231599999591708 ], [ 225053.083899999968708, 384186.5921 ], [ 224059.46999999973923, 384146.529999999329448 ], [ 224052.989799999631941, 384136.490499999374151 ], [ 224042.669999999925494, 384135.830000000074506 ], [ 224019.594499999657273, 384084.752499999478459 ], [ 223771.589999999850988, 383700.529999999329448 ], [ 223781.599100000225008, 383614.74860000051558 ], [ 223704.202399999834597, 383462.504399999976158 ], [ 223801.326799999922514, 383445.675699999555945 ], [ 223819.388000000268221, 383290.884999999776483 ], [ 223949.558299999684095, 383418.718000000342727 ], [ 224886.349600000306964, 383040.370799999684095 ], [ 224974.799599999561906, 382945.801000000908971 ], [ 225002.036299999803305, 382993.64780000038445 ], [ 225059.52379999961704, 382970.851199999451637 ], [ 225063.200000000186265, 382969.179999999701977 ], [ 225203.697499999776483, 383347.907400000840425 ], [ 225280.200100000016391, 383482.300000000745058 ], [ 225298.957000000402331, 383467.733899999409914 ], [ 225555.180700000375509, 382941.944099999964237 ], [ 225552.696000000461936, 382891.558700000867248 ], [ 225113.610000000335276, 382906.810000000521541 ], [ 225088.361200000159442, 382853.467299999669194 ], [ 224962.70380000025034, 382850.799499999731779 ], [ 224939.122200000099838, 382766.434200000017881 ], [ 224787.207999999634922, 382222.948300000280142 ], [ 224783.764000000432134, 382211.892599999904633 ], [ 224783.002700000070035, 382207.903500000014901 ], [ 225498.500900000333786, 382729.404200000688434 ], [ 226101.300300000235438, 381605.200200000777841 ], [ 227021.594800000078976, 381894.694900000467896 ], [ 227050.20990000013262, 381894.906300000846386 ], [ 227440.400700000114739, 381416.999500000849366 ], [ 227744.900700000114739, 381476.302899999544024 ], [ 227541.200199999846518, 380484.800000000745058 ], [ 227882.721499999985099, 380136.851500000804663 ], [ 227879.169499999843538, 380137.501599999144673 ], [ 227064.777599999681115, 380000.032199999317527 ], [ 226663.800099999643862, 379930.295499999076128 ], [ 226955.0, 379437.099700000137091 ], [ 226188.101300000213087, 379442.195199999958277 ] ] ], [ [ [ 238478.36849999986589, 187657.928400000557303 ], [ 238694.01659999974072, 187726.051300000399351 ], [ 238978.699000000022352, 187770.200400000438094 ], [ 239657.398000000044703, 187403.7956000007689 ], [ 239186.530500000342727, 187505.28830000013113 ], [ 239028.501000000163913, 187624.439999999478459 ], [ 238628.87459999974817, 187625.487700000405312 ], [ 238478.36849999986589, 187657.928400000557303 ] ] ], [ [ [ 240115.600700000301003, 192481.700600000098348 ], [ 240000.005199999548495, 192504.307099999859929 ], [ 239718.296000000089407, 192559.399800000712276 ], [ 240000.011400000192225, 192694.016499999910593 ], [ 240003.656200000084937, 192695.758099999278784 ], [ 240115.600700000301003, 192481.700600000098348 ] ] ], [ [ [ 229427.599999999627471, 380733.99970000050962 ], [ 229521.699900000356138, 381256.000099999830127 ], [ 229731.103000000119209, 380952.003000000491738 ], [ 230361.500900000333786, 381106.200899999588728 ], [ 230680.802099999971688, 381891.404100000858307 ], [ 230908.902300000190735, 381891.103800000622869 ], [ 231553.698499999940395, 382154.898700000718236 ], [ 231526.4841, 382167.835899999365211 ], [ 231517.763500000350177, 382171.981499999761581 ], [ 231023.597799999639392, 382406.897299999371171 ], [ 230958.270999999716878, 382068.573699999600649 ], [ 230935.152300000190735, 381967.552300000563264 ], [ 230553.3591, 381991.333399999886751 ], [ 230508.603799999691546, 381988.495999999344349 ], [ 230140.699900000356138, 381487.700300000607967 ], [ 229652.89989999961108, 381443.299000000581145 ], [ 229637.0011, 381664.799599999561906 ], [ 229253.099700000137091, 381143.000099999830127 ], [ 229063.599799999967217, 381300.100099999457598 ], [ 229424.400200000032783, 383012.899800000712276 ], [ 228885.799899999983609, 383250.100099999457598 ], [ 228765.000300000421703, 383915.200200000777841 ], [ 228074.299200000241399, 384083.896500000730157 ], [ 228100.005400000140071, 384283.108300000429153 ], [ 228147.799700000323355, 384403.412900000810623 ], [ 228119.279500000178814, 384432.474199999123812 ], [ 228173.804299999959767, 384855.017300000414252 ], [ 228352.593000000342727, 384981.071399999782443 ], [ 228660.300400000065565, 384895.504200000315905 ], [ 229002.198400000110269, 385315.703900000080466 ], [ 228873.499699999578297, 385663.400100000202656 ], [ 229208.999699999578297, 386101.099700000137091 ], [ 229009.198400000110269, 386389.89640000090003 ], [ 229318.499800000339746, 386915.699799999594688 ], [ 229087.196700000204146, 387156.496999999508262 ], [ 229654.800200000405312, 387744.0 ], [ 230118.200100000016391, 389381.399700000882149 ], [ 229896.901300000026822, 389567.686599999666214 ], [ 229441.896800000220537, 390291.185699999332428 ], [ 229359.315499999560416, 390561.109999999403954 ], [ 229458.775500000454485, 390897.564600000157952 ], [ 229563.100700000301003, 391094.599899999797344 ], [ 229057.803000000305474, 391393.504200000315905 ], [ 229224.799399999901652, 392100.101099999621511 ], [ 228930.905799999833107, 392506.517000000923872 ], [ 228920.752500000409782, 392610.020400000736117 ], [ 229327.4693, 392919.067800000309944 ], [ 229614.164300000295043, 393074.164499999955297 ], [ 230280.300300000235438, 392710.599799999967217 ], [ 230746.100200000219047, 392987.199799999594688 ], [ 231923.800200000405312, 392897.501299999654293 ], [ 231953.235100000165403, 393032.911599999293685 ], [ 231981.783999999985099, 393030.546000000089407 ], [ 231985.516699999570847, 393181.417600000277162 ], [ 232049.399500000290573, 393475.299300000071526 ], [ 233268.728400000371039, 394053.79109999909997 ], [ 232913.598799999803305, 393500.300599999725819 ], [ 232940.628899999894202, 393482.789899999275804 ], [ 232919.799999999813735, 393458.900000000372529 ], [ 233196.357599999755621, 393317.122600000351667 ], [ 233419.902099999599159, 393172.304999999701977 ], [ 233946.70380000025034, 393662.704600000753999 ], [ 234458.89989999961108, 393381.899900000542402 ], [ 234736.496500000357628, 393630.682499999180436 ], [ 234752.552099999971688, 393645.071599999442697 ], [ 234770.096800000406802, 393660.795199999585748 ], [ 234901.000199999660254, 394247.098799999803305 ], [ 235263.299899999983609, 394159.902300000190735 ], [ 235440.099499999545515, 394578.301799999549985 ], [ 235763.26410000026226, 394517.914000000804663 ], [ 235820.002100000157952, 394503.3761 ], [ 235856.359299999661744, 394493.473699999973178 ], [ 235583.299800000153482, 394155.003499999642372 ], [ 236094.798799999989569, 393715.199899999424815 ], [ 236896.500199999660254, 393869.799000000581145 ], [ 237248.00069999974221, 393476.898900000378489 ], [ 237441.700299999676645, 393771.400100000202656 ], [ 237190.091000000014901, 393966.247899999842048 ], [ 237162.017, 394082.015699999406934 ], [ 237588.800300000235438, 394384.299900000914931 ], [ 237285.134499999694526, 394555.74379999935627 ], [ 237239.883799999952316, 394587.562599999830127 ], [ 237288.423999999649823, 394613.707599999383092 ], [ 237360.921000000089407, 394645.377299999818206 ], [ 238415.839800000190735, 395105.072300000116229 ], [ 238783.89989999961108, 395043.300300000235438 ], [ 238935.798499999567866, 395331.396999999880791 ], [ 239314.799200000241399, 394870.898800000548363 ], [ 239362.493999999947846, 394872.66609999909997 ], [ 239365.580000000074506, 394869.310000000521541 ], [ 239881.663900000043213, 394930.74269999936223 ], [ 239999.989099999889731, 394943.979100000113249 ], [ 240279.273199999704957, 394976.850400000810623 ], [ 240165.800200000405312, 394480.099799999967217 ], [ 240445.502199999988079, 394256.704600000753999 ], [ 240922.00069999974221, 394808.796599999070168 ], [ 242723.400200000032783, 394533.400000000372529 ], [ 242877.300499999895692, 393824.598300000652671 ], [ 243482.999200000427663, 393412.69620000012219 ], [ 244689.300699999555945, 393963.899299999698997 ], [ 244932.806200000457466, 393790.259400000795722 ], [ 245136.921000000089407, 393637.577600000426173 ], [ 245119.049399999901652, 393602.69679999910295 ], [ 245008.414099999703467, 393435.14750000089407 ], [ 245044.763100000098348, 393457.709400000050664 ], [ 244940.799999999813735, 393254.800599999725819 ], [ 245476.712299999780953, 393731.056099999696016 ], [ 245580.619099999777973, 393796.68779999949038 ], [ 246990.596599999815226, 393168.796000000089407 ], [ 247127.719899999909103, 393203.828299999237061 ], [ 247617.990399999544024, 393013.339600000530481 ], [ 247686.299899999983609, 392924.799900000914931 ], [ 247702.078700000420213, 392980.66950000077486 ], [ 247707.169999999925494, 392978.689999999478459 ], [ 247747.373200000263751, 393250.953099999576807 ], [ 247755.345499999821186, 393298.526000000536442 ], [ 247818.599000000394881, 393640.90059999935329 ], [ 248050.142400000244379, 393588.354399999603629 ], [ 248126.635499999858439, 393169.137299999594688 ], [ 248225.798600000329316, 392456.399900000542402 ], [ 248912.800099999643862, 391913.600299999117851 ], [ 249184.203300000168383, 390586.994999999180436 ], [ 248599.298700000159442, 389223.895199999213219 ], [ 248381.427299999631941, 388987.061899999156594 ], [ 248296.377899999730289, 388894.610300000756979 ], [ 247510.183000000193715, 388039.990299999713898 ], [ 247430.800400000065565, 387953.698799999430776 ], [ 247350.799200000241399, 387744.599500000476837 ], [ 247683.534900000318885, 388072.301000000908971 ], [ 247893.801799999549985, 387797.003699999302626 ], [ 248645.599899999797344, 388426.600299999117851 ], [ 248421.450500000268221, 388998.999500000849366 ], [ 249287.900100000202656, 388279.900200000032783 ], [ 249392.399400000460446, 387269.704600000753999 ], [ 251677.402599999681115, 386856.702800000086427 ], [ 251600.766499999910593, 386661.181500000879169 ], [ 251303.299999999813735, 386145.099999999627471 ], [ 251305.052500000223517, 386140.268699999898672 ], [ 251317.935100000351667, 386120.574400000274181 ], [ 251360.749200000427663, 386048.82630000077188 ], [ 251268.002399999648333, 385812.201799999922514 ], [ 251726.825699999928474, 385322.51549999974668 ], [ 251720.703900000080466, 385281.119300000369549 ], [ 251366.703999999910593, 384969.103099999949336 ], [ 251604.903800000436604, 384519.601800000295043 ], [ 251969.500099999830127, 384672.799100000411272 ], [ 252283.498499999754131, 382534.499900000169873 ], [ 253236.198699999600649, 381939.900000000372529 ], [ 252516.800400000065565, 380258.300699999555945 ], [ 253090.262199999764562, 379999.990800000727177 ], [ 253383.503600000403821, 379867.903300000354648 ], [ 253189.30350000038743, 379523.304099999368191 ], [ 253525.760599999688566, 380000.0168999992311 ], [ 253538.099499999545515, 380017.499500000849366 ], [ 255246.806099999696016, 380555.52170000039041 ], [ 255276.602699999697506, 380564.903799999505281 ], [ 257253.801300000399351, 380840.304999999701977 ], [ 257857.900100000202656, 381876.39919999986887 ], [ 258948.903400000184774, 382348.603199999779463 ], [ 260000.024100000038743, 382056.334699999541044 ], [ 261463.271599999628961, 381649.472599999979138 ], [ 261503.900000000372529, 381630.03999999910593 ], [ 261527.475399999879301, 381631.620400000363588 ], [ 262091.096199999563396, 381474.903300000354648 ], [ 263019.3902000002563, 381731.635199999436736 ], [ 263089.375199999660254, 381736.326899999752641 ], [ 264169.000300000421703, 381238.199899999424815 ], [ 264137.688400000333786, 381188.637000000104308 ], [ 263463.514000000432134, 380545.020600000396371 ], [ 263080.699900000356138, 380429.200200000777841 ], [ 262979.231200000271201, 379999.986600000411272 ], [ 262954.39919999986887, 379894.947000000625849 ], [ 262695.003399999812245, 379474.244500000029802 ], [ 262021.202800000086427, 379078.89919999986887 ], [ 261694.10010000038892, 378020.899900000542402 ], [ 261231.335099999792874, 377580.13370000012219 ], [ 261150.497999999672174, 377532.385999999940395 ], [ 261149.159799999557436, 377501.864800000563264 ], [ 261004.099000000394881, 377363.699799999594688 ], [ 260882.500799999572337, 376065.601099999621511 ], [ 260188.000300000421703, 375868.200200000777841 ], [ 260000.033300000242889, 375255.205800000578165 ], [ 259965.502899999730289, 375142.595899999141693 ], [ 258361.302600000053644, 374365.598400000482798 ], [ 257057.997600000351667, 373258.395300000905991 ], [ 256219.499200000427663, 372782.500900000333786 ], [ 256200.357599999755621, 372795.53690000064671 ], [ 255959.598799999803305, 372959.500800000503659 ], [ 255898.299899999983609, 372135.799799999222159 ], [ 256044.522099999710917, 372153.230599999427795 ], [ 255789.583100000396371, 371705.361400000751019 ], [ 255678.499400000087917, 371554.801300000399351 ], [ 255263.097799999639392, 371626.222200000658631 ], [ 255137.308199999853969, 371677.502100000157952 ], [ 255197.201500000432134, 371989.797900000587106 ], [ 254686.396399999968708, 371852.197799999266863 ], [ 254125.599999999627471, 371147.300200000405312 ], [ 253022.318500000052154, 370831.593299999833107 ], [ 252197.699900000356138, 369850.700300000607967 ], [ 251855.100300000049174, 367689.399900000542402 ], [ 250064.100300000049174, 367030.799200000241399 ], [ 247953.662499999627471, 365320.430600000545382 ], [ 247950.52280000038445, 365315.065300000831485 ], [ 247504.053700000047684, 364552.117499999701977 ], [ 247329.677299999631941, 364435.281999999657273 ], [ 245052.800800000317395, 363280.900000000372529 ], [ 244603.296900000423193, 363457.700699999928474 ], [ 245045.200000000186265, 363933.200200000777841 ], [ 244414.400899999774992, 363630.600899999961257 ], [ 243659.410500000230968, 363807.386600000783801 ], [ 243859.699500000104308, 363587.703500000759959 ], [ 243748.400299999862909, 363177.100600000470877 ], [ 243108.611200000159442, 362344.360200000926852 ], [ 243200.100599999539554, 362354.098699999973178 ], [ 243744.299800000153482, 361759.199799999594688 ], [ 244220.073699999600649, 361702.06220000050962 ], [ 244252.131099999882281, 361383.333200000226498 ], [ 242315.597500000149012, 361962.898600000888109 ], [ 240878.399699999950826, 363129.0 ], [ 239999.995099999941885, 363440.513100000098348 ], [ 239665.600999999791384, 363559.100999999791384 ], [ 239074.200199999846518, 363391.599799999967217 ], [ 239156.500199999660254, 363024.699200000613928 ], [ 239107.890100000426173, 362958.560499999672174 ], [ 238619.030799999833107, 362420.353800000622869 ], [ 238563.463700000196695, 362443.30320000089705 ], [ 238889.45380000025034, 363185.949200000613928 ], [ 239071.89919999986887, 363499.59940000064671 ], [ 238335.401399999856949, 365716.604100000113249 ], [ 239262.300099999643862, 366249.199899999424815 ], [ 240000.008899999782443, 366254.261900000274181 ], [ 240530.096499999985099, 366257.89919999986887 ], [ 241043.300999999977648, 367682.10080000013113 ], [ 240665.099899999797344, 368646.399800000712276 ], [ 239999.99930000025779, 368346.720200000330806 ], [ 239954.900299999862909, 368326.399599999189377 ], [ 239553.89879999961704, 367578.300699999555945 ], [ 238944.999800000339746, 367309.799300000071526 ], [ 238836.503200000151992, 366645.698200000450015 ], [ 237700.003999999724329, 365305.401799999177456 ], [ 237552.140700000338256, 365226.284199999645352 ], [ 237233.382500000298023, 365224.373400000855327 ], [ 236722.091500000096858, 364806.158600000664592 ], [ 236832.555100000463426, 365000.183900000527501 ], [ 236895.0, 365092.5 ], [ 236845.794099999591708, 365162.928600000217557 ], [ 236890.10010000038892, 365286.698599999770522 ], [ 236634.806800000369549, 365468.30599999986589 ], [ 236610.370000000111759, 365508.837999999523163 ], [ 236210.765999999828637, 365837.489000000059605 ], [ 236163.206799999810755, 365803.787200000137091 ], [ 236144.498999999836087, 365817.095300000160933 ], [ 236115.877799999900162, 365973.350700000301003 ], [ 236232.626000000163913, 366161.996999999508262 ], [ 236005.839800000190735, 366574.094900000840425 ], [ 235835.399799999780953, 367504.598999999463558 ], [ 235323.241499999538064, 368013.942800000309944 ], [ 235265.599700000137091, 367853.800899999216199 ], [ 234309.299999999813735, 367727.299900000914931 ], [ 234090.473600000143051, 367509.962300000712276 ], [ 233924.054700000211596, 367387.137399999424815 ], [ 233867.39850000012666, 368121.626499999314547 ], [ 233884.900000000372529, 368224.699999999254942 ], [ 233860.33600000012666, 368213.184399999678135 ], [ 233847.499200000427663, 368379.600700000301003 ], [ 233532.017400000244379, 368182.151799999177456 ], [ 233551.962899999693036, 368302.318900000303984 ], [ 233629.799800000153482, 368510.800200000405312 ], [ 233365.677899999544024, 368398.924799999222159 ], [ 232884.746500000357628, 368481.372800000011921 ], [ 232724.917899999767542, 368572.615900000557303 ], [ 232710.396399999968708, 368859.257400000467896 ], [ 232689.200000000186265, 369557.304700000211596 ], [ 233316.299899999983609, 370656.599899999797344 ], [ 232813.699900000356138, 370654.99970000050962 ], [ 233065.899699999950826, 371174.300899999216199 ], [ 232786.25690000038594, 371767.205000000074506 ], [ 232756.496199999935925, 371830.304099999368191 ], [ 232464.151600000448525, 372152.039300000295043 ], [ 232119.900000000372529, 372530.899800000712276 ], [ 231708.697399999946356, 372382.096100000664592 ], [ 231618.9989, 372896.699799999594688 ], [ 231661.798000000417233, 373479.071299999952316 ], [ 231671.240799999795854, 373607.560499999672174 ], [ 229902.500799999572337, 375153.401499999687076 ], [ 229597.697900000028312, 375563.395500000566244 ], [ 230094.699000000022352, 376074.500199999660254 ], [ 229322.197399999946356, 376637.698000000789762 ], [ 229731.200699999928474, 377326.000700000673532 ], [ 229978.700000000186265, 377201.399299999698997 ], [ 229719.499699999578297, 377597.199899999424815 ], [ 229328.199799999594688, 377235.096999999135733 ], [ 229269.521200000308454, 377305.915100000798702 ], [ 228943.996500000357628, 377687.097599999979138 ], [ 228998.39740000013262, 378250.296399999409914 ], [ 228046.60010000038892, 378409.199699999764562 ], [ 227932.599999999627471, 379073.199999999254942 ], [ 227608.799499999731779, 378846.7956000007689 ], [ 227527.899000000208616, 379170.203099999576807 ], [ 227913.396800000220537, 379134.303300000727177 ], [ 228366.495900000445545, 379662.702099999412894 ], [ 227949.627899999730289, 379999.987900000065565 ], [ 227871.998399999924004, 380062.79759999923408 ], [ 227897.426199999637902, 380113.887499999254942 ], [ 227882.721499999985099, 380136.851500000804663 ], [ 227918.021399999968708, 380147.883199999108911 ], [ 228197.98450000025332, 379999.995300000533462 ], [ 228462.899699999950826, 379859.999900000169873 ], [ 228617.44649999961257, 380000.01630000025034 ], [ 229427.599999999627471, 380733.99970000050962 ] ] ], [ [ [ 265391.163200000301003, 382386.043800000101328 ], [ 265290.315100000239909, 382262.471400000154972 ], [ 264738.699699999764562, 381765.700300000607967 ], [ 264814.239900000393391, 381983.52280000038445 ], [ 264888.224299999885261, 382171.468100000172853 ], [ 265281.217400000430644, 382347.450799999758601 ], [ 265391.163200000301003, 382386.043800000101328 ] ] ], [ [ [ 322294.449099999852479, 164598.349799999967217 ], [ 321786.798000000417233, 164813.901799999177456 ], [ 321997.636300000362098, 165115.18129999935627 ], [ 322048.794900000095367, 165127.68779999949038 ], [ 322294.449099999852479, 164598.349799999967217 ] ] ] ] } }
]
}
